0.280	19.265	speaker#A	안녕하세요. 단희쌤입니다. 여러분들, 서울에 사시는 분들 평균 나이가 얼마나 될 거 같아요? (30살)/(삼십 살)? (40살)/(사십 살)? 아닙니다. 아/ 거의 (50살)/(오십 살), (49.5세)/(사십 구 점 오 세)라고 해요. 또 우리나라 (65세)/(육십 오 세) 이 이 이상의 인구? 어/ (UN)/(유엔)이 공식으로 인정한 이제 노인 인구라고 하죠. 우리나라 얼마나 될 거 같습니까?
19.465	35.472	speaker#A	어/ n/ 거의 (8000000명)/(팔백만 명)이 넘는다고 합니다. 점점 이제 증가하고 있는 추세 추센데. 문제는 이제 뭐냐 하면요. 나이가 들게 되면 이게 노후의 삶이에요. 돈이 필요하죠. 또 내 거주지가 필요하고 돌봄도 필요하고. 근데 만약에 n/ 내가 좀 젊었으면 상관없지만 나이가 (70)/(칠십)이 되고 (80)/(팔십)이 되고
35.595	41.159	speaker#A	또 자식들도 나를 돌봐주지 않는다고 하면 어떻게 살아갈까요? 어허허 이게 그냥
41.569	57.130	speaker#A	뭐/ 어떻게 되겠지.라고 하지만 제가 만난 어르신들을 만나 n/ 뵈면 내가 이렇게 살 지는 꿈에도 생각하지 못했다고 말씀을 하십니다. 근데 n/ 그분들은 선택지가 아직 많이 있어요. 내가 더 n/ 행복한 삶, 더 풍요로운 삶?
57.945	73.795	speaker#A	좀 더 내 존엄한 삶을 살아갈 수 있는 n/ 방법들이 많이 있는데 이걸 모르고 살아가시는 n/ 분들이 너무 많아서, n/ 너무 안타깝습니다. 해서 여러분들이 지금 좀만 이 방법을 알면 여러분들도 지금보다 훨씬 더 윤택하게 살아갈 수 있거든요. (그래서)/(그서) 여러분들이 가진
73.830	81.630	speaker#A	그/ 금액에 따라서 찾아갈 수 있는 방법이 있다고 합니다. 심지어는요, 월 (100000원)/(십만 원)만 가져도 부부가 평생 살 수 있어요. 돈 걱정 없이.
81.711	100.199	speaker#A	놀랍죠? n/ (그래서)/(그서) 오늘 이거에 대해서 정보를 주실 두 분을 모셨어요. 어/ 이분 통해서 어/ 지금 여러분들이 돈이 좀 많으면 많으신 대로, 또 없으면 없이 없으신 대로 노후의 삶에 대해서 어떻게 살아가야 될지 말씀 나눠 보고 보겠습니다. 지금, 현재 공빠 n/ (TV)/(티비)를 운영하고 계시는데요. 어/ n/ 두 분 모셨습니다. 안녕하세요? 네/
100.188	101.097	speaker#B	 /os2 안녕하세요? /oe 
100.518	102.595	speaker#A	 /os2 네 /oe /os1 본인 소개 좀 /oe 부탁 드리겠습니다.
101.122	101.757	speaker#C	 /os1 안녕하세요. /oe 
102.595	105.813	speaker#B	공빠 (TV)/(티비), 공빠 n/ /os2 문성택입니다. /oe 
105.275	105.550	speaker#A	 /os2 n/ /oe 
105.813	107.277	speaker#C	네, 공마의 유영란입니다.
107.277	111.802	speaker#A	음/ 네, 반갑습니다. n/ 지금 그/ n/ 하시는 일이 뭔가 여쭤봐도 될까요? n/ 
112.119	115.009	speaker#B	저는 n/ 주중에는 한의원에서
115.009	115.329	speaker#A	[음.(BC/continuer)]
115.549	119.219	speaker#B	주로 인제 어르신들이 많이 오시는데 환자분들 진료하고 있고요.
119.367	120.291	speaker#A	한의사시군요?
120.291	121.092	speaker#B	네. 그렇습니다.
121.098	121.318	speaker#A	[네.(BC/continuer)]
121.777	130.095	speaker#B	주말에는 저희 그/ 실버타운에 관심이 /os2 많아가지고 /oe 실버타운, 실버 하우스의 영상들을 유튜브로 만들고 있고요.
124.877	125.367	speaker#A	 /os2 [음/(BC/understanding)] /oe 
130.095	130.386	speaker#A	[네.(BC/continuer)]
130.386	131.746	speaker#B	취재 다니고 n/ 있습니다.
131.746	132.441	speaker#A	[음.(BC/continuer)]
132.785	134.684	speaker#C	네, 저는 주중에는
134.684	134.934	speaker#A	[네.(BC/continuer)]
135.143	135.906	speaker#C	쉬고 있고요.
135.906	137.328	speaker#A	 /os1 네. 하하 하하. /oe 
135.906	142.313	speaker#C	 /os1 n/ /oe 주말엔 함께 /os1 에/ /oe 유튜브 제작도 하고 /os1 또 /oe 편집도 하고 /os1 그렇게 /oe 하고 있습니다.
138.563	138.698	speaker#A	 /os1 [음.(BC/continuer)] /oe 
140.123	140.288	speaker#A	 /os1 [음.(BC/continuer)] /oe 
141.493	141.708	speaker#A	 /os1 [네.(BC/continuer)] /oe 
142.746	155.632	speaker#A	지금 저 두 분이 어 n/ 얼마나 엄청난 일을 n/ 하셨냐면, 몇 년 전만 해도 우리나라 이런 실버타운들이 빈 곳이 많았어요. 근데 이 두 분 때문에 지금은 n/ 실버타운 들어가려면 몇 개월씩 대기를 해야 들어갈 수 있을 n/ 정도로
155.884	173.195	speaker#A	실버타운에 대해서 지금 유튜브 공빠 (TV)/(티비)를 n/ 통해서 어/ 정보를 공유하고 있는데요. 보시면 굉장히 도움 되는 내용들이 많이 있습니다. 오늘 그래서 아주 핵심 되는 내용들만 지금 질문을 드릴 건데요. 그전에 지금 두 분도 (60세)/(육십 세) 정도가 n/ 되면 이제 실버타운으로 들어갈 예정이라고 하셨는데
173.195	173.526	speaker#C	[네.(BC/continuer)]
173.526	191.802	speaker#A	보통 우리가 이제 실버타운 하면 대부분의 분들이 부정적으로 생각하거든요? 그런 데 들어가서 뭐 해? 또 그런 데 들어가면 또 뭔가 좀 이렇게 안 좋은 일 당하는 거 아냐? 또 (60)/(육십)에 들어가긴 너무 젊지 않아? 양 양로원이란 느낌이 드는데 어떻게 젊은 나이에 (60대)/(육십 대)에 실버타운을 들어가실 생각 하셨어요?
192.126	198.815	speaker#C	처음에 공빠님이 /os1 책을 /oe 보시고 리스트를 쫙 적어오셨어요. /os1 그래서 /oe 전국에 이렇게 실버타운이 있는데 오늘부 내일부터
193.126	193.421	speaker#A	 /os1 [네.(BC/continuer)] /oe 
195.716	196.066	speaker#A	 /os1 [으음.(BC/continuer)] /oe 
198.815	202.660	speaker#C	다 다녀보자. 그래서 제가 깜짝 놀랐죠. /os2 성격을 아니까. /oe 
201.820	202.120	speaker#A	 /os2 [음.(BC/continuer)] /oe 
202.660	202.925	speaker#A	[네.(BC/continuer)]
202.925	208.154	speaker#C	이제 그러면 다 다니기 시작하는 /os2 거예요. /oe 뭐에 빠지면 이제 공부를 굉장히 열심히 하는 /os2 스타일이거든요 /oe 
204.565	204.850	speaker#A	 /os2 [음.(BC/continuer)] /oe 
207.455	207.745	speaker#B	 /os2 [음.(BC/continuer)] /oe 
208.154	208.769	speaker#A	그러실 거 같아요.
209.072	220.292	speaker#C	그래서 처음에는 아, 관심이 없는 척했어요, /os2 안다닐려고. /oe 그랬는데 이제 같이 또 이렇게 한 (2군데)/(두 군데), (3군데)/(세 군데) 정도 /os2 다녀보고는 /oe 그다음에 제가 더 /os2 빠졌어요. /oe 그래서
211.987	212.272	speaker#A	 /os2 [음.(BC/continuer)] /oe 
217.472	217.617	speaker#A	 /os2 [네.(BC/continuer)] /oe 
219.202	219.832	speaker#A	 /os2 [어/(BC/assessment)] /oe 
220.738	229.063	speaker#C	정말 열심히 실버타운을 /os2 다니면서 /oe 상담도 하고, 공부하고 이렇게 해 /os2 했는데 /oe 지금은 에/ (60살)/(육십 살)이 되기만 /os1 기다리고 /oe 있습니다.
222.633	222.758	speaker#A	 /os2 [어.(BC/continuer)] /oe 
224.978	225.183	speaker#A	 /os2 [예.(BC/continuer)] /oe 
228.368	228.538	speaker#A	 /os1 [네.(BC/continuer)] /oe 
229.128	229.368	speaker#A	그래요?
229.626	229.721	speaker#C	네.
229.839	230.218	speaker#A	[어/(BC/understanding)]
230.219	233.195	speaker#B	(60)/(육십)이 되면은 바로 갈려고 하는 이유가
233.195	233.703	speaker#A	[네.(BC/continuer)]
233.703	238.050	speaker#B	많은 분들이 실버타운 오래 오해하시는 부분이 있습니다.
238.050	238.400	speaker#A	[네.(BC/continuer)]
238.767	240.832	speaker#B	음, 실버타운은 내 집이거든요.
240.845	241.328	speaker#A	[음.(BC/continuer)]
241.328	244.850	speaker#B	그래서 저는 (60)/(육십)이 되더라도 직장 생활은 계속할 거고요.
244.830	245.065	speaker#A	[음.(BC/continuer)]
245.507	257.519	speaker#B	그런데 노후 주거지로써 저희가 공부를 해보니까 실버타운이 건강적인 면에 /os2 있어서는 /oe 여러 가지 생활 편의 /os1 이런 /oe 서비스를 충분히 받으면서 생활할 수 있다는 거
251.552	252.032	speaker#A	 /os2 [음.(BC/continuer)] /oe 
253.647	253.937	speaker#A	 /os2 [네.(BC/continuer)] /oe 
257.520	258.055	speaker#A	[음.(BC/continuer)]
258.053	270.273	speaker#B	그러면은 좀 더 일찍 들어갈 경우에 내 건강을 또 /os2 유지하면서 /oe 노후에도 건강하게 살 수 있다는 /os2 점이죠. /oe /os1 그래서 /oe 이러한 장점들이 많아서 저희는 /os1 실버타운에 /oe 일찍 들어가려고 합니다.
261.904	262.144	speaker#A	 /os1 [음.(BC/continuer)] /oe 
264.733	264.973	speaker#A	 /os2 [네.(BC/continuer)] /oe 
265.343	265.773	speaker#A	 /os1 [아/(BC/assessment)] /oe 
268.338	268.698	speaker#A	 /os1 [음.(BC/continuer)] /oe 
270.613	278.013	speaker#A	그/ 두 분도 예전에 실버타운에 대해서는 약간 부정적이지 않았나요? 왜냐면 유튜브 인스타에 검색해 /os2 보시면 /oe 
277.563	277.918	speaker#C	 /os2 [네.(BC/continuer)] /oe 
278.170	280.790	speaker#A	아시지만 굉장히 부정적인 기사만 잔뜩 /os2 있거든요. /oe 
280.410	280.775	speaker#C	 /os2 [네.(BC/continuer)] /oe 
280.790	281.173	speaker#B	[그렇죠.(BC/affirmative)]
281.173	285.252	speaker#A	어/ 근데 어떻게 인식이 n/ 바뀌셨어요? 가서 뭔가 좀 좋은 모습을 /os2 보셨나봐요? /oe 
284.948	297.104	speaker#C	 /os2 그죠. /oe 네, 실제로 인제 저희 저희는 이제서 생각을 했는데 /os1 그것도 /oe 많이 다녀보고 나서야 생각을 했는데 /os1 어/ /oe 실제 가보니까 많은 분들이 /os1 벌써 /oe (20년)/(이십 년) 전에 실버타운에 들어가셔서
289.173	289.298	speaker#A	 /os1 [네.(BC/continuer)] /oe 
291.588	291.743	speaker#A	 /os1 [네.(BC/continuer)] /oe 
294.218	294.453	speaker#A	 /os1 [음.(BC/continuer)] /oe 
297.420	308.595	speaker#C	지금 (70대)/(칠십 대) 초반, /os2 (60대)/(육십 대) /oe 말에 /os2 들어가셔서 /oe 지금 (90대)/(구십 대)가 넘으셨는데도 골프도 n/ 치시고 뭐/ 책도 쓰시고 /os2 이러면서 /oe 정말 건강하게 사시는 분들을 많이 만나게 됐어요.
299.020	299.230	speaker#A	 /os2 [네.(BC/continuer)] /oe 
300.240	300.580	speaker#A	 /os2 [음.(BC/continuer)] /oe 
305.065	305.635	speaker#A	 /os2 [음/(BC/understanding)] /oe 
308.859	310.634	speaker#A	그분들 다 자식들이 있으실 거 /os2 아니예요. /oe 
310.580	311.385	speaker#C	 /os2 [그렇죠. 예/(BC/affirmative)] /oe 
311.395	315.140	speaker#A	어/ 근데 그분들도 그런 데 들어오신 이유는 n/ 대체로 어떤 이유가 많으신 거 같아요?
315.414	330.239	speaker#C	 n/ 그니까 이제 n/ 미리 생각을 하고 /os1 어떤 /oe 정보를 믿고 (이렇게)/(이르케) 이제 용기를 내셨던 분들인 거 /os2 같고요. /oe 이제 어떤 분은 그 당시에도 이제 들어가겠다고 /os1 하고 /oe 자식이 와서 울고 갔대요. /os1 왜 엄마 같은 /oe 사람이 여길 들어와야 /os2 되냐 /oe 
318.109	318.224	speaker#A	 /os1 [네.(BC/continuer)] /oe 
321.809	322.099	speaker#A	 /os2 [네.(BC/continuer)] /oe 
325.264	325.774	speaker#A	 /os1 [음.(BC/continuer)] /oe 
327.699	328.394	speaker#A	 /os1 [아/(BC/assessment)] /oe 
329.874	330.239	speaker#A	 /os2 그러게요. /oe 
330.247	341.471	speaker#C	아, 이런식으로. 근데 이제 본인은 아/ 나는 너희들한테 도움받지 않고 내가 독자적으로 제(2의)/(이 의) 인생을 행복하게 /os1 살겠다. /oe 이렇게 생각하시고 들어오셨다는데 사실은 지금 이제 (90세)/(구십 세) 넘으셔서
336.906	337.336	speaker#A	 /os1 [음.(BC/continuer)] /oe 
341.890	349.371	speaker#C	이렇게 도서관에 가보면 /os1 돋보기로 /oe 이렇게 책을 보고 /os2 계시고 /oe 또 수영에서 수영은 못 하지만 수영장에서 이렇게 /os1 걸으면서 /oe 건강을 /os1 돌보시고 /oe 
343.200	343.400	speaker#A	 /os1 [어.(BC/continuer)] /oe 
344.425	344.945	speaker#A	 /os2 [네.(BC/continuer)] /oe 
347.670	348.015	speaker#A	 /os1 [음.(BC/continuer)] /oe 
348.565	348.705	speaker#A	 /os1 [음.(BC/continuer)] /oe 
349.765	354.359	speaker#C	또 뭐/ 아주 굉장히 건강하고 행복하게 그렇게 사시는 분들이 /os2 많거든요. /oe 
354.010	354.360	speaker#A	 /os2 [그래요.(BC/affirmative)] /oe 
355.062	368.297	speaker#A	보통 이제 뭐/ 나이가 들게 되면 내 집 그담에 이제 생활비 근데 나이들어서 우리가 좀 고민하는게 n/ 일단 경제적인 부분, 그담에 인제 건강 그다음에 외롭잖아요. /os2 어르신들이? /oe 
368.058	368.548	speaker#C	 /os2 그쵸, 예. /oe 
368.571	385.024	speaker#A	어/ 특히 이제 n/ 남성분들의 (60세)/(육십 세) 이상 그/ 외로움 고독사가 정말 날로 증가하고 있는데 그런 부분이 이제 문제인 거 같아요. 그런데 어때요? 이제 지금 대한민국에 있는 이런 이제 실버타운 음, 뭐/ 여러 가지 종류가 있는데 두루두루 다 돌아다녀 보셨잖아요? 간접적으로 체임 체험도 하시고
385.023	385.343	speaker#C	[네.(BC/continuer)]
385.342	391.295	speaker#A	거기에 살고 계신 분들도 실제로 다 보시고 인터뷰를 /os1 해 보셨잖아요? /oe 어/ 지금 그냥 좋다,라고 했는데
388.462	388.717	speaker#C	 /os1 [네.(BC/continuer)] /oe 
391.445	397.415	speaker#A	좀만 이/ 우리 시청자분들이 체감할 수 있도록 어떤 /os2 부분이 /oe 좋았는지 좀, 좀 더 풀어서 n/ 설명을 /os1 좀 부탁드릴게요. /oe 
394.155	394.210	speaker#B	 /os2 [네.(BC/continuer)] /oe 
396.350	396.930	speaker#C	 /os1 [음.(BC/continuer)] /oe 
397.448	398.718	speaker#B	구체적으로 제가
398.718	398.950	speaker#A	[네.(BC/continuer)]
398.950	401.165	speaker#B	(4가지)/(네 가지)로 장점을 /os2 설명드리면요. /oe 
400.285	400.565	speaker#A	 /os2 [음.(BC/continuer)] /oe 
401.165	401.365	speaker#A	[네.(BC/continuer)]
401.549	406.398	speaker#B	(1번째)/(첫 번째)는 건강 식사를 /os1 전문가가 /oe 준비해주고
404.107	405.002	speaker#C	 /os1 [아/(BC/assessment)] /oe 
406.398	408.467	speaker#A	어/ 그냥 /os1 먹 /oe 먹는 거 아무거나 먹는 게 아니라?
406.859	407.084	speaker#B	 /os1 [어.(BC/continuer)] /oe 
408.467	410.471	speaker#A	 /os1 집에서였으면 /oe 아무거나 먹게 /os2 되잖아요? /oe 
408.522	408.787	speaker#B	 /os1 [그렇죠.(BC/affirmative)] /oe 
409.837	410.302	speaker#B	 /os2 [그렇죠.(BC/affirmative)] /oe 
409.837	410.302	speaker#C	 /os2 [그렇죠.(BC/affirmative)] /oe 
410.471	417.260	speaker#A	근데 거긴 이제 내 상황에 맞게, 내 체질에 맞게, 나이에 맞게 건강식으로 준비를 해준다는 /os2 거죠? /oe 삼시 (3끼)/(세 끼)를요?
415.901	416.251	speaker#B	 /os2 [네네.(BC/continuer)] /oe 
417.286	417.676	speaker#B	그럼요.
417.686	418.781	speaker#A	[아/ 그래요? 어.(BC/request confirmation)]
419.049	421.834	speaker#B	제가 환자분들을 진료하면서 느끼는 게
421.834	422.079	speaker#A	[네.(BC/continuer)]
422.154	423.936	speaker#B	노후에는 혼자 되기가 쉽고요.
423.936	424.562	speaker#A	[그쵸. 네.(BC/affirmative)]
424.562	427.252	speaker#A	혼자 되면은 식사가 /os2 부실해집니다. /oe 
427.071	427.431	speaker#B	 /os2 [음.(BC/continuer)] /oe 
427.428	427.977	speaker#A	[맞아요.(BC/affirmative)]
427.977	431.587	speaker#B	그러면서 몸이 약한데 더 약해지기가 n/ 쉽거든요?
431.587	441.742	speaker#A	한의사님이니까 더 잘 아실 거 같아요. n/ 우리가 먹는 게 이/ 건강에 굉장히 중요한 거죠? n/ 근데 이제 혼자 드시 사시다 보면 특히 남성분들은 이/ 먹는 게 정말 부실해질 수밖에 없어요 그럴것 /os2 같아요. /oe 
441.752	441.857	speaker#C	[그쵸.(BC/affirmative)]
441.856	448.102	speaker#A	그래서 인제 그것 땜에 몸도 안 좋아지시고. 근데 거기서는 n/ 각 개인에 맞게 아주 건강식을 만들어 준다는 거죠? 삼시 (3끼)/(세 끼)를?
448.102	449.009	speaker#B	네. 그렇습니다.
449.029	452.070	speaker#A	어/ 그것만으로도 충분히 이유가 되네요. 또 어떤 장점이 있나요?
452.294	458.234	speaker#B	(2번째)/(두 번째)는 실버타운의 좋은 시설과 프로그램을 /os1 일찍 /oe 활용할 수 있다는 /os2 점입니다. /oe 
456.194	456.544	speaker#A	 /os1 [음.(BC/continuer)] /oe 
457.789	458.204	speaker#A	 /os2 [음.(BC/continuer)] /oe 
458.234	459.220	speaker#A	그건 어떤 뜻이죠? 네/
459.665	470.769	speaker#B	음/ 실버타운에는 기본적으로 어르신들을 위한 여러 가지 건강 관련 시설, 여가 취미 관련 시설들이 /os2 있습니다. /oe 그리고 시설만 있어 봐야 소용이 n/ 없고요.
468.235	468.920	speaker#A	 /os2 [아/(BC/assessment)] /oe 
470.770	471.085	speaker#A	[네.(BC/continuer)]
471.084	476.144	speaker#B	고걸로 이제 시 프로그램을 통해서 /os1 어르신들이 /oe 직접 할 수 있도록 해야 되는데
473.400	473.870	speaker#A	 /os1 [음.(BC/continuer)] /oe 
476.144	476.374	speaker#A	[네.(BC/continuer)]
476.640	480.726	speaker#B	거의 실버타운의 직원들이 그걸 도와주는 /os1 역할을 하거든요. /oe 
479.591	480.226	speaker#A	 /os1 [음.(BC/continuer)] /oe 
480.767	481.105	speaker#A	 /os1 그래요? /oe 
480.985	482.803	speaker#B	예를 들면은 수영장
482.778	483.230	speaker#A	[네.(BC/continuer)]
483.230	491.334	speaker#B	그다음 /os2 피트니스 /oe 그다음 /os2 물리치료실 /oe 이/ 건강을 위해서 이런 것들. 그다음 운동 시설들 탁구장, 당구장, /os1 골프 연습실. /oe 
484.090	484.615	speaker#A	 /os2 [음.(BC/continuer)] /oe 
485.615	485.990	speaker#A	 /os2 [음.(BC/continuer)] /oe 
490.215	490.630	speaker#A	 /os2 [음/(BC/understanding)] /oe 
491.663	495.448	speaker#B	이런 것들이 거의 대부분 실버타운들이 기본적으로 갖추고 있고요.
495.558	500.980	speaker#A	그니까 본인들에 대한 취미 생활 하시고 /os1 취미 /oe 생활 하시면서 거기서 또 친구분들도
498.063	498.323	speaker#B	 /os1 [네.(BC/continuer)] /oe 
501.006	501.368	speaker#B	[그렇죠.(BC/affirmative)]
501.368	503.733	speaker#A	그/ 결이 /os1 맞는 /oe 친구분도 만나실 수가 있겠네요.
501.803	502.073	speaker#B	 /os1 [음.(BC/continuer)] /oe 
504.014	506.859	speaker#B	그래서 동호회 활동이 아주 활발하게 /os1 이루어지고 /oe 있습니다.
505.744	506.274	speaker#A	 /os1 [음/(BC/understanding)] /oe 
506.859	516.221	speaker#A	그래요. 그니까 노년에 가장 중요한 건 취미 생활과 외롭지 않는, 나하고 결이 맞는 또 친구를 만나는 것도 굉장히 큰 의미가 있는 /os1 거 /oe 같아요. 그 안에서 요런 것들이 해결이 가능하나 봐요?
514.479	514.639	speaker#B	 /os1 [네.(BC/continuer)] /oe 
516.221	518.686	speaker#B	 /os1 그렇습니다. /oe 그리고 세 (3번째)/(세 번째)는
516.451	516.961	speaker#A	 /os1 [어.(BC/continuer)] /oe 
518.716	519.119	speaker#A	[음.(BC/continuer)]
519.119	523.689	speaker#B	이제 노후에 미니멀 라이프의 삶을 /os2 실천할 /oe 수 있다는 점 /os2 입니다. /oe 
522.149	522.279	speaker#A	 /os2 [네.(BC/continuer)] /oe 
523.348	524.058	speaker#A	 /os2 미니멀 /oe 라이프요
524.089	524.434	speaker#B	 /os1 [네.(BC/continuer)] /oe 
524.229	524.968	speaker#A	 /os1 어/ /oe 그건 뭐 뭐죠?
525.351	536.536	speaker#B	저흰 그/ 나이 들수록 좀 짐을 줄여야 된다고 /os2 생각하거든요. /oe 그래서 실제적인 집 안의 짐도 줄여야지만, 우리가 살면서 생긴 관계에 있어서 오는 짐,
529.736	530.231	speaker#A	 /os2 [음.(BC/continuer)] /oe 
536.525	537.023	speaker#A	[음/(BC/understanding)]
537.023	538.403	speaker#B	내 마음속에 있는 짐.
538.403	538.553	speaker#A	[네.(BC/continuer)]
538.552	543.507	speaker#B	이런 것들을 n/ 내려놓고 살아야 되는데 그냥 평소에 살던 /os2 집에서만 /oe 계속 살면
541.832	541.992	speaker#A	 /os2 [음.(BC/continuer)] /oe 
543.507	545.377	speaker#B	그런 기회가 주어지지 /os2 않거든요. /oe 
544.908	545.238	speaker#A	 /os2 [그렇죠.(BC/affirmative)] /oe 
545.752	552.912	speaker#B	근데 실버타운 입주를 /os2 통해서 /oe 내가 가지고 있던 그런 짐들도 한번 정리를 해보고 관계에서 오는 여러 가지
547.387	547.962	speaker#A	 /os2 [음/(BC/understanding)] /oe 
552.911	553.021	speaker#A	[네.(BC/continuer)]
553.020	561.033	speaker#B	부담들, 이런 것들도 한번 정리해서 노후에 간소화된 삶을 /os2 살 수 있다는 /oe n/ 점도 장점으로 들 수 /os2 있겠습니다. /oe 
558.143	558.428	speaker#A	 /os2 [음.(BC/continuer)] /oe 
560.664	570.255	speaker#A	 /os2 이건 /oe 제가 아시는 분도 실버타운에 들어가 계신데 그분은 어/ 아드님하고 n/ 사시는데 며느리하고 그/ 고부 갈등이 인제 심했어요.
570.255	570.670	speaker#B	[음.(BC/continuer)]
570.669	576.971	speaker#A	제가 객관적으로 보기에는 어/ 며느리님도 잘했는데 서로 불편한 거죠. /os2 서로 /oe /os2 눈치보고 /oe 
576.151	576.276	speaker#C	 /os2 [그렇죠.(BC/affirmative)] /oe 
576.681	576.926	speaker#C	 /os2 [음.(BC/continuer)] /oe 
576.963	593.298	speaker#A	서로 불편한 존재가 됐는데 그래서 이제 용기를 내서 실버타운에 들어왔는데. 이제 세상 편한 n/ 거죠. 그니깐 누구 눈치 볼 필요 없고 그냥 내 살고 n/ 싶은 대로 살아가는 거죠. 그것만으로도 이 실버타운은 그분께서는 살을 이유가 충분하다고 말씀하시더라고요. 또 마지막으로 또 어떤 이유가 있으실까요?
593.572	599.832	speaker#B	마지막으로는 우리 많은 분들이 관심을 가질 제테크 투자 측면에 있어서
599.831	600.136	speaker#A	[음.(BC/continuer)]
600.136	600.937	speaker#B	도움이 됩니다.
600.937	603.207	speaker#A	어? 이게 투자에 연결이 돼? 어떻게 가능하죠?
603.458	608.807	speaker#B	제가 공부를 해 본 결과, /os1 우리 /oe 어르신들은 주로 집에 대한 애착이 /os2 많아서 /oe 
605.158	605.293	speaker#A	 /os1 [네.(BC/continuer)] /oe 
608.253	608.783	speaker#A	 /os2 [음/(BC/understanding)] /oe 
609.184	612.519	speaker#B	(60대)/(육십 대) 이상 가구의 거의 (77.7%)/(칠십 칠 점 칠 프로)가
612.518	612.813	speaker#A	[네.(BC/continuer)]
612.813	614.479	speaker#B	자기 집을 소유하고 /os2 계시더라고요. /oe 
614.199	614.929	speaker#A	 /os2 [맞아요. 네(BC/affirmative)] /oe 
615.111	617.254	speaker#B	에/ 요즘 또 집값이 많이 올라 가지고
617.254	617.684	speaker#A	[음.(BC/continuer)]
617.654	621.504	speaker#B	서울의 경우에 아파트 평균 가격이 거의 (1200000000)/(십 이억) 정도
621.504	621.934	speaker#A	[그렇죠.(BC/affirmative)]
621.948	622.598	speaker#A	 /os1 엄청 올랐습니다. /oe 
621.959	631.934	speaker#B	 /os1 되더라고요. /oe /os1 그런데 /oe 노후의 자산이 전부 집에 묶여 있다는 게 /os1 저는 좀 /oe /os2 의문점이고요. /oe 그래서 그 집을 뭐/ 정리를 하고 어느 정도
623.123	623.393	speaker#A	 /os1 [네.(BC/continuer)] /oe 
626.684	627.284	speaker#A	 /os1 [음/(BC/understanding)] /oe 
627.854	628.494	speaker#A	 /os2 [음/(BC/understanding)] /oe 
631.935	632.448	speaker#A	[네.(BC/continuer)]
632.447	643.236	speaker#B	실버타운의 보증금은 평균 그런 아파트 가격보다는 n/ 훨씬 /os2 저렴하거든요. /oe 그래서 노후에 집을 내가 가지고 있다가 자녀에게 /os1 물려주려고 /oe 할 것이 아니라
637.092	637.612	speaker#A	 /os2 [네네.(BC/continuer)] /oe 
641.862	642.287	speaker#A	 /os1 [음.(BC/continuer)] /oe 
643.318	643.799	speaker#A	[음.(BC/continuer)]
643.799	645.989	speaker#B	그 집을 활용을 해서
645.989	646.264	speaker#A	[네.(BC/continuer)]
646.442	653.049	speaker#B	일정 부분은 이/ 실버타운에 들어가셔서 보증금으로 /os1 활용하시고 /oe 나머지 부분은 또 투자할 수 있거든요.
649.712	650.652	speaker#A	 /os1 [아/(BC/assessment)] /oe 
653.044	653.489	speaker#A	[음.(BC/continuer)]
653.627	657.549	speaker#B	그래서 투자적인 측면에서도 장점으로 들 수 있 /os2 있겠습니다. /oe 
657.267	657.512	speaker#A	 /os2 [아/(BC/assessment)] /oe 
657.549	674.945	speaker#A	그렇군요. 어/ 이제 제가 그니까 상담오시는 분을 보면 서울에 아까 말씀하듯이 평균 가격이 이제 (1200000000)/(십 이억)이 넘다 보니 근데 그게 (1200000000)/(십 이억) 정도 재산이면 얼마나 큰 재산이에요. 그런데 n/ 은퇴 후에 생활비를 벌기 위해서 노동을 하면서 n/ 사세요. 막노동도 나가시고 대리운전도 하시고 (60)/(육십) 넘으셔서
675.314	683.109	speaker#A	집은 (1200000000)/(십 이억) 짜리 사는데. 근데 에/ 이런 이제 선택지가 있다는 거야, /os1 이거. /oe 집을 팔고 /os1 여기 /oe 들어가면 아주 편안하게 /os1 노동하지 /oe 않고
679.294	679.399	speaker#B	 /os1 [네.(BC/continuer)] /oe 
680.084	680.269	speaker#B	 /os1 [네.(BC/continuer)] /oe 
681.879	682.169	speaker#B	 /os1 [네.(BC/continuer)] /oe 
683.312	697.914	speaker#A	내 에/ 삶을 즐기면서 살 수가 있다는 거죠. 근데 아직도 이런 정보들을 잘 모르고 있어서 어/ 막연하게 저긴 안 좋은 곳이야. 또 n/ 부정적인 거, n/ 노인들만 사는 거, n/ 들어가서 죽는 곳 n/ 이렇게 이제 생각한 게 아직도 지배적이고
698.234	716.052	speaker#A	또 요즘 이제 (TV)/(티비) 보면 이렇게 뭐/ 요양원 이런 데서 뭐/ 폭력 사건도 있고 감금 사건도 있고 뭐/ 여러 가지 나오잖아요. 그러니까 어르신들은 어/ 그런 데 들어가면 나도 막 저렇게 괴롭힘당하는 거 n/ 아냐? n/ 이런 이제 고민들을 하시는 거 같은데 그런 경우도 물론 있겠지만 이제 정상적인 곳은 그렇진 않겠죠?
716.052	725.315	speaker#B	그럼요. 저희도 유튜브 시작할 때 오해를 많이 /os2 받았고요 /oe . 왜 그런 곳들을 이야기를 하냐, 뭐/ 고려장을 시키려고 하느냐?
720.312	720.787	speaker#A	 /os2 [음.(BC/continuer)] /oe 
725.315	725.960	speaker#A	 /os1 [그러게요.(BC/affirmative)] /oe 
725.340	725.925	speaker#C	 /os1 n/ /oe 
726.000	734.364	speaker#B	이런 댓글들도 /os2 달리는데. /oe 기본적으로 실버타운과 요양원을 구분을 못 하셔서 생기는 오해가 /os2 많으신 거 같고요. /oe 
727.545	727.905	speaker#A	 /os2 [음.(BC/continuer)] /oe 
733.515	734.290	speaker#A	 /os2 [음/(BC/understanding)] /oe 
734.822	746.479	speaker#B	요양원은 보통 돌봄이 필요하신 /os2 어르신들이거든요? /oe 고령이 되다 /os2 보면은 /oe 몸이 이제 약해지고 특히 이제 중풍이나 치매 이러기 이런 노후 질환들이 많이 생기는데
738.128	738.258	speaker#A	 /os2 [네.(BC/continuer)] /oe 
739.887	740.017	speaker#A	 /os2 [네.(BC/continuer)] /oe 
746.479	746.784	speaker#A	[네.(BC/continuer)]
747.049	748.549	speaker#B	그런 경우에 혼자서
748.549	748.749	speaker#A	[음.(BC/continuer)]
748.749	751.234	speaker#B	생활하시기에 힘들 힘들어지고
751.234	751.729	speaker#A	[네.(BC/continuer)]
751.804	755.619	speaker#B	요양원은 그런 분들을 n/ /os2 위해서 /oe 돌봄을 하는 /os2 곳이거든요. /oe 
753.704	754.094	speaker#A	 /os2 [음.(BC/continuer)] /oe 
755.129	755.529	speaker#A	 /os2 [그렇군요.(BC/affirmative)] /oe 
755.625	761.735	speaker#B	 /os1 그래서 /oe 의식주를 다 /os1 돌봐주는 /oe 그런 곳인데 실버타운은 건강하신 어르신들이
755.645	755.875	speaker#A	 /os1 [어.(BC/continuer)] /oe 
757.880	758.495	speaker#A	 /os1 [음.(BC/continuer)] /oe 
761.734	762.144	speaker#A	[음.(BC/continuer)]
762.268	765.533	speaker#B	건강을 더 건강하게 하기 하기 /os1 위해서 /oe 들어가는 /os2 곳이거든요. /oe 
764.242	764.663	speaker#A	 /os1 [그렇군요.(BC/affirmative)] /oe 
765.288	765.928	speaker#A	 /os2 [음.(BC/continuer)] /oe 
766.192	772.570	speaker#C	n/ 장점이 아까 하나 빠졌는데요. 어/ 마지막 (5번째)/(다섯 번째)는 그/ 아내한테 사랑받는 n/ 남편이 된다는 /os1 겁니다. /oe
772.100	773.685	speaker#A	어/ 그게 어떤 n/ 의미죠?
774.007	786.377	speaker#C	그니까 이제 여자 그/ 이제 여성 시니어분들도 /os1 예전에 /oe 같이 이렇게 맞벌이로 또 일도 하실 수도 /os2 있고 /oe 또 뒷바라지를 하더라도 그/ 굉장히 어려운 가사일을 /os1 혼자서 /oe 맡아서 했던 /os2 거잖아요. /oe 
776.802	777.007	speaker#A	 /os1 [음.(BC/continuer)] /oe 
780.107	780.502	speaker#A	 /os2 [음.(BC/continuer)] /oe 
784.972	785.167	speaker#A	 /os1 [음.(BC/continuer)] /oe 
786.335	786.760	speaker#A	 /os1 [그렇죠.(BC/affirmative)] /oe 
786.859	791.570	speaker#C	근데 이제, 이제는 좀 그/ /os1 와이프도 /oe 좀 누려도 된다고 /os1 생각하거든요. /oe 
788.864	789.689	speaker#A	 /os1 [아/(BC/assessment)] /oe 
790.894	791.099	speaker#A	 /os1 [음.(BC/continuer)] /oe 
791.590	793.317	speaker#A	가사노동을 이제 안 해도 /os1 된다는 거네요? /oe 
792.725	793.215	speaker#C	 /os1 [그렇죠.(BC/affirmative)] /oe 
793.317	794.421	speaker#C	 /os1 예, 해방이 되는 /oe 거죠.
793.377	794.127	speaker#A	 /os1 [아/(BC/assessment)] /oe 
794.421	794.947	speaker#A	[그쵸.(BC/affirmative)]
794.947	803.771	speaker#C	 /os2 그리고 /oe 또 나이 들면서 이렇게 맛있는 또 건강한 /os1 이런 음식을, /oe 좋은 음식을 먹어야 되는데 그럴려면 시니어가 /os2 돼서도 계속 /oe 
795.222	795.747	speaker#A	 /os2 [어/(BC/understanding)] /oe 
798.932	799.322	speaker#A	 /os1 [음.(BC/continuer)] /oe 
802.586	803.546	speaker#A	 /os2 [음/ 그렇군요.(BC/affirmative)] /oe 
803.833	808.028	speaker#C	그 어려운 짐을 짊어져야 /os2 되잖아요? /oe 거기서부터 좀 이제 해방이 되는 거죠.
805.818	806.378	speaker#A	 /os2 [음/(BC/understanding)] /oe 
808.186	808.681	speaker#A	[그렇군요.(BC/affirmative)]
808.853	821.218	speaker#B	 /os1 (70)/(칠십)대 /oe /os2 초반까지는 /oe 어르신들이 식사 준비하고 하는 게 /os1 집안일 /oe 하는 게 큰 어려움이 /os2 없으신데, /oe 그 나이가 들어서 저는 이제 (75세)/(칠십 오 세)가 중요한 분기점이라고 /os1 생각하는데 /oe 
808.903	809.253	speaker#A	 /os1 그니까 /oe 
810.503	810.823	speaker#A	 /os2 [네.(BC/continuer)] /oe 
813.674	814.074	speaker#A	 /os1 [음.(BC/continuer)] /oe 
815.689	816.244	speaker#A	 /os2 [음/(BC/understanding)] /oe 
820.303	821.223	speaker#A	 /os1 [그렇군요. 음/(BC/affirmative)] /oe 
821.398	823.508	speaker#B	(75세)/(칠십 오 세) 되면 몸이 쇠약해지시거든요.
823.513	824.198	speaker#A	[음/(BC/understanding)]
824.252	827.067	speaker#B	근데 그/ 제대로 하루 (3끼)/(세 끼)를 준비하려면
827.067	827.197	speaker#A	[음.(BC/continuer)]
827.197	830.762	speaker#B	아침부터 저녁까지 식사 준비만 하는데 다 쏟아야 /os2 되고요. /oe 
830.452	830.697	speaker#A	 /os2 [그쵸.(BC/affirmative)] /oe 
830.981	834.981	speaker#B	 /os1 틈틈이 /oe 또 빨래해야지, /os2 청소해야지. /oe 평생 하던 일을
831.016	831.176	speaker#A	 /os1 [음.(BC/continuer)] /oe 
832.666	833.106	speaker#A	 /os2 [음.(BC/continuer)] /oe 
835.036	835.226	speaker#A	[음.(BC/continuer)]
835.226	837.288	speaker#B	나이 들어서까지 계속할 필요가 있는가.
837.343	837.697	speaker#A	[그러네요.(BC/affirmative)]
838.197	845.846	speaker#A	그니까 특히 이제 여성분들은 가사 노동, 일단 뭐/ 가사 노동은 아무리 남녀 평등해도 여성분들이 훨씬 더 많이 /os1 하시는 거 /oe /os2 같아요. /oe 
844.992	845.322	speaker#C	 /os1 [그럼요.(BC/affirmative)] /oe 
845.527	845.837	speaker#C	 /os2 [네.(BC/continuer)] /oe 
845.984	850.772	speaker#A	뭐/ 청소, 설거지부터 해서 근데 그런 것들이 에/ 노동이잖아요?
850.771	850.936	speaker#B	[네.(BC/continuer)]
851.119	870.598	speaker#A	또 뭐/ 걸레 쥐어짜고 하면 관절도 n/ 안좋아지고 또 밥 n/ 할 때 그렇게 안 좋은 자세에서 하다 보니 관절에도 무리가 가고. 근데 삼시 (3끼)/(세 끼) 밥을 안 하는 거에서 해방이 n/ 되고 n/ 또 청소에서 해방이 되면 그 자유 시간을 진짜 맘껏 누릴 수 있으니깐. 그런 부분이 굉장히 크네요? n/ 어/ 말씀을 들어보니까?
870.958	884.122	speaker#A	그런데 이제 이런 데 들어갈려면 돈이 많을수록 더 좋은 데를 갈 수 있잖아요? 그래서 나이 들어서 믿을 수 있는 건 자식이 아니라 돈인 거 같습니다. 그래서 제가 상담오신 분들한테 그래요. 그/ 이순신 장군님의 말씀을 약간 패러디해서 나의 재산을
884.262	891.682	speaker#A	자식에게 알리지 n/ 말라. 아하하하. 그거 알리잖아요? 그러면 이제 그 돈을 /os1 자기걸로 /oe 인식을 해요. 아하하. 점점.
889.302	889.747	speaker#B	 /os1 [음.(BC/continuer)] /oe 
891.672	891.957	speaker#B	[네.(BC/continuer)]
891.991	893.676	speaker#A	 /os2 당연히 내꺼다라 /oe 생각해서
892.266	892.756	speaker#C	 /os2 [맞습니다.(BC/affirmative)] /oe 
893.804	900.299	speaker#A	부모님 제가 요번에 사업을 해야 되는데 이제 이렇게 이제 말을 꺼내기 /os1 시작하는 /oe 거야. 달라는 말은 /os1 안 /oe 하고 말을 n/ 그렇게 꺼내요. 그럼 부모님은
896.994	897.309	speaker#B	 /os1 [음.(BC/continuer)] /oe 
897.899	898.004	speaker#B	 /os1 [예.(BC/continuer)] /oe 
900.299	901.783	speaker#A	또 자식은 사업 /os2 한다는데 /oe 또
901.274	901.624	speaker#B	 /os2 [그러겠지요.(BC/affirmative)] /oe 
901.783	919.916	speaker#A	돈 부족하다는데 또 집 넓혀 간다는데 또 손주 유학 보낸다는데 에/ 계속 나간다는 거죠. 그래서 하흐흐 내 재산을 자식에게 알리지 말라. 그래야 노후에 정말 이 n/ 존엄한 삶을 이렇게 좋은 곳에서 살아갈 수가 있잖아요? 자/ 그러면 우리 이제 실버타운에 대한 얘기를 좀 더 우리가 이제 자세히 알아볼 텐데요.
919.916	926.312	speaker#A	실버탄에 타운에 n/ 들어가면 좋은 사람 꼭 /os2 필요한 /oe 분들은 어떤 분들이 있을까요? 이렇게 보시기에?
923.681	923.951	speaker#B	 /os2 [음.(BC/continuer)] /oe 
926.312	927.418	speaker#B	저는 (1번째)/(첫 번째)는
927.383	927.728	speaker#A	[네.(BC/continuer)]
927.728	933.661	speaker#B	혼자되신 남성 시니어 어르신들은 /os1 실버타운이 /oe 딱 적지라고 /os2 생각합니다. /oe 
930.793	931.198	speaker#A	 /os1 [음/(BC/understanding)] /oe 
933.188	933.603	speaker#A	 /os2 [음/(BC/understanding)] /oe 
933.661	934.316	speaker#A	왜 그렇죠?
934.401	939.387	speaker#B	아무래도 여자분들 보다는 집안일에 서툴고 /os1 음식 /oe 준비도 어렵거든요.
937.246	937.606	speaker#A	 /os1 [음.(BC/continuer)] /oe 
939.387	939.737	speaker#A	[네.(BC/continuer)]
939.737	946.476	speaker#B	그래서 실버타운에서 그러한 식사 준비 /os1 다른 /oe 일에서 어느 정도는 해방이 되고
943.687	943.832	speaker#A	 /os2 [음.(BC/continuer)] /oe 
946.476	946.859	speaker#A	[음.(BC/continuer)]
946.859	949.783	speaker#B	그렇더라도 계속해서 일을 하실 수 있거든요.
949.784	950.187	speaker#A	[그쵸.(BC/affirmative)]
950.247	950.476	speaker#A	[음.(BC/continuer)]
950.476	952.289	speaker#B	그래서 제가 봐 보면은
952.289	952.645	speaker#A	[음.(BC/continuer)]
952.645	963.817	speaker#B	혼자되신 남성 시니어분들께서 간혹 /os1 사랑 /oe 때문에 재혼을 생각하시는 게 아니라 n/ 생활이 불편해서 n/ 재혼을 고려하시는 /os1 분들도 /oe 있더라고요.
955.880	956.210	speaker#A	 /os1 [음.(BC/continuer)] /oe 
962.595	962.730	speaker#A	 /os1 [음.(BC/continuer)] /oe 
963.817	972.793	speaker#A	자/ 맞습니다. 제가 이게 상담해 보면 그 n/ 어르신들 오면 이게 진짜 농담이 아니라 정말 이게 이제 삶의 n/ 문제이기 때문에 이런 심각한 고민을 하시는 분도 많이 계시더라고요.
973.244	991.081	speaker#A	또 뭐/ 우스갯소리지만 이런 얘기도 있잖아요? 아/ 과부는 혼자 살아도 홀아비는 n/ 혼자 못 산다는 것. n/ 남자는 나이 들어서 혼자 사는 게 굉장히 힘든 거 같아요. 그래서 지금 선생님 말씀대로 어/ 혼자된 남자 시니어는 어/ 이런 실버타운에 사는 게 굉장히 에/ 좋다.
991.081	991.320	speaker#B	[네.(BC/continuer)]
991.320	993.351	speaker#A	네. (2번째)/(두 번째), 어떤 분들이 또 /os2 필요할까요? /oe 
993.076	996.898	speaker#C	 /os2 (2번)/(두 번)째는 /oe 역시 혼자된 여성 싱글 시니업니다.
996.898	997.653	speaker#A	[아/ 예.(BC/continuer)]
997.653	1000.677	speaker#C	네/ 이제 /os2 여자들도 /oe 그동안 많이 했기 때문에
998.898	999.243	speaker#A	 /os2 [음.(BC/continuer)] /oe 
1000.677	1000.903	speaker#A	[네.(BC/continuer)]
1000.903	1002.833	speaker#C	이제 저는 노후가 되면
1002.833	1003.168	speaker#A	[음.(BC/continuer)]
1003.168	1006.189	speaker#C	어/ 보다 좀 의미 있는 그런 삶을 /os1 살았으면 좋겠어요. /oe 
1005.458	1005.973	speaker#A	 /os1 [음/(BC/understanding)] /oe 
1006.189	1006.648	speaker#A	[그렇군요.(BC/affirmative)]
1006.817	1012.020	speaker#C	네/ 그래서 그/ 밥하고 이런 /os1 가사일 /oe 하는 그/ 시간에 책도 좀 보고
1009.297	1009.562	speaker#A	 /os1 [음.(BC/continuer)] /oe 
1012.021	1012.419	speaker#A	[음.(BC/continuer)]
1012.419	1013.632	speaker#C	공부도 좀 하고
1013.632	1013.856	speaker#A	[네.(BC/continuer)]
1013.976	1015.986	speaker#C	그리고 노후에 또 제테크 공부도 /os1 좀 하 /oe 
1015.626	1015.971	speaker#A	 /os1 [그쵸.(BC/affirmative)] /oe 
1015.976	1022.405	speaker#C	고 예/ 이렇게 어/ 더 도움이 되고 의미 있는 그런 많은 일들을 할 게 있다고 생각합니다.
1022.431	1022.816	speaker#A	[그쵸(BC/affirmative)]
1022.849	1029.469	speaker#A	인구 통계학적으로 봐도 보통 뭐/ 저희 세대나 저희 부모 세대 보면 대체로 남성이 나이가 더 많았잖아요.
1029.470	1030.083	speaker#C	[네.(BC/continuer)]
1030.083	1041.505	speaker#A	근데 살기는 여자가 한 n/ (7,8년)/(칠 팔 년) n/ 정도 더 오래 n/ 살다 보니, 평균적으로 여성이 부부 사이에 결혼하고 나서 남편이 돌아가신 다음에 (10년)/(십 년) 정돈 /os1 더 산다고 /oe /os2 해요. /oe 
1040.758	1040.928	speaker#C	 /os1 [맞어(BC/affirmative)] /oe 
1041.233	1041.418	speaker#B	 /os2 [네.(BC/continuer)] /oe 
1041.505	1055.260	speaker#A	그/ (10년)/(십 년)의 혼자된 기간이 있어서 이 노후 은퇴 준비는 남성보다 여성이 n/ (10배)/(열 배), (100배)/(백 배) 더 중요한 거 같아요. 이제 그런 의미에서 남편분이 좀 돈을 많이 벌어 놓으시면 /os1 남편은 /oe 이제 살아생전에 같이 들어가도 되고
1052.126	1053.161	speaker#B	 /os1 n/ /oe 
1055.260	1061.870	speaker#A	또 먼저 가실 지, 가시면 또 남은 돈 갖고 어/ 자식들 n/ 눈치 보지 말고 이런 실버타운 들어가는 것도 괜찮다.
1061.974	1062.193	speaker#B	[네.(BC/continuer)]
1062.194	1064.071	speaker#A	네/ 또 어떤 분들이 들어가면 좋을까요? n/ 
1064.416	1067.696	speaker#B	(3번째)/(세 번째)는 부부, 두 분 중 한 분이
1067.696	1067.851	speaker#A	[음.(BC/continuer)]
1067.850	1069.307	speaker#B	아프신 경우가 /os1 있습니다. /oe 
1068.650	1069.250	speaker#A	 /os1 [으/ 음/(BC/understanding)] /oe 
1069.307	1070.291	speaker#A	아프신 분? n/ 네/
1070.291	1074.826	speaker#B	그런 분들 보면은 건강하신 분이 아프신 분 /os2 간병하다가 /oe 
1074.661	1075.281	speaker#A	 /os2 간병해야 되죠. /oe 
1075.297	1077.708	speaker#B	같이 또 아프시는 경우가 /os2 많더라고요. /oe 
1076.577	1077.282	speaker#A	 /os2 [맞아요.(BC/affirmative)] /oe 
1077.708	1078.280	speaker#A	[음.(BC/continuer)]
1078.280	1083.666	speaker#B	요즘 n/ 실버타운들은 요양 시설과 함께하는 /os2 실버타운이 많아지고 /oe 있습니다.
1082.210	1082.685	speaker#A	 /os2 [음/(BC/understanding)] /oe 
1083.657	1083.912	speaker#A	[네.(BC/continuer)]
1084.073	1092.135	speaker#B	지금도 /os2 많고요. /oe 그러신 분들은 실버타운에 n/ 입주하셔서 한 n/ 분은 요양 /os2 시설에서 계시고 /oe 한 n/ 분은 실버타운에서
1084.984	1085.254	speaker#A	 /os2 [네.(BC/continuer)] /oe 
1090.028	1090.398	speaker#A	 /os2 [음/(BC/understanding)] /oe 
1092.109	1092.501	speaker#A	흠.
1092.500	1101.170	speaker#B	생활의 도움, n/ 여러 가지 함께 누리면서 같이 왔다 갔다 /os2 하면서 /oe 노후를 보내시는 것도 괜찮은 방법이라고 /os2 생각합니다. /oe 
1097.556	1098.106	speaker#A	 /os2 [음.(BC/continuer)] /oe 
1100.670	1101.165	speaker#A	 /os2 [그렇군요.(BC/affirmative)] /oe 
1101.489	1120.229	speaker#A	제가 이제 만나신 분들, 저희 상담 오시는 분들 중에서는 그/ 역이민자분들이 굉장히 많이 계십니다. 그래서 젊었을 때 에/ 외국에 나가서 경제 활동 하시다가 이제 (60)/(육십) 이후에 에/ 한국으로 다시 n/ 되돌아오는 분들이 굉장히 /os2 많은데. /oe 외국에서 너무 오래 살다 보니 한 (10년)/(십 년)만 갔다 와도 세상이 완전 /os2 바뀌는데 /oe 
1115.339	1115.584	speaker#C	 /os2 [예.(BC/continuer)] /oe 
1119.394	1119.644	speaker#C	 /os2 [그쵸.(BC/affirmative)] /oe 
1120.229	1129.154	speaker#A	그래서 들어와서 그분들이 잘못된 투자를 해서 또 재산을 날리는 경우도 있고 그래서 오히려 역이민을 들어와서 힘들게 사시는 분들도 굉장히 많은데 이런 분들은 어때요?
1129.760	1141.055	speaker#C	그런 분들은 저희가 꼭 실버타운이 필요하다고 /os1 저희는 /oe 생각하고 /os1 있는데 /oe 사실은 저희 그/ 구독자분들 중에도 /os1 한 /oe (20%)/(이십 프로) 정도가 지금 /os1 해외 역 /oe 이민자들이세요.
1133.575	1133.980	speaker#A	 /os1 [음.(BC/continuer)] /oe 
1134.600	1135.200	speaker#A	 /os1 [음.(BC/continuer)] /oe 
1137.960	1138.130	speaker#A	 /os1 [네.(BC/continuer)] /oe 
1139.410	1139.785	speaker#A	 /os1 [음.(BC/continuer)] /oe 
1141.062	1141.427	speaker#A	[음.(BC/continuer)]
1141.572	1146.869	speaker#C	저희 영상에 이제 구독자가 /os2 늘잖아요. /oe 근데 초기에 밤에 잠을 자고 나면 확 늘어있는 거예요.
1143.243	1143.437	speaker#A	 /os2 [네.(BC/continuer)] /oe 
1146.869	1147.573	speaker#A	 /os2 [으음. 그래요?(BC/request confirmation)] /oe 
1147.556	1150.751	speaker#C	이게 뭔 일인가? 봤더니 해외에서 보시는 분들이더라고요.
1150.750	1151.090	speaker#A	[음.(BC/continuer)]
1151.090	1160.920	speaker#C	댓글도 아주 열심히 달아 주시는데 이제 그분들이 한국에 이제 은퇴하고 들어오시면 n/ 저희는 베이스캠프로 이렇게 /os1 실버타운이 /oe 좀 좋다. 이렇게 생각을 하는데요.
1158.280	1158.390	speaker#A	 /os1 [네.(BC/continuer)] /oe 
1160.920	1171.687	speaker#C	처음부터 많은 돈 쓰지 않으시면서 고/ 이렇게 편안하게 그곳에 /os2 계시면서 /oe 한국에 변한 사정이라든가 이런 한국에 적응하는 그런 시간들이 필요하다고 /os2 생각하거든요. /oe 
1165.613	1166.022	speaker#A	 /os2 [음/(BC/understanding)] /oe 
1171.152	1171.372	speaker#A	 /os2 [네.(BC/continuer)] /oe 
1172.167	1186.494	speaker#C	그렇게 실버타운을 이용하시면서 아/ 이곳이 진짜 좋다 그럼 계속 사셔도 좋고 아니면, 이제 그때 공부해서 발견한 곳으로 옮기셔도 좋고. 이렇게 터전을. 그래서 역이민자들이 예/ 귀국하셨을 때 /os1 아주 유용하다. /oe 이렇게 생각하고 /os2 있습니다. /oe 
1184.613	1185.108	speaker#A	 /os1 [음.(BC/continuer)] /oe 
1186.334	1186.709	speaker#A	 /os2 [그렇군요.(BC/affirmative)] /oe 
1186.884	1187.173	speaker#A	 /os2 [그래요.(BC/affirmative)] /oe 
1187.777	1205.750	speaker#A	아/ 이제 여러분들이 실버타운을 좀 더 관심을 가지고 주변에 있는 데 한번 방문해보시면 좋을 거 같아요. 어떤 삶을 살아가는지. 그래서 여러분도 뭐/ (80)/(팔십), (90)/(구십)이 아니라 (60대)/(육십 대)부터 들어가시는 분도 지금 많이 있습니다. 신미 모 연예인도 (60)/(육십) 되면 n/ 실버타운 들어가신다고 하셨는데 그분도 가서 보신 거 같아요. 여기가 얼마나 살기 좋은지.
1238.423	1250.781	speaker#A	네/ 오늘 정보 도움이 좀 되셨나요? 앞으로 이런 정보 계속 받아보실 분은요, 여기 구독 어/ 부탁드리고요. 그다음에 에/ 오른쪽은 제가 추천하는 영상입니다. 꼭 한번 보시기 바랍니다.
