37.155	49.605	speaker#A	 n/ 안녕하세요. (The interview)/(더 인터뷰) 백일홍입니다. n/ (The interview)/(더 인터뷰)는 각계각층의 명사를 초대해 사회문화 전반에 대한 견해를 들어보는 시간이죠. 오늘은 김포시의 정하영 시장님을 모셨습니다. 시장님! 안녕하세요.
49.605	50.556	speaker#B	 n/ 예. 반갑습니다.
50.556	54.766	speaker#A	 n/ 네. 반갑습니다. 시청자분들께도 인사 말씀, 한말씀 부탁드립니다.
56.101	69.848	speaker#B	 n/ 네. 지방자치 티비 이/ 시청자 여러분 반갑습니다. 어/ 김포시장 어/ 정하영입니다. 코로나(19)/(일구)가 (6개월)/(육 개월) 이상 아/ 지속되고 있습니다. 어/ 온 국민이
70.673	83.374	speaker#B	(K)/(케이) 방역에 열심히 임해주셔서 어/ 우리가 잘 극복해 에/ 내고 있습니다. 어/ 올 여름 긴 장마 무더위가 아/ 지속 어/ 되고 있습니다.
83.975	92.310	speaker#B	시청자 여러분들! 올 여름에 어/ 건강하시고요. 하시는 일 어/ 좀/ 소원 성취하시기 바랍니다. 감사합니다.
98.316	103.531	speaker#A	이번에 시장님께서 저희 (2020)/(이천 이십) 지방자치행정대상을 수상 n/ 하셨는데요.
103.531	112.832	speaker#C	 n/ (2020)/(이천 이십) 지방자치행정대상 경기도 김포시장 정하영 이하 내용은 전과 같습니다. 축하의 박수 부탁드립니다.
122.290	124.210	speaker#C	 n/ 기념 사진 촬영하시면 됩니다.
129.664	131.754	speaker#A	수상소감도 한말씀 부탁드립니다.
132.263	152.225	speaker#B	전국의 (200여)/(이백 여 개)의 어/ 지방자치단체의 시장군수님들이 이/ 계십니다. 어/ 모든 시장님들, 군수님들이 어/ 지역발전, 또 국가발전을 위해서 크게 에/ 헌신하고 계신데, 어/ 제가 어/ 지방자치 (TV)/(티브이) 이/
152.225	168.442	speaker#B	대상을 수상하는 영광을 안았습니다. 어/ 김포가 갖고 있는 특수한 환경땜에 그런 거 같애요. 어/ 김포는 어/ 전, 전 면적의 (2/ 3)/(삼 분의 이)가 아/ 군사시설보호 n/ 구역으로 묶여 어/ 있고요. 또,
168.889	188.488	speaker#B	어/ 전국에서 (2번째)/(두 번째)로 인구증가가 n/ 가파르게 에/ 일어나고 있는 정말 역동적인 도시입니다. 해서 할 일도 많고 또, 해야 할 숙제도 많아서 그 숙제를 풀어나가는 과정에 좋은 평가를 받았던 거 같아요. 그 대상을 저 뿐만 아니라,
188.488	191.876	speaker#B	아/ 김포시민 모두하고 n/ 함께 나누었습니다.
191.876	192.619	speaker#A	 /os1 [아/ 네.(BC/continuer)] /oe 
191.916	192.595	speaker#B	 /os1 감사합니다. /oe 
192.619	194.144	speaker#A	다시 한번 /os2 축하드립니다. /oe 
193.813	194.503	speaker#B	 /os2 네, /oe /os1 감사합니다. /oe 
194.423	194.548	speaker#A	 /os1 [네.(BC/continuer)] /oe 
194.970	203.455	speaker#A	얼마전에는 민선 (7기)/(칠 기) 취임 (3년)/(삼 년)차를 맞으셨는데요. 딱 절반이 지난 이 시점에 심적으로 뭔가 달라진 점이 있을까요?
204.244	214.735	speaker#B	책임감이 더 어/ 늘었다, /os1 무겁다 /oe 뭐/ 민선 (7기)/(칠 기) (2년)/(이 년)동안 정말 /os2 정신없이 /oe 뭐/ 한시도 쉼 없이,
207.753	208.619	speaker#A	 /os1 [음/(BC/understanding)] /oe 
212.074	212.629	speaker#A	 /os2 [네/(BC/understanding)] /oe 
214.735	232.554	speaker#B	달려왔죠. 뭐/ 제일 먼저 민선 (6기)/(육 기)에서 추진됐던 정책과 사업들을 정상화시키고 또 마무리해야되는 제 또 과제가 /os2 있었구요. /oe 민선 (7기)/(칠 기) 시장으로 취임하면서 제가 가졌던 정치 철학과 가치들을
226.270	226.630	speaker#A	 /os2 [네.(BC/continuer)] /oe 
232.554	250.944	speaker#B	또 풀어내야되는 그 준비하는 시기였습니다. 정말 열심히 달려 어/ 왔구요. 어/ 그것이 김포시민들이 (2배)/(두 배)로 행복했으면 좋은 것을 /os2 만들어야 되겠구요. /oe 또 평가절하되고 있는 김포에 대해서 그 가치를 (2배)/(두 배)로 만들기 위한
243.859	244.549	speaker#A	 /os2 [음/(BC/understanding)] /oe 
251.386	268.122	speaker#B	그러한 발걸음이 아니었나 어/ 싶습니다. 어/ 앞으로 (2년)/(이 년)의 그 시간동안 제가 갖고 있는 이 가치, 철학들을 지역 시민들과 함께 풀어내고자 뭐/ 오늘도 열심히 /os1 뛰도록 하겠습니다. /oe 
267.017	269.890	speaker#A	 /os1 아/ 네 아/ /oe 네. /os2 응원하겠습니다. /oe 
269.221	269.890	speaker#B	 /os2 감사합니다. /oe 
269.891	280.105	speaker#A	이렇게 (3년)/(삼 년)차가 /os2 되면서 /oe 지난 (2년)/(이 년)을 /os2 말씀하신거처럼 /oe 돌아보는 계기가 됐을 거 같은데요. (2년)/(이 년)간 뭐/ n/ 기쁜 일, 힘들었던 일 굉장히 많으셨을 거 /os1 같아요. /oe 
270.863	271.043	speaker#B	 /os2 [음.(BC/continuer)] /oe 
272.738	272.908	speaker#B	 /os2 [음.(BC/continuer)] /oe 
279.483	279.848	speaker#B	 /os1 [음.(BC/continuer)] /oe 
280.105	284.360	speaker#A	지금 생각해봤을 때 가장 기억에 남는 일이 있다면 어떤 게 있을까요?
285.040	291.696	speaker#B	도시철도 개통과 /os2 관련된 거였죠. /oe 어/ 김포는 동쪽으로는 한강이,
287.245	288.205	speaker#A	 /os2 [음/(BC/understanding)] /oe 
291.767	292.077	speaker#A	[네.(BC/continuer)]
292.195	301.545	speaker#B	서쪽으로는 어/ 염하와 서해가 /os1 또 북쪽으로는 /oe 개풍 그/ 이북 개풍구라고 /os1 인접해 /oe 있는 그런 곳이죠.
295.565	296.425	speaker#A	 /os1 [음/(BC/understanding)] /oe 
299.475	299.730	speaker#A	 /os1 [아/(BC/understanding)] /oe 
301.545	301.975	speaker#A	[네.(BC/continuer)]
301.975	318.536	speaker#B	어/ 삼면이 물로 어/ 둘러쌓여있는 반도였습니다. 어/ 그런데 어/ 대한민국 최초에 경인운하가 또 뚫리면서 /os1 이제는 /oe 어/ 섬이된 그러한 고장입니다. 어/ 김포시민들이 가장 어/ 좀
312.191	312.411	speaker#A	 /os1 [음.(BC/continuer)] /oe 
319.283	325.864	speaker#B	해결해야될 그러한 숙제로 본다면 /os2 교통문제였어요. /oe 수도권에 있으면서 유일하게
322.683	323.283	speaker#A	 /os2 [음/(BC/understanding)] /oe 
326.209	335.484	speaker#B	서울지하철이 들어오지 않는 곳이기도 하고요. /os1 또 /oe 어떤 도로망을 확충하기 위해서는 다리를 놓아야 되는 그 어려움이 있습니다.
329.299	329.849	speaker#A	 /os1 [네.(BC/continuer)] /oe 
335.790	337.367	speaker#A	 /os1 다리로밖에 갈 수가 없군요. /oe 
335.800	337.355	speaker#B	 /os1 아/ 민선 예. /oe 
337.367	337.628	speaker#A	[네.(BC/continuer)]
337.628	354.653	speaker#B	민선 (5기)/(오 기), (6기)/(육 기) 본격적으로 추진됐던 그러한 김포도시철도가 어/ (2019년)/(이천 십 구 년)도 작년 (9월)/(구 월)달에 개통을 /os1 했는데 /oe 어/ 시민들하고 약속을 지키지 못했어요. 어/ 개통을 (7월)/(칠 월)달에 하겠다고 /os2 했는데 /oe 
347.784	348.524	speaker#A	 /os1 [음/(BC/understanding)] /oe 
354.043	354.503	speaker#A	 /os2 [네.(BC/continuer)] /oe 
354.653	361.239	speaker#B	(2달)/(두 달) 지연된 (9월)/(구 월)달에야 /os2 개통을 n/ 해서 /oe 예, 우리 시민들 굉장히
356.633	358.653	speaker#A	 /os2 어/ 그 정도면 지키신거죠. /oe 
361.239	366.970	speaker#B	좀 화도 /os2 내시고 /oe 그러면서 그/ 어/ 시기를 잘 극복해서
362.734	363.014	speaker#A	 /os2 [네.(BC/continuer)] /oe 
366.938	367.479	speaker#A	[음/(BC/understanding)]
367.479	382.032	speaker#B	음/ (2달)/(두 달) 지연시켜서 도시철도가 개통돼서 이제 주민들이 에/ 조금 더 편하게 출퇴근에 에/ 이용하고 있어서 가장 인상에 남는 /os1 또 가장 /oe 의미있는 그런 사업이 아니었나 /os2 싶습니다. /oe 
379.052	380.351	speaker#A	/os1 [아.(BC/understanding)] /oe
381.916	390.777	speaker#A	/os2 네. /oe 이거 잘 개통이 돼서 정말 /os2 다행입니다. /oe 일단, 그 점도 n/ 축하드리고요. n/ 어/ 시장님 몸 담고 계신곳 계속 말씀하셨는데 김포십니다.
384.152	384.427	speaker#B	 /os2 [음.(BC/continuer)] /oe 
391.084	401.874	speaker#A	이 김포시를 시청자분들께도 아까 뭐/ 인구가 가파르게 늘었다, (3면)/(삼 면)이 물에 갇혀있다 이런 말씀 해주셨는데, 지역구 소개도 다시 (1번)/(한 번) 부탁드릴께요.
402.282	407.458	speaker#B	김포하면 대한민국의 국민들은 김포공항을
407.459	408.549	speaker#A	어 /os2 그렇죠. /oe 
408.164	409.574	speaker#B	 /os2 예. /oe /os1 떠오르고 /oe 있습니다.
408.664	408.724	speaker#A	 /os1 [네.(BC/continuer)] /oe 
410.011	419.878	speaker#B	역사적으로 어/ 김포공항이 있는 어/ 그/ 서울시 강서구 또한 오래전에는 김포 어/ 땅이었죠.
419.878	420.473	speaker#A	[음.(BC/understanding)]
420.493	424.143	speaker#B	이제는 어/ 뭐/ 김포공항이 서울에 있는것이고요.
424.151	424.595	speaker#A	[네.(BC/continuer)]
424.619	432.769	speaker#B	어 김포공항에서 어/ 차로 (10분)/(십 분) 거리면 어/ 김포시가 아/ /os1 나옵니다. /oe 어/ 서울, 경기
429.344	430.114	speaker#A	 /os1 [음/(BC/understanding)] /oe 
433.127	443.477	speaker#B	서북에 위치해 에/ 있습니다. (4면)/(사 면)이 물로 쌓여있는 아/ 반도고요. 바로 어/ 지척에
443.720	453.864	speaker#B	어/ 북한 그/ 개풍군이 위치해 있어서 어/ 남북분단의 현실을 /os2 직시할 수 있는 /oe /os1 아/ /oe 접경지역입니다.
451.450	452.080	speaker#A	 /os2 [음/(BC/understanding)] /oe 
452.245	452.480	speaker#A	 /os1 [네.(BC/continuer)] /oe 
454.319	470.856	speaker#B	전체면적의 (2/ 3)/(삼 분의 이)가 그 남북분단에서 오는 군사시설 보호구역으로 어/ 묶여 있구요. 또 한강하구지역이 있는데, 그 지역은 아/ 문화재 보호구역, 자연환경보존법에 의해서 (2중)/(이 중), (3중)/(삼 중)으로
471.053	480.295	speaker#B	어/ 규제받고 있는 /os2 지역입니다. /oe 그럼에도 불구하고 이제 남북교류협력의 시대를 맞이해서 이제 그동안 숨죽이면서
472.714	473.564	speaker#A	 /os2 [음/(BC/understanding)] /oe 
480.647	495.602	speaker#B	또 움츠려있었던 김포가 새로운 시대를 맞이할 그런 준비를 하고 있습니다. 전국에서 가장 젊은 도시 중에 하나구요. /os1 어/ /oe 인구는 (10년)/(십 년) 단위로해서 어/ (2배)/(두 배)로 늘어나는
491.233	491.598	speaker#A	 /os1 [아/(BC/understanding)] /oe 
495.916	514.739	speaker#B	가장 역동적인 그런 개발이고요. 지금 많은 경제적으로 어려움이 있는데 많은 개발사업들이 좀/ 진행되면서 참 많은 회사들이 또 기업들이 김포에 이주해오셔서 산업경제 에/ /os1 도시이기도 /oe 하고요.
513.373	513.888	speaker#A	 /os1 [음/(BC/understanding)] /oe 
515.088	524.322	speaker#B	또 통일대비형 미래 에/ 통일 거점도시로서 n/ 어/ 그 자리를 하나하나 다져나가고 있습니다.
524.500	527.910	speaker#A	입지적으로 굉장히 중요한 역할을 하시는 거 /os1 같아요. 네. /oe 
527.059	527.905	speaker#B	 /os1 네, 그렇습니다. /oe 
528.239	537.062	speaker#A	이제는 우리 시장님 개인에 대한 질문을 조금 드려보려고 합니다. 제가 살펴보니까 생물학을 /os2 전공하셨더라구요. /oe 
536.109	536.989	speaker#B	 /os2 네, 그렇습니다. /oe 
537.063	544.222	speaker#A	 n/ 전공이랑은 어떻게 보면 굉장히 다른 이/ 정계에 입문을 하시게 되신건데, 그 특별한 계기가 있었을까요?
544.486	551.885	speaker#B	어릴때서부터 어/ 소를 키우는 축산업을 하고 /os1 싶었습니다. /oe 
550.586	551.716	speaker#A	 /os1 [음/(BC/understanding)] /oe 
551.885	552.359	speaker#A	[네.(BC/continuer)]
552.484	559.314	speaker#B	그래서 대학 졸업하자마자 그 다음날로 하숙집 꾸려갖고 어/ 고향집으로 내려왔구요.
559.672	560.705	speaker#A	 n/ 고향이 어디세요?
560.745	563.345	speaker#B	경기도 어/ 김포시 통진읍입니다.
563.351	566.075	speaker#A	아/ 거기 원래 소를 많이 /os1 키우는 /oe 곳인가요?
564.941	575.390	speaker#B	 /os1 u/ /oe 아니, 제가 어릴 때 서울로 유학을 /os2 왔었어요. 그 /oe 때는 뭐/ 향수일 수도 있겠고 또 제가 어/ (4대)/(사 대) 독자이면서
569.105	569.620	speaker#A	 /os2 [네/(BC/understanding)] /oe 
575.817	584.466	speaker#B	아버님이 제 (4살)/(네 살)에 돌아가셔서 /os1 할아버지 /oe 할머니를 모셔야 /os1 하는 /oe 가장의 책임감이 어릴때서부터 있었죠.
578.312	578.657	speaker#A	 /os1 [아/(BC/understanding)] /oe 
580.526	581.086	speaker#A	 /os1 [네/(BC/understanding)] /oe 
584.799	593.424	speaker#B	그래서 대학 졸업하고 내려와서 농업에 종사 /os1 어/ /oe 했고요. 할아버지 할머니 에/ 모시면서 자연스럽게
588.263	588.664	speaker#A	/os1 [어/(BC/understanding)] /oe
593.726	602.151	speaker#B	고향에 에/ 살면서 부모님들 모시고 직업으로 어/ 농업에 에/ 종사하게 됐습니다.
602.168	606.008	speaker#A	 n/ 정치에 그래서 입문하게 된 계기가 어떻게 되신가요?
606.424	616.786	speaker#B	개인적으로도 또 농민단체 활동을 통해서 풀어지기 어렵다 이것은 정치적인 문제고 /os2 사회적인 /oe 문제다.
615.414	615.914	speaker#A	 /os2 [음.(BC/continuer)] /oe 
616.786	617.318	speaker#A	[네.(BC/continuer)]
617.362	626.917	speaker#B	그러기 위해서는 내가 직접 정치를 해야겠다, /os1 지역정치를 /oe 해야겠다 그래서 어/ 시의원에
621.208	621.773	speaker#A	 /os1 [음/(BC/understanding)] /oe 
627.151	635.466	speaker#B	아/ 출마하게 에/ 됐고요. 그/ 출마해서 김포시의회 의원으로 (7년)/(칠 년)간 n/ 복무를 했구요.
635.466	635.934	speaker#A	[네.(BC/continuer)]
635.935	636.278	speaker#B	어/
636.338	643.153	speaker#A	어/ 그러면 정말로 몸소 느끼는 이건 정말 고쳐야겠다라고 해서 직접 뛰어드신 /os1 그런 /oe 경우시군요.
641.833	642.398	speaker#B	 /os1 네, 그렇습니다. /oe 
643.497	649.588	speaker#A	이/ 시장님이 그러면 전공을 살린 생물학을 살린 시책이 있을까요? 그 동안 펼치신것 중에
650.297	668.633	speaker#B	농업은 생명산업이구요. 농민들은 농촌에 남아서 농사를 져야 되는 /os1 것이죠. /oe 그/ 농민들이 농촌에 n/ 남아내기 위해서는 농민들이 생산한 농산물에 대한 가격 보장이
661.174	661.708	speaker#A	/os1 [음/(BC/understanding)] /oe
669.156	672.476	speaker#B	국가에서든 /os1 아니면 /oe 지방정부에서 어/
670.301	670.561	speaker#A	 /os1 [음.(BC/continuer)] /oe 
672.476	679.775	speaker#B	지원이 돼야 된다고 봅니다. 최근에 와서는 이제는 친환경 농업이 소비자들의
679.775	680.181	speaker#A	[네.(BC/continuer)]
680.181	681.771	speaker#B	안전과 직접
681.770	682.807	speaker#A	/os2 관심이 많으시죠. /oe
682.215	684.137	speaker#B	/os2 n/ /oe 연관이 있어서
683.770	684.002	speaker#A	[네.(BC/continuer)]
684.361	693.750	speaker#B	어/ 지역에 생산되는 친환경 쌀에 대한 김포 /os1 어/ 자체적인 /oe 직불금을 /os1 어/ 저희들이 /oe 
689.131	689.941	speaker#A	 /os1 [음/(BC/understanding)] /oe 
692.181	693.266	speaker#A	 /os1 [음/(BC/understanding)] /oe 
694.127	702.086	speaker#B	지원하고 /os1 있고요. /oe 농민들이 고령화되면서 이/ 참 약제 살포들이 어려워요. 그래서
695.322	695.807	speaker#A	 /os1 [네/(BC/understanding)] /oe 
702.405	721.955	speaker#B	친환경 약제를 살포하는 것을 지원하고 있지요. 이제 농업도 이전의 농업의 어떠한 틀에서 좀 더 넘어 친환경 농산물을 생산하기 위한 /os1 생산 /oe 및 지원과 직접 소득구조를 해줘야 된다라고 하고 민선 (7기)/(칠 기)에서 그부분을 중점되게 추진하고 /os2 있습니다. /oe 
714.295	714.650	speaker#A	 /os1 [음.(BC/continuer)] /oe 
721.585	722.175	speaker#A	 /os2 [아/ 네(BC/understanding)] /oe 
722.179	730.565	speaker#A	친환경 농산물에 /os2 집중해서 /oe 시책을 펼치셨다고 말씀해주셨구요. 제가 김포시 홈페이지에서 보니까 방금 시장님께서 말씀하셨지만
723.589	723.849	speaker#B	 /os2 n/ /oe 
730.872	740.067	speaker#A	농민운동 (20년)/(이십 년), 또 시의원 (5년)/(오 년)이라는 이력이 홈페이지에 쓰여 /os1 있더라구요. /oe 농민운동이라는게 정확히 어떤 활동을 하신건가요?
735.297	735.442	speaker#B	 /os1 [음.(BC/continuer)] /oe 
740.432	759.804	speaker#B	조금전에 말씀드렸던것처럼, 어/ 농민들의 생존의 문제 또 미래산업인 농업을 유지 /os2 발전 /oe 시켜내기위한 여러가지 정책 제안들 또 그런것들을 풀어내기 /os1 위한 실정활동들을 /oe 어/
750.882	751.342	speaker#A	 /os2 [음.(BC/continuer)] /oe 
756.842	758.392	speaker#A	 /os1 [음/(BC/understanding)] /oe 
759.804	776.116	speaker#B	추진하는 것이고요. 그 동안 한국사회가 농업이 이마만큼 유지되고 있는 것은 아마도 어/ 전국에 있는 농민단체들이 에/ 정부에 올바른 농업정책을 펴기위한 거
776.406	785.711	speaker#B	수입개방에 대처하는 우리들만의 /os2 경쟁력을 /oe 만들어가기 위한 끝없는 요구와 투쟁들이 있었기에 가능했습니다. 그것을
779.221	779.731	speaker#A	 /os2 [어/(BC/understanding)] /oe 
785.942	788.677	speaker#B	제 젊은 시절을 다 바쳐서 음/ 한 것이고요.
788.932	790.604	speaker#A	성과는 좀 많이 있으셨나요? n/ 
790.604	797.208	speaker#B	어, 그럼요. n/ 성과라기 라는 것은 참 굉장히 /os2 열악하잖아요. /oe 음/ 한국농업이라고 하는 것이
794.824	795.169	speaker#A	 /os2 [네.(BC/continuer)] /oe 
797.674	807.872	speaker#B	그래도 어/ 정부가 어/ 농업에 대한 인식, 그리고 농업을 유지하기 위한 그런 정책들이 어/ 저희들의 어떠한 활동들을 통해서
807.872	808.286	speaker#A	[음/(BC/understanding)]
808.286	813.263	speaker#B	어/ 많이 개선되고 또 발전해가고 있다 그렇게 말씀드릴 수 /os2 있습니다. /oe 
812.947	813.282	speaker#A	 /os2 [아/ 오(BC/assessment)] /oe 
813.283	822.898	speaker#A	엄청 뿌듯 /os1 하실 /oe 거 같은데요. 또 으뜸 포도농사 짓는 /os2 시의원이라는 /oe 별명을 제가 봤습니다. 에/ 시장님의 블로그를 살펴보니까요.
814.023	814.268	speaker#B	 /os1 [음.(BC/continuer)] /oe 
818.478	818.833	speaker#B	 /os2 [음.(BC/continuer)] /oe 
823.119	830.940	speaker#A	농사일기라는 코너에 따로 n/ 이/ 포도농장을 운영하시는 소소한 일상을 공유하시는게 /os2 굉장히 /oe 인상깊었는데
829.694	829.844	speaker#B	 /os2 [음.(BC/continuer)] /oe 
831.392	835.476	speaker#A	이 오래전부터 상민원 포도농장을 운영 /os1 하신거죠? /oe 
834.697	835.482	speaker#B	 /os1 네. 그렇습니다. /oe 
835.721	838.190	speaker#A	어떤 계기로 하필이면 포도를 n/ 
838.190	838.695	speaker#B	음.
838.695	840.473	speaker#A	포도농장을 꾸리게 n/ 되신건가요?
840.473	859.604	speaker#B	모두에서 제가 말씀드렸 n/ 던거처럼 어/ 고향에 에/ 농사를 짓기 위해서 어/ 내려왔구요. 어/ 소를 키우는 목장을 하고 싶었고요. 내려와서 반대하는 할아버님, 할머님의 그/ (1년)/(일 년)동안 설득을해서
859.830	867.760	speaker#B	소를 키웠어요. /os1 그런데 /oe 여의치 /os2 않아서 /oe 그 이후에 어/ 김포나 전국에서 어/ 손가락안에 드는
860.784	861.744	speaker#A	/os1 [음/(BC/understanding)] /oe
862.979	863.484	speaker#A	/os2 [아. 네.(BC/assessment)] /oe
868.020	878.085	speaker#B	그/ 포도주산단지였습니다. n/ 그래서, 포도농사를 짓기 시작했죠. 그 포도농사를 한 (30년)/(삼십 년) /os2 지었습니다. /oe 뭐/ 시의원되고도
875.989	876.465	speaker#A	 /os2 [흠!(BC/assessment)] /oe 
878.593	887.364	speaker#B	또 시장이 되고도 어/ 포도농사를 졌구요. 아/ 지금은 이제 포도농사를 질 수 어/ 없어요. /os1 김포에서 /oe 유명한
885.688	886.218	speaker#A	 /os1 [음/(BC/understanding)] /oe 
887.541	889.356	speaker#B	아/ 포도농원이었어요.
889.356	891.906	speaker#A	아/ n/ 이상민의원 포도농장이요?
891.908	904.835	speaker#B	네. 그래서 열심히 농사지었고, 제 젊은 인생은 다 아/ /os1 포도와 함께 /oe 했던 거구요. 한편에서는 그런 또 좀 소리도 들어요. 아/ 농사꾼이 무슨 정치를 n/ 해?
897.093	898.748	speaker#A	/os1 포도와 함께? 네. /oe
905.414	919.588	speaker#B	농사꾼이 n/ 무슨 시장을 해? n/ 그런 말씀도 많이 듣는데 어/ 그 동안 뭐/ 포도농사라는 것도 농업이라고 하는 것이 모든 분야에 대한 것이 다 아/ 포함되어 /os2 있는 /oe 그러한 직업이구요.
917.802	918.332	speaker#A	 /os2 [음/(BC/understanding)] /oe 
919.588	920.023	speaker#A	[네.(BC/continuer)]
920.309	936.210	speaker#B	그 포도농업을 통해서 어떻게 에/ 정치를 해야 하는지 n/ 어떻게 어/ 시민들을 만나야 n/ 되는지 이런 것들을 정말 많이 배우고 어/ 또/ 제 스스로가 발전해왔던 n/ 그런 시간들이었습니다. n/ 
936.176	940.306	speaker#A	이렇게 포도만 키운게 아니고 시장님도 함께 크신 그런 말씀이네요.
940.609	949.137	speaker#A	포도농사 외에 또 시장님께서 여가시간에 어떤 활동을 하시는지도 궁금합니다. 특별한 뭐/ 개인적인 취미활동이 있으신가요?
949.137	951.189	speaker#B	무취미인거 같애요.
951.189	952.609	speaker#A	어/ /os2 정말요? /oe 
951.804	960.026	speaker#B	/os2 예. 어/ /oe 실제로 젊은 시절에 어/ 속된 말로 데모하다가 시간을 다 보낸
960.266	961.252	speaker#A	/os1 (20)/(이십)년을 /oe
960.645	961.700	speaker#B	 /os1 사람이기 /oe /os1 때문에 /oe 
961.276	962.306	speaker#A	 /os1 네 n/ /oe 
962.330	971.343	speaker#B	어/ 그러한 n/ 개인적인 어떠한 취미나 사생활에 대한 /os1 부분들, /oe 하지 못한 것이 어/ 지금은 못내 많이 좀 아쉬워요.
966.720	967.545	speaker#A	 /os1 [어/(BC/understanding)] /oe 
971.343	972.312	speaker#A	 /os1 [그러니까요.(BC/affirmative)] /oe 
971.882	972.302	speaker#B	 /os1 아/ /oe 
972.912	976.037	speaker#A	지금은 또 여가시간이 많이 나실 수도 있잖아요.
976.507	977.237	speaker#B	더 없지요.
977.380	978.408	speaker#A	아, 더 /os2 없으세요? /oe 
977.905	988.705	speaker#B	 /os2 네, 그럼요. /oe 지방자치단체장의 그 시간은 아침에 일어나서 하루종일 빈틈없이 이렇게 흘러가요.
988.705	989.270	speaker#A	[네.(BC/continuer)]
989.294	995.539	speaker#B	그래서 어/ 좋아하는 것은 시간날 때 그냥 차 끌고 뭐 전국을
995.776	997.713	speaker#A	 /os1 드라이브. n/ /oe 
996.146	1000.118	speaker#B	 /os1 어/ 드라이브하는 것이 /oe 가장 유일한 취미이자 낙입니다.
1000.126	1002.085	speaker#A	어/ 그게 가슴이 확 /os1 뚫리는 /oe 
1001.544	1009.241	speaker#B	 /os1 에/ 그래서 /oe 가보면 뭐/ 다른 지역에 가보면, n/ 아/ 이렇게 사람들이 사는구나, 아/ 저런 건물이 있네.
1009.241	1010.135	speaker#A	[음/(BC/understanding)]
1010.145	1015.840	speaker#B	아/ 여기는 이런식의 어떠한 개발 알 어떤 모델들을 가져가고 /os1 있네? /oe 
1015.310	1015.830	speaker#A	 /os1 [아/(BC/understanding)] /oe 
1015.841	1019.466	speaker#A	 /os1 또 거기서 일 생각을 하시는건가요? n/ /oe 
1017.380	1020.005	speaker#B	 /os1 이런 것들을, /oe  에/ 그런것들을 계속 보고 /os2 배우죠. /oe 
1019.474	1020.009	speaker#A	 /os2 [네.(BC/continuer)] /oe 
1020.960	1038.370	speaker#A	여가 시간도 김포시를 생각 하시면서 보내시고 계시군요. n/ (2014년)/(이천 십 사 년)부터는 김포시 의회에 몸을 담으셨는데요. 시의원으로서 또 지역을 위해서 굉장히 많은 노력을 하셨을거 같애요. 당시에 어떤 일들을 하셨는지 간단하게 소개해주실 수 /os2 있을까요? /oe 
1037.741	1038.036	speaker#B	 /os2 [음.(BC/continuer)] /oe 
1039.904	1054.302	speaker#B	주민자치 또, 분권에 대한 고민을 좀 많이 했고요. 어/ 이제는 행정의 패러다임이 공무원들만의 행정의 주체가 아닌 /os1 시민들이 /oe 직접 행정에
1052.506	1053.016	speaker#A	 /os1 [음/(BC/understanding)] /oe 
1054.302	1055.697	speaker#A	 /os1 어/ 참여하시죠. 네. /oe 
1054.302	1055.880	speaker#B	 /os1 참여해서 /oe 
1056.256	1076.246	speaker#B	함께 더불어 풀어가는 행정이 되었으면 좋겠다. 아/ 그래서 어/ 시의원 당시에 뭐/ 주민참여 어/ 예산이든 아니면 주민자치 그/ 활성화를 위한 그러한 많은 고민과 노력 또, 조례재정들을 /os1 좀 했던 /oe 그런 기억이 있습니다.
1074.147	1074.762	speaker#A	 /os1 [음/(BC/understanding)] /oe 
1076.666	1085.870	speaker#B	어/ 시장이 되고 나서도 어/ 주민자치와 지방분권에 대한 고민들을 더 많이 하고요. /os1 또 /oe 그와 관련된 또 행정의 책임자다보니까는
1082.331	1082.776	speaker#A	 /os1 [네.(BC/continuer)] /oe 
1086.156	1090.126	speaker#B	더 많이 풀어낼 수 있는 그러한 좀/ 계기는 되더라구요.
1090.541	1105.895	speaker#A	네. 시정활동을 지금 바쁘게 계속해서 쉬는 날에도 김포를 생각 n/ 하시면서 보내고 계시는데 그러다보면 이/ 마음을 다잡아야 하는 순간들이 굉장히 /os2 많이 /oe 있었을 거 /os2 같아요. /oe 시장님께서 특별히 마음에 새기신 그런 특별한 문구가 있을까요?
1100.260	1100.380	speaker#B	 /os2 [응.(BC/continuer)] /oe 
1101.220	1101.380	speaker#B	 /os2 [응.(BC/continuer)] /oe 
1107.352	1116.651	speaker#B	음. (2가지)/(두 가지)가 /os2 있는데요. /oe 뭐 선거할 때 선거 홍보물에 꼭 들어가는게 있고요.
1109.552	1110.087	speaker#A	 /os2 [네.(BC/continuer)] /oe 
1117.034	1119.756	speaker#B	봉산개도 우수가교라는 말이 있습니다.
1119.821	1120.634	speaker#A	어떤 뜻이죠?
1120.634	1125.239	speaker#B	아/ 산을 만나면 길을 내고 물을 만나면
1125.441	1125.990	speaker#A	 /os1 다리로 /oe 
1125.449	1134.968	speaker#B	 /os1 다리를 /oe 놓겠다는 봉산개도 우수가교라는 그 글을 항상 되새기고 /os1 어/ 있 /oe 있고요. 뭐/ 살아온 뭐/ 인생이
1130.634	1131.554	speaker#A	 /os1 [음/(BC/understanding)] /oe 
1134.968	1139.593	speaker#B	제 앞에 항상 어/ 산이 있었고 또 물을 만날수 밖에 없었던
1139.593	1140.038	speaker#A	 /os2 그렇죠. /oe 
1139.998	1156.943	speaker#B	/os2 인생이었었는데 /oe 그것을 포기하거나 그것을 보고서 뒤도 돌아서지 않았던 인생입니다. 앞으로도 어/ 시민들과 함께 이/ 시정을 펼치면서 어려움이 있을 때 또 난관이 있을 때 넘을 수 있는 그러한 좀/ 글귀인거 같고요.
1157.463	1166.593	speaker#B	또 (1가지)/(한 가지) 젊은 친구들 또 내 자식들에게 항상 하는 얘기가 로버트 브라우닝이요. /os1 영국의 /oe 철학자이자 극작가잖아요.
1162.893	1163.603	speaker#A	 /os1 [음/(BC/understanding)] /oe 
1166.873	1174.391	speaker#B	어/ 시간을 두고 어/ 등잔에 기름을 채우지 않으면 결코 불을 댕길 수 /os2 없다라는 /oe 
1174.023	1174.393	speaker#A	 /os2 [아/(BC/understanding)] /oe 
1175.697	1183.817	speaker#B	글귀가 있죠. /os1 그래서 /oe 항상 좀/ 인생을 준비하고 자기 설계를 할 때 그것을 하기 위해서는 항상
1176.472	1177.087	speaker#A	 /os1 [네.(BC/continuer)] /oe 
1184.205	1184.826	speaker#A	 /os1 시간과 /oe 
1184.213	1194.208	speaker#B	 /os1 등잔에 기름을 /oe 채우듯이 지금부터 하나, 둘 노력하고 어떠한 토대를 을/ 가져가는것이 /os1 정말로 /oe 중요했다. 그래야만 자기 인생에 대한
1191.219	1191.629	speaker#A	 /os1 [음.(BC/continuer)] /oe 
1194.541	1200.536	speaker#B	목표도 명확해지고 /os1 결국은 /oe 등잔의 불을 댕길 수 있지않나 싶습니다.
1196.472	1196.832	speaker#A	 /os1 [네.(BC/continuer)] /oe 
1200.749	1206.039	speaker#A	네. 계속 목표를 가졌으면 조금 인내하고 /os2 노력을 해야된다 /oe 이런 /os1 말씀이랑 /oe 
1204.229	1204.449	speaker#B	 /os2 [음.(BC/continuer)] /oe 
1205.424	1206.024	speaker#B	 /os1 [네. 그렇죠.(BC/affirmative)] /oe 
1206.343	1207.647	speaker#B	금방 이뤄지는 건 n/ 없어요.
1207.623	1218.072	speaker#A	그렇죠. /os1 가다보면 /oe 얼마든지 장애물을 /os2 만날수 /oe 있지만 그걸로 포기하지는 /os2 말자. /oe 이런 생각을 계속 하셨던거군요. n/ (2010년)/(이천 십 년)에 지방선거에서 무소속으로
1208.073	1208.523	speaker#B	 /os1 [네.(BC/continuer)] /oe 
1210.566	1210.676	speaker#B	 /os2 [응.(BC/continuer)] /oe 
1212.406	1212.591	speaker#B	 /os2 이런 /oe 
1218.347	1223.702	speaker#A	당선이 되셨는데 (2년)/(이 년) 후에 이/ 민주통합당으로 복당을 /os2 하셨습니다. /oe 
1223.232	1223.692	speaker#B	 /os2 [그렇죠.(BC/affirmative)] /oe 
1223.963	1231.253	speaker#A	이 때가 저는 시장님께 하나의 전환점이 /os1 되지 /oe 않았을까 싶은데요. 특별히 복당을 결심하게 된 계기가 있었을까요?
1226.558	1226.723	speaker#B	 /os1 [네.(BC/continuer)] /oe 
1231.618	1250.028	speaker#B	한국정치의 에/ 한 한계죠. 음/ 정당정치를 실현하는 한국정치에서 /os1 무소속으로 /oe 어/ 비록 시의원이긴 하더라도 어/ 정치를 하고 그 정치를 지역시민들에게 함께
1240.683	1241.018	speaker#A	 /os1 [음/(BC/understanding)] /oe 
1250.348	1254.137	speaker#B	풀어내기에는 분명한 한계가 있었던것이지요.
1254.152	1254.637	speaker#A	[네.(BC/continuer)]
1254.642	1274.156	speaker#B	네. 그러, 그런 일에서 지금의 그/ 민주당에 입당할 수 밖에 없었구요. 또 민주당을 통해서 제 어떤 정치철학과 가치들이 실현될 수 있는 어떠한 좀/ 그릇은 이/ 됐다 어/ 그래서 그 당시 나의 선택은 참 옳았다 /os1 이렇게 봅니다. /oe 
1273.138	1276.238	speaker#A	 /os1 n/ /oe 후회는 /os2 안하시는 거죠? n/ /oe 
1275.550	1276.065	speaker#B	 /os2 아, 그럼요. /oe 
1277.358	1294.312	speaker#A	이제 지역구에 관련해서 좀 질문을 드려보겠습니다. 사실 김포하면 처음에 인사하실때도 말씀하셨지만 거의 대부분의 분들이 김포공항? 이렇게 /os1 딱 /oe 떠올리고 나머지는 잘 /os2 모르시는 /oe 경우가 많거든요. 이/ 김포의 토박이로서
1288.197	1288.442	speaker#B	 /os1 [예.(BC/continuer)] /oe 
1290.567	1290.642	speaker#B	 /os2 [음.(BC/continuer)] /oe 
1294.573	1298.394	speaker#A	자랑할만한 어! 이런것도 있어요 하고 자랑할만한 명소가 있을까요?
1299.149	1312.692	speaker#B	많죠. 어/ n/ 그 동안 이제 김포가 역사 문화에 대한 것을 소중히 에/ 가다듬지 못하고 그것을 상품화시키지 /os1 못했던 /oe n/ 시기이죠.
1310.744	1311.569	speaker#A	 /os1 [어/(BC/understanding)] /oe 
1313.103	1322.437	speaker#B	민선 (7기)/(칠 기)는 그것을 제가 잘 가꾸어서 정말 김포만의 역사문화 /os2 관광도시로 /oe 어/ 만들어
1320.398	1320.943	speaker#A	 /os2 [어/(BC/understanding)] /oe 
1322.771	1327.120	speaker#B	가기 위한 원대한 프로젝트가 어/ 있는것이고요.
1327.120	1327.625	speaker#A	[네.(BC/continuer)]
1328.015	1335.328	speaker#B	서울에서 어/ 김포를 거쳐 어/ 강화도로 /os1 어/ 가게 /oe 되지요.
1333.820	1334.995	speaker#A	 /os1 [음/(BC/understanding)] /oe 
1335.329	1335.930	speaker#A	[네.(BC/continuer)]
1335.975	1351.988	speaker#B	뭐/ 거리에는 널뜩, 널찍한 들판이 있었지만 지금은 다/ 아파트로 어/ 채워져 어/ 있고요. 김포는 어/ 산업도시입니다. 어/ (12개)/(열 두 개) 산업단지가 국가산업 /os2 단지만큼의 /oe 
1351.303	1351.948	speaker#A	 /os2 [음/(BC/understanding)] /oe 
1352.359	1360.535	speaker#B	어/ 규모를 /os1 갖고 /oe 있고요. 어/ 사면이 물로 어/ 둘러쳐져 있어서 물의 도시이기도 하고요.
1353.194	1353.374	speaker#A	 /os1 [네.(BC/continuer)] /oe 
1361.135	1377.834	speaker#B	그러면서 (70년)/(칠십 년)동안 남북분단에서 어/ 오는 자연 그대로 n/ 유지되고 있는 자연경관 생태를 가지고 있는 지역이기도 합니다. 그리고 가장 젊은 도시이고요.
1377.863	1379.177	speaker#A	청년들이 많이 /os1 모여드는 /oe 
1378.843	1390.956	speaker#B	 /os1 네, /oe 그래서 미래에 어/ 김포가 수도권의 중심 도시로 나갈 수 있는 그 자산들을 충분히 가지고 있는 어/ 도시입니다. 뭐/ 주목해보실 필요가 있으세요. n/ 
1390.956	1398.421	speaker#A	 n/ 네. 그렇다면 먹거리라도 뭔가 이것만은 꼭 먹으러 와보세요하고 추천하시는 맛집 있으실까요?
1399.098	1408.250	speaker#B	의미있는 곳이 있는데요. 음/ 한강에 최북단에 있는 그/ 포구가 있어요.
1408.250	1409.489	speaker#A	[어/(BC/understanding)]
1409.489	1418.964	speaker#B	전류리 이/ 포구죠. 바로 그/ 전류리포구에서 어/ 한 한 (1.5km)/(일 점 오 킬로미터)가면 더 이상 민간인이 n/ 
1419.307	1420.437	speaker#A	/os2 접근을 못하는 /oe
1419.489	1429.765	speaker#B	/os2 네. 접근을 /oe 못하는 군사지역이 나오게 되죠. 가장 뭐/ 역사적으로도 굉장히 의미있는 곳이에요. 한강하구 최북단에 /os1 작은 /oe
1428.604	1429.194	speaker#A	 /os1 [음.(BC/continuer)] /oe 
1429.767	1442.102	speaker#B	전류리 이/ 포구에 가면 거기가면 어/ 숭어회도 있고 또 철에 따라서 웅어 임, 임금님께 /os2 진상하던 어/ /oe 웅어회도 어/ 있습니다.
1439.369	1440.174	speaker#A	 /os2 [음/(BC/understanding)] /oe 
1442.117	1443.382	speaker#A	어 좀 귀한 /os2 음식이네요. /oe 
1443.177	1455.810	speaker#B	 /os2 예. /oe 그래서 어/ 남북분단의 현실 그리고 작은 포구에서 그렇게 숭어회, 웅어회 그런 어/ 맛을 보는 것도 또 하나의 이색적인 n/ 체험이 아닌가 싶어요.
1455.810	1475.484	speaker#A	이제 방송을 보시면 많은 분들이 찾아가셔서 조금 북적되지 않을까 n/ 생각도 해보구요. n/ 김포시의 역점 시책을 제가 살펴보니까 공해와 오염물질로부터 자유로운 건강한 정주도시를 /os2 조성 하겠다 /oe 이렇게 계획을 밝히셨는데, 환경문제와 관련한 정책 어떤게 있을까요?
1469.638	1469.888	speaker#B	 /os2 [음.(BC/continuer)] /oe 
1476.306	1488.614	speaker#B	민선 (7기)/(칠 기) (2년)/(이 년)동안은 환경하고의 전쟁을 어/ 치루게 됐 에/ 되었습니다. 어/ 김포는 한/ (6700개)/(육천 칠백 개)여개의 공장이 /os2 있고요. /oe 
1488.354	1489.114	speaker#A	/os2 [아, 네.(BC/continuer)] /oe
1489.569	1504.140	speaker#B	어/ (30000)/(삼만 개)에 달하는 제조 어/ 중소사업장들이 있습니다. 어/ 경기도에서 화성시 다음으로 (2번째)/(두 번째)로 공장수가 /os1 많은 지역이, /oe 그래서 /os2 산업도시라고 /oe 하는 것이고요.
1499.786	1500.921	speaker#A	 /os1 [음/(BC/understanding)] /oe 
1502.425	1502.955	speaker#A	 /os2 [네.(BC/continuer)] /oe 
1504.755	1520.863	speaker#B	많은 영세중소 어/ 사업장들이 있다보니 환경문제가 어/ 심각할 수밖에 에/ 없었습니다. 그것을 개선하기 위한 노력을 (2년)/(이 년)동안 진짜 전쟁처럼 n/ 어/ 치뤄 n/ 오고 있고요.
1521.768	1531.285	speaker#B	어/ 환경오염 배출 사업장에 에/ 대한 어/ 지도 어/ 감독을
1531.285	1531.619	speaker#A	[네.(BC/continuer)]
1531.619	1538.699	speaker#B	참, 꾸준히 /os1 해 /oe 왔습니다. 지난해 이렇게 통계를 보면, 한 (5000여개)/(오천 여개)의
1532.564	1533.014	speaker#A	 /os1 [음/(BC/understanding)] /oe 
1538.942	1547.260	speaker#B	에/ 공장들에 대한 지도 /os1 어/ /oe 점검을 했고요. 사업장으로서는 정말 힘든 시간이었을거 같아요. 그동안
1540.967	1541.527	speaker#A	 /os1 [음/(BC/understanding)] /oe 
1547.265	1548.965	speaker#B	 /os1 안했던 환경 /oe 
1547.270	1548.480	speaker#A	 /os1 안에 고쳐야되니까. /oe 
1549.337	1558.670	speaker#B	지도 어/ /os2 단속들이 /oe 아주 좀/ 본격화되면서 환경개선시설들을 하지 못했던 공장들이 많이
1551.107	1551.482	speaker#A	 /os2 [네.(BC/continuer)] /oe 
1558.670	1559.909	speaker#A	문을 /os2 닫았나요? /oe 
1559.185	1565.634	speaker#B	 /os2 예/ /oe 뭐 영업정지받고 /os1 하는 /oe 그러한 좀/ 과정들이 있으면서 제 한편으로는
1561.324	1561.544	speaker#A	 /os1 [네.(BC/continuer)] /oe 
1565.911	1571.942	speaker#B	많이 /os2 죄송스러 /oe 럽기도하죠. 그런데 시민들이 안전하고 /os2 깨끗한 /oe 
1567.061	1567.381	speaker#A	 /os2 [아/(BC/assessment)] /oe 
1571.566	1572.101	speaker#A	 /os2 [그렇죠.(BC/affirmative)] /oe 
1572.109	1578.954	speaker#B	아/ 정주환경을 가기 위해서는 어쩔 수 없는 어/ /os2 조치였습니다. /oe 그런 환경단속의 결과,
1576.934	1577.384	speaker#A	 /os2 [네.(BC/continuer)] /oe 
1579.378	1588.718	speaker#B	(2018년)/(이천 십 팔 년)도로 대비하면 환경오염 민원은 한 (50%)/(오십 퍼센트)정도 /os1 줄었구요. /oe 
1587.902	1589.417	speaker#A	 /os1 줄어가지고. /oe 
1589.426	1599.240	speaker#B	악취민원은 (70%)/(칠십 퍼센트) /os2 이상 /oe 아/ 줄어들었습니다. 어/ 제일먼저, 환경국을 신설했구요. n/ 환경국 내에
1591.371	1591.731	speaker#A	 /os2 [어/(BC/assessment)] /oe 
1599.586	1607.181	speaker#B	환경지도과를 신설해서 /os1 행정체계를 /oe 환경을 중시하는 /os1 그런 /oe 행정체계로
1601.711	1602.311	speaker#A	 /os1 [어/(BC/understanding)] /oe 
1606.201	1606.381	speaker#A	 /os1 [어.(BC/continuer)] /oe 
1607.236	1608.301	speaker#A	 /os1 더 체계적으로 /oe 
1607.381	1608.236	speaker#B	 /os1 더 전환을 /oe 
1608.319	1608.718	speaker#A	[네.(BC/continuer)]
1608.718	1618.753	speaker#B	좀 했습니다. 그래가지고 사람이 다 할 수 없거든요. 그래서 드론 환경 감시단을 좀/ /os1 구성을 /oe 해서 정말 취약지역에 대해서는
1615.478	1616.603	speaker#A	 /os1 [음/(BC/understanding)] /oe 
1619.208	1629.510	speaker#B	어/ /os2 드론이 /oe 환경감시를 하는 새로운 어/ 미래첨단환경기법들을 좀/ /os2 도입을 해서 /oe 현재 에/ 실시하고 있습니다.
1620.033	1620.523	speaker#A	 /os2 [네.(BC/continuer)] /oe 
1625.713	1626.583	speaker#A	 /os2 [음/(BC/understanding)] /oe 
1629.510	1632.729	speaker#A	앞으로도 계속 환경을 위해서 애쓰실 /os2 예정이고요. /oe 
1632.155	1633.060	speaker#B	 /os2 네, 그렇습니다. /oe 
1633.082	1648.164	speaker#A	네, 또 복지부분에서는 경력단절 여성들을 위한 취업지원을 강화하겠다 이렇게도 밝히셨는데 어떤 계기로 이런 정책을 기획하게 되셨나요? 이 경단녀의 고충을 실감하게 된 특별한 계기가 있으셨을까요?
1649.182	1652.166	speaker#B	경기도의 평균 연령이 (41세)/(사십 일 세)에요.
1652.221	1652.711	speaker#A	[네.(BC/continuer)]
1652.827	1655.317	speaker#B	김포시의 평균 연령이 (39세)/(삼십 구 세)입니다.
1655.311	1656.237	speaker#A	[음/(BC/understanding)]
1656.457	1660.005	speaker#B	어/ 김포의 한강 신도시가 있는데
1660.005	1660.442	speaker#A	[네.(BC/continuer)]
1660.512	1670.161	speaker#B	어/ 정부의 n/ 에/ 제 (2기)/(이 기) 신도시 정책으로 만들어진 곳이지요. 거기의 평균 연령이 (35세)/(삼십 오 세)에요.
1670.161	1671.021	speaker#A	어, 되게
1671.029	1672.427	speaker#B	 /os1 굉장히 젊은 도시죠. /oe 
1671.043	1672.428	speaker#A	 /os1 확 어려지네요? 네. /oe 
1672.619	1682.828	speaker#B	뒤에서 (5번째)/(다섯 번째) 에/ 젊은 도시 /os1 이기도 합니다. /oe 영유아의 어린 아이들의 비중이 (6.5%)/(육점오 퍼센트)에 에/
1675.916	1676.961	speaker#A	 /os1 [음/(BC/understanding)] /oe 
1682.828	1687.130	speaker#B	달하고 /os2 있죠. /oe 그마만큼 어/ 젊은
1683.428	1684.023	speaker#A	 /os2 [네.(BC/continuer)] /oe 
1687.255	1687.830	speaker#A	 /os1 엄마들 /oe 
1687.530	1706.447	speaker#B	 /os1 그 /oe 엄마들이 정말 대단해요. 아까 도시철도 개통에 대해서 얘기를 했는데 주말에 새로운 풍경이 있어요. 어/ 김포도시철도가 어/ 김포공항까지 /os1 운행을 /oe 하는 어/ 도시 /os2 철돈에 /oe , 주말에 되면 그 엄마들이 아이들 손잡고
1700.232	1700.497	speaker#A	 /os1 [네.(BC/continuer)] /oe 
1702.172	1702.487	speaker#A	 /os2 [네네(BC/continuer)] /oe 
1706.644	1707.124	speaker#A	 /os1 공항으로 /oe 
1707.010	1714.765	speaker#B	 /os1 어 /oe 공항에 뭐/ 쇼핑을 /os2 나가고하는 /oe 그러한 아주 진풍경이 n/ 벌어지고 /os1 어/ 있습니다. /oe 
1709.650	1710.510	speaker#A	 /os2 [음/(BC/understanding)] /oe 
1713.595	1714.285	speaker#A	 /os1 [네/(BC/understanding)] /oe 
1715.405	1720.161	speaker#B	그 엄마들이 특히 (30대)/(삼십 대) 엄마들이에요.
1720.405	1721.560	speaker#A	한참 활동 할 /os1 나이인데 /oe 
1721.095	1733.930	speaker#B	 /os1 이 아이들을 /oe 키우고 교육하면서 어/ 직장을 포기할 수밖에 없는 그러한 또 도시이기도 /os1 어/ /oe 합니다. 그 경력단절
1730.775	1731.170	speaker#A	 /os1 [네.(BC/continuer)] /oe 
1734.337	1752.484	speaker#B	여성들에 대한 어/ 정책은 당연한 것이고요. 경력단절 여성들의 어/ 취업 일자리를 만들어내기 위한 노력들을 좀 계속 어/ 하고 있습니다. 새로 뭐/ 일하기 센터를 /os2 통해서 어/ /oe 
1751.213	1752.473	speaker#A	 /os2 [음/(BC/understanding)] /oe 
1753.109	1765.659	speaker#B	직업교육을 어/ 시키기도 하고요. 또 체계적인 어떠한 교육 프로그램을 통해서 어/ 지역에 알맞는 일자리를 계속 어/ /os1 제공을 /oe 
1765.078	1765.673	speaker#A	 /os1 제공하는 /oe 
1765.754	1766.434	speaker#B	하고 있습니다.
1766.432	1766.868	speaker#A	[네(BC/continuer)]
1766.868	1779.670	speaker#B	(2017년)/(이천 십 칠 년)도하고 지금을 대비해 보니까 이렇게 새일센터나 일자리 그/ 직업교육들을 시켜서 한 /os2 (1000명)/(천 명)정도가 아/ /oe 새 일, 일자리를
1777.230	1777.830	speaker#A	 /os2 [음/(BC/understanding)] /oe 
1779.670	1779.953	speaker#A	[허(BC/assessment)]
1779.955	1782.947	speaker#B	잡은 그러한 통계가 어/ /os2 있더라구요. /oe 
1782.760	1783.310	speaker#A	 /os2 [네/(BC/understanding)] /oe 
1783.593	1794.033	speaker#B	어/ 경력단절 여성들의 일자리에 대한 부분들은 단순히 직업을 갖고 있는 것뿐만 아니라, 아/ 출산에도 영향을 /os2 미칠수 밖에 /oe 
1793.844	1794.344	speaker#A	 /os2 [그렇죠.(BC/affirmative)] /oe 
1794.560	1804.250	speaker#B	에/ 없는 /os2 것이고요. /oe 이런것들의 근본적인 대책은 어/ 그들에 맞는 일자리를 지역내에 얼마나
1795.500	1795.760	speaker#A	 /os2 [네.(BC/continuer)] /oe 
1804.649	1814.348	speaker#B	어/ 만들수 있느냐가 아/ /os2 관건이라고 /oe 어/ 생각이 들어요. 그래서 그/ 경력단절여성들을 위한 (2가지)/(두 가지) 정책들을 더 실험 실험 한번 해보고
1808.054	1808.554	speaker#A	 /os2 [음/(BC/understanding)] /oe 
1814.409	1814.619	speaker#A	[네.(BC/continuer)]
1814.613	1820.598	speaker#B	싶어요. 하나는 김포가 역점적으로 추진하고 있는 /os2 돌봄센터에요. /oe 
1819.623	1820.288	speaker#A	 /os2 [음/(BC/understanding)] /oe 
1821.028	1826.338	speaker#B	그래서 모든 공공건축을 할 때 의무적으로
1826.668	1827.109	speaker#A	 /os1 어린이 /oe 
1826.759	1828.544	speaker#B	 /os1 돌봄센터를 /oe 설치하게끔
1828.702	1828.868	speaker#A	[네(BC/continuer)]
1828.868	1836.009	speaker#B	아/ 지시를 했고, 그 돌봄센터를 실제로 아이를 키워봤던 경력단절 여성들이
1836.059	1837.024	speaker#A	 /os1 이용할 수 있게 /oe 
1836.073	1847.237	speaker#B	 /os1 한번 좀 했으면 /oe 좋겠다. 또 (1가지)/(한 가지)는 김포가 어/ 핵심사업으로 잡고있는 것이 /os1 관광산업입니다. /oe 아까도 그대로 보존되고 어/
1843.257	1843.787	speaker#A	 /os1 [음/(BC/understanding)] /oe 
1847.257	1847.552	speaker#A	 /os1 자연 /oe 
1847.467	1863.041	speaker#B	 /os1 우리가 /oe 만들어 낼 관광산업 자원들이 많은데 그 관광산업에 우리 경력단절 여성들이 주경력을 /os1 가지고 많이 /oe 참여할 수 있는 /os1 관광산업과 /oe 관련된 서비스와 관련된 일자리들을 좀 계속
1855.458	1856.808	speaker#A	 /os1 [음/(BC/understanding)] /oe 
1857.967	1858.277	speaker#A	 /os1 [네.(BC/continuer)] /oe 
1863.041	1864.826	speaker#B	 /os1 어/ 만들어 /oe 낼려고 합니다.
1863.061	1882.084	speaker#A	 /os1 창출하시고 /oe 어/ 정말 많은 경력단절 여성들이 새로운 일자리를 찾을 수 있는 기회를 잡게 되시길 n/ 바랍니다. 또 복지정책 가운데에는 청년지원센터 설립도 추진하고 계신데요. 구체적으로 청년들을 위해서 어떤 방안들을 마련하고 계신건가요.
1882.447	1891.994	speaker#B	청년들을 바라보면 또 뭐/ 우리 아들하고 딸만 보더라도 아/ 정말 안쓰럽습니다. n/ 
1891.994	1892.639	speaker#A	힘들죠.
1892.629	1896.027	speaker#B	네. 배울만큼 다 배웠잖아요.
1896.027	1896.514	speaker#A	네.
1896.524	1897.943	speaker#B	얼마나 /os2 잘생겼어도 /oe 
1897.807	1898.854	speaker#A	 /os2 n/ /oe /os2 n/ /oe 
1898.677	1908.531	speaker#B	 /os2 어/ /oe 그런데 대학을 졸업하고 일자리를 또 취직을 할 수 없는 사회 환경이지요.
1908.531	1909.108	speaker#A	[그렇죠.(BC/affirmative)]
1909.108	1918.108	speaker#B	그것은 우리 아들, 딸들의 잘못이라고 /os1 볼 수 없어요. /oe 그것을 마련하지 못하는 그 환경을
1913.786	1914.486	speaker#A	 /os1 [음/(BC/understanding)] /oe 
1918.422	1936.145	speaker#B	만들지 못한 기성세대 사회의 문제라고 생각이 에/ 들고요. 그래서 어/ 청년들이 취업을 하고 창업을 할 수 /os2 있는 /oe 그들만의 에/ 공간과 시간들을 좀 줘야 되겠다. 그래서
1930.160	1930.600	speaker#A	 /os2 [음/(BC/understanding)] /oe 
1936.521	1943.312	speaker#B	어/ 김포에 창공이라고 하는 청년지원센터를 작년에 어/ (1개소)/(일 개소)를 어/
1943.381	1944.286	speaker#A	 /os1 개원하셨군요. /oe 
1943.385	1944.958	speaker#B	 /os1 그/ 오픈하고 /oe 
1944.958	1945.306	speaker#A	[네.(BC/continuer)]
1945.306	1953.225	speaker#B	올해는 (2번째)/(두 번째) 또 /os2 청년지원센터를 오픈 /oe 했어요. 어/ 그 자리에서
1949.501	1950.426	speaker#A	 /os2 [음/(BC/understanding)] /oe 
1953.613	1963.642	speaker#B	어/ 청년들이 모여서 자신들의 에/ 미래에 대해서 자신들의 고민들에 대해서 서로 /os2 토론하고 /oe 계획을 세울 수 있는 공간으로
1961.448	1961.908	speaker#A	 /os2 [네.(BC/continuer)] /oe 
1963.933	1976.711	speaker#B	만들었구요. 어/ 이런것들을 하기 위해서는 행정적인 지원이 무엇보다도 중요해서 어/ 청년기본조례를 김포시의회하고 서로 어/ /os2 협력해서 /oe 어/ 재정을 했구요.
1974.196	1974.751	speaker#A	 /os2 [음/(BC/understanding)] /oe 
1976.682	1977.260	speaker#A	[네.(BC/continuer)]
1977.260	1986.959	speaker#B	그/ 그것뿐만 아니라 어/ 청년기업 업을 하기 육성하기 위한 또 조례도 만들어서 이건 아마 전국 최초의 조례 /os1 일거에요. /oe 
1985.965	1986.795	speaker#A	 /os1 [음/(BC/understanding)] /oe 
1987.222	1998.355	speaker#B	그리고 청년기본수당이라고해서 분기별로 (1000000원)/(백만 원)씩 저희들이 (24세)/(이십 사 세) 청년들에게 n/ 지원을 하면서 청년들의 미래를
1998.638	1999.598	speaker#A	 /os1 응원 하시는 /oe 
1999.022	2001.233	speaker#B	 /os1 조금이라도 /oe 어/ 지원하고
2001.253	2001.553	speaker#A	[네.(BC/continuer)]
2001.548	2018.479	speaker#B	응원해서 기죽지 말고 u/ 어려운 시기를 좀/ 이겨내라. 그러한 것들은 좀 우리 사회가 또 지방정부들이 무엇보다도 먼저 어/ 해야될 /os1 그러한 /oe 과제들이 에/ 아닌가싶습니다.
2015.364	2016.204	speaker#A	 /os1 [음/(BC/understanding)] /oe 
2018.505	2022.697	speaker#A	네. 이게 아까 (2번째)/(두 번째) (2호)/(이 호)점이 이제 개설된다고 하셨는데
2022.697	2023.297	speaker#B	했습니다.
2023.296	2031.659	speaker#A	아, /os1 개설된다고 /oe 하셨는데 그러면 (1번째)/(첫 번째)가 정말 반응이 좋았기 때문에 (2번째)/(두 번째)가 오픈한게 아닐까 n/ 싶거든요. 청년들의 반응은 어땠나요?
2023.510	2024.300	speaker#B	 /os1 얼마전에 /oe /
2031.659	2044.894	speaker#B	음/ 청년들이 많이 오구요. 뭐/ 코디네이터서부터 시작해서 거기에서 다양한 교육들이 이/ 진행되고요. 특히, 어/ 김포같은 경우에는
2045.385	2054.375	speaker#B	어/ 뿌리산업이 중심이 된 그런 기업체들이 /os2 많아요. 청년들 /oe 요즘 세대에 맞는 일자리들이 많지 않지요.
2049.110	2049.950	speaker#A	 /os2 [음/(BC/understanding)] /oe 
2054.767	2073.677	speaker#B	그럼에도 불구하고 어/ 김포의 많이 기업들이 그/ 청년들하고 연계된 서로의 어떠한 취업 정보들을 이/ /os2 교환하는 /oe 아/ /os2 공간으로 /oe 활용도 어/ 되구요. 무엇보다도 앞으로 어/ 미래산업에 대한, (4차)/(사 차) 산업에 대한
2064.263	2064.873	speaker#A	 /os2 [음/(BC/understanding)] /oe 
2066.043	2066.508	speaker#A	 /os2 [네.(BC/continuer)] /oe 
2074.155	2084.922	speaker#B	그 부분들에 대한 어/ 어떤 정보습득이나 어/ 교육들 그들이 이/ 말한 공간들이 계속 좀 활성화되고 있습니다. n/ 
2085.229	2093.149	speaker#A	네, 아까 아드님, 따님 얘기를 하셨는데 오늘 이 방송을 굉장히 다양한 연령대의 시청자분들이 보고 /os2 계실거거든요. /oe 
2092.590	2093.150	speaker#B	 /os2 [아/ 그렇군요.(BC/affirmative)] /oe 
2093.467	2097.322	speaker#A	우리 미래를 이끌 우리사회 주역들에게 한말씀 남겨주시죠.
2098.568	2117.955	speaker#B	 n/ 사랑하는 우리 아들, 딸들 어/ 청년들 아/ 정말 미안해요. 여러분들이 정말 n/ 끼를 맘껏 발휘하고 또, 여러분들을 교육시킨 엄마, 아빠에게 월급을 받아서라도
2118.408	2127.388	speaker#B	 n/ 효도하고 싶은 마음 /os1 참 /oe 굴뚝같은데, 그것을 저희 어른들이 또 사회가 만들어주지 못한
2120.133	2120.403	speaker#A	 /os1 [음.(BC/continuer)] /oe 
2127.771	2146.103	speaker#B	 n/ 그러한 미안함을 전하고 있구요. 많은 지방 정부에서 또 국가에서 노력하고 있는 것도 알아주시고요. n/ 또 김포시와 같이 청년들이 취업하고 창업하고 그러한 좀 환경들을 만들어내기 위한
2146.560	2164.120	speaker#B	 n/ 여러가지 에/ 제도 어/ 들 부활하고 있구요. 여러분들의 힘이, 또 희망이 n/ 에/ 꿈이 이루어질 수 있도록 많이 노력하도록 하겠습니다. 그렇게 되기 위해서는 지금 어려움을
2164.482	2172.727	speaker#B	 n/ 좌절하지 마시고 어/ 힘있게 좀 함께 극복하고 풀어냈으면 좋겠습니다. 힘내세요, 여러분!
2173.145	2181.446	speaker#A	네. 응원의 말씀 제가 청년을 n/ 대표해서 감사드립니다. 또 전국적으로 도시재생뉴딜사업이 굉장히 활기를 /os2 띄고 /oe 있습니다.
2180.780	2180.890	speaker#B	 /os2 [음.(BC/continuer)] /oe 
2181.743	2198.018	speaker#A	이 도시재생뉴딜사업은 면적규모에 따라서 우리동네 살리기, 또 주거정비지원형 등 (5가지)/(다섯 가지) 유형으로 지원되는 사업인데요. 김포시에서도 도시재생뉴딜사업을 추진하고 계실텐데, 어느 지역에 어떤 유형의 사업이 추진되고 있나요?
2199.052	2205.812	speaker#B	(2개)/(두 개) 지역 억에 에/ 시범지역을 /os2 선정해서 /oe 아/ 추진하고 있고요.
2203.882	2204.552	speaker#A	 /os2 [음/(BC/understanding)] /oe 
2205.812	2206.082	speaker#A	 /os1 [네.(BC/continuer)] /oe 
2206.042	2214.717	speaker#B	 /os1 n/ /oe 도시재생사업을 하기 이전에 아/ 김포시는 마을만들기 사업을 그동안 체계적으로 어/ 준비해왔고요.
2214.717	2215.125	speaker#A	[네.(BC/continuer)]
2215.149	2224.245	speaker#B	아/ 최근에 와서는 많은 도시개발사업속에서 이제 도심재생사업에 대한 좀/ 비전과 미래설계를 좀/ /os2 해야되겠다. /oe 
2224.003	2224.483	speaker#A	/os2 [음.(BC/continuer)] /oe
2224.483	2242.561	speaker#B	그래서 도시재생 아/ 지원센터도 지금 설립해서 운영하고 있습니다. 아/ (2개)/(두 개)지역 중에 하나는 바로 한강신도시가 들어왔던 반도 어/ 인접해있는 그/ 원도심 쇠퇴한 n/ 지역을
2242.839	2247.333	speaker#B	대상으로 /os1 어/ 삼았구요. /oe 또 한 지역은 어/
2243.554	2244.219	speaker#A	 /os1 [네.(BC/continuer)] /oe 
2248.288	2260.658	speaker#B	남북분단에서 오는 접경지역내에 한 지역을 어/ 선정해서 두곳에 에/ 도시재생사업을 아/ 추진하고 있고요. 뭐/ 도시재생사업뿐만 아니라
2261.437	2268.427	speaker#B	본격적으로 하고 있는 어/ 뉴딜사업과도 좀 연계 에/ 시켜야 될 거 같아요.
2268.426	2269.030	speaker#A	[네.(BC/continuer)]
2269.030	2276.899	speaker#B	어/ 김포는 뉴딜사업의 정책 중에 그린뉴딜사업 /os1 업에 대한 /oe 것을 좀/ 접근해보고 싶어요.
2274.060	2274.949	speaker#A	/os1 [음/(BC/understanding)] /oe
2276.900	2277.616	speaker#A	[네.(BC/continuer)]
2277.636	2295.126	speaker#B	아/ 한강하구라고 하는 어/ 대한민국의 정말 역사, 문화, 모든 것들의 에/ 애환과 미래를 가진 한강하구의 그린뉴딜정책을 좀/ 어/ 접목을 시켜서 그것을
2295.440	2302.770	speaker#B	보존하고 생태환경적인것으로 좀/ 접근해 /os1 에/ 내서 /oe 새로운 어떠한
2299.833	2300.465	speaker#A	/os1 [음/(BC/understanding)] /oe
2303.067	2320.454	speaker#B	뭐/ 도시설계라기보다는 자연과 인간이 서로 공존할 수 있는 미래지향적인 관광산업중심의 그/ 뉴딜사업들을 한번 저희들이 가져보고자 한 큰 프로젝트를 좀/ 설계중에 /os2 있습니다. /oe 
2319.827	2320.442	speaker#A	 /os2 [아/(BC/assessment)] /oe 
2320.483	2337.239	speaker#A	뭔가 포도농장을 운영하셨던 시장님이 이렇게 말씀하시니까 그린뉴딜도 굉장히 잘 될 n/ 거 같은 n/ 그런 느낌이 들고요. 또 평화생태문화도시로 거듭나기 위해서 에/ 테마별 김포 둘레길을 조성하신다는 계획도 제가 기억에 남습니다.
2337.523	2345.283	speaker#A	이 시장님이 상상하시는 완성된 둘레길의 모습도 좀 궁금한데요. 어떤 테마들로 구성이 되는 건가요?
2345.699	2353.791	speaker#B	김포가 아/ 평화누리길을 조성을 했고요. n/ 뭐/ 전국에 n/ 둘레길이 얼마나
2353.825	2354.430	speaker#A	많죠. /os1 네 /oe 
2354.334	2361.351	speaker#B	 /os1 어/ /oe 많습니까. 어/ 그런데, 그 둘레길마다 지역의 특성을 잘 살린
2361.456	2361.886	speaker#A	[어후/ 네(BC/assessment)]
2361.890	2367.006	speaker#B	참, 아름답고 또 힐링할 수 있는 어/ 둘레길들이 있어요.
2367.006	2368.028	speaker#A	[맞아요, 맞아.(BC/affirmative)]
2368.028	2377.198	speaker#B	김포시는 전국에서 어/ 내놔도 빠지지 않는한 김포만의
2377.750	2378.491	speaker#A	 /os1 둘레길 /oe 
2377.765	2380.082	speaker#B	 /os1 에/ /oe 보물이 있습니다.
2380.122	2380.966	speaker#A	어? 뭔가요?
2380.951	2381.406	speaker#B	[네.(BC/continuer)]
2382.300	2384.355	speaker#B	바로, 철책길이죠.
2384.605	2386.155	speaker#A	[아/(BC/assessment)]
2386.297	2386.577	speaker#B	 /os1 이제 /oe 
2386.399	2388.259	speaker#A	 /os1 어/ 진짜! /oe 어디서도 볼 수 /os2 없는 /oe 
2388.135	2388.630	speaker#B	 /os2 [예.(BC/continuer)] /oe 
2388.917	2392.382	speaker#B	김포의 반도라고 /os1 했는데 /oe 
2391.812	2392.172	speaker#A	 /os1 [하/(BC/assessment)] /oe 
2392.382	2392.968	speaker#A	[네.(BC/continuer)]
2392.968	2401.245	speaker#B	뭐/ 가깝게는 어/ 서울하고 인접해 있는 어/ 일산을 넘어가는 그/ 김포대교에서부터
2401.260	2401.760	speaker#A	[네.(BC/continuer)]
2401.760	2412.010	speaker#B	한바퀴 둘러서 강화를 넘어가는 또 /os2 인천까지 모든 /oe 그 해안이 n/ 철책으로 /os1 둘러싸여 /oe 어/ 있지요.
2405.745	2406.535	speaker#A	 /os2 [아/ 하(BC/assessment)] /oe 
2409.975	2410.405	speaker#A	 /os1 [네.(BC/continuer)] /oe 
2412.647	2420.708	speaker#B	어/ 그 철책길을, 철책길을 따라서 어/ 생태분단길을 n/ 조성할려고 어/ 하고 있습니다.
2420.709	2421.343	speaker#A	[네.(BC/continuer)]
2421.343	2424.473	speaker#B	분단의 아픔도 함께 /os1 또 평화의 /oe 소중함도
2422.868	2423.333	speaker#A	 /os1 느낌 /oe 
2424.695	2433.354	speaker#B	느낄 수 있는 /os1 그러한 /oe 어/ 둘레길이 될 것이고요. 어느 지역보다도 아름다운 경관을 을 아직까지 유지하고 있는
2425.865	2426.190	speaker#A	 /os1 [네.(BC/continuer)] /oe 
2433.821	2442.311	speaker#B	사람이 발길이 닿지 n/ /os2 않는 /oe 어/ 진짜 접경지역 그/ 군인들 초소만 있는
2436.646	2437.001	speaker#A	 /os2 [네.(BC/continuer)] /oe 
2442.875	2451.708	speaker#B	군사 아/ 경계지역에 군하고 협력을 해서 /os1 둘레길을 /oe 좀 조성을하고 있습니다.
2448.645	2449.160	speaker#A	 /os1 [음/(BC/understanding)] /oe 
2451.708	2453.857	speaker#A	거기도 색다른 분위기가 /os2 되겠네요. 그러면. /oe 
2453.323	2454.569	speaker#B	 /os2 아, 색다른 /oe 분위기죠?
2454.584	2454.959	speaker#A	[네.(BC/continuer)]
2454.958	2460.238	speaker#B	다른데서는 볼 수 없는 김포만 /os2 갖고 있는 /oe 정말로 어/
2457.393	2457.988	speaker#A	 /os2 [음.(BC/continuer)] /oe 
2461.068	2465.176	speaker#B	큰 의미를 갖고 있는 둘레길이 /os1 조성되고 /oe 있습니다.
2463.648	2464.023	speaker#A	 /os1 [아/(BC/assessment)] /oe 
2465.226	2465.641	speaker#A	[네.(BC/continuer)]
2465.621	2477.564	speaker#B	올해 (12월)/(십 이 월) 에 또/ 둘레길의 중심인 애기봉 평화생태공원이 준공이 돼요. /os1 애기봉 /oe 생태공원에서 어/ 바라보는
2474.281	2474.856	speaker#A	 /os1 [음/(BC/understanding)] /oe 
2477.565	2478.016	speaker#A	[네.(BC/continuer)]
2478.016	2488.256	speaker#B	한강하구요. 김포사람들은 조망이라 그래요. 그 속에서 어/ 바라보는 그 경치는 /os1 아/ 정말 /oe 일품 중의 일품 경관 중의 경관입니다.
2484.971	2485.276	speaker#A	 /os1 [아/(BC/assessment)] /oe 
2488.256	2490.216	speaker#A	어. 한번 /os1 보러가고 싶네요. n/ 네. /oe 
2489.231	2490.421	speaker#B	 /os1 네, 기대하셔도 돼요. /oe 
2490.221	2499.688	speaker#A	 n/ 다음에 완성이 되고나면 꼭 한번 방문하고 싶다는 생각이 듭니다. 네, 이번에는 이/ 최근 김포시정의 중심인
2499.945	2518.009	speaker#A	국가철도망 도시계획 구축계획에 대해 이야기를 나눠보려고 하는데요. 이 교통이라는게 워낙 주민들의 삶에 밀접한 모습 그 사안이다보니까 이게 현안이 해결되면 주민들은 굉장히 삶의 질이 높아지는거거든요. 이 철도교통 여건을 개선하기 위해서
2518.310	2534.873	speaker#A	서울 지하철 (5호선)/(오 호선) 또 인천 지하철 (2호선)/(이 호선)에 김포연장 계획을 정부의 제 (4차)/(사 차) 국가철도망 구축계획에 반영해야 한다고 강조하셨습니다. 이 현재 이 사업의 용역 결과는 어떻게 되나요? 긍정적으로 보고 계신가요?
2535.980	2543.260	speaker#B	긍정적으로 만들어야 될거라고 생각이 /os1 들어요. /oe 어/ 서울지하철이
2539.071	2539.716	speaker#A	 /os1 n/ /oe 
2544.335	2555.093	speaker#B	(500000)/(오십 만) 대도시에 진입을 앞둔 김 곳 김포에 유일하게 에/ 운행을 하고 있지 이/ 못하죠.
2555.093	2555.613	speaker#A	[네.(BC/continuer)]
2556.099	2566.647	speaker#B	어/ 평균연령 (39세)/(삼십 구 세) 젊은 도시 거의 대부분의 시민들이 서울, 인천으로 출퇴근들을 /os1 하셔요. /oe 
2566.366	2566.631	speaker#A	 /os1 [어.(BC/continuer)] /oe 
2566.649	2567.277	speaker#A	[그렇죠.(BC/affirmative)]
2567.277	2572.038	speaker#B	아침에 출퇴근 시간은 교통이 아니라 그냥 고통이죠. n/ 
2572.038	2572.841	speaker#A	[네.(BC/continuer)]
2572.891	2591.092	speaker#B	그래서 그 근본적인 어/ 교통대책은 서울 지하철의 김포 어/ 연장입니다. 어/ 서울에서 어/ 서울 지하철 (5호선)/(오 호선)을 인근 아/ 지역으로 이전하는 계획들을 아/ 세웠고요. 그것을 김포시가
2591.445	2598.514	speaker#B	어/ 그 유치를 어/ 추진하고 있는데, 현재 서울시가 용역을 하고 /os1 어/ 있습니다. /oe 
2597.280	2598.090	speaker#A	 /os1 [어/ 네(BC/continuer)] /oe 
2599.087	2613.142	speaker#B	용역 어/ 결과에 따라서 많이 에/ 이제 결과가 나올텐데 올 (10월)/(시 월)달에 에/ 국가철도망 구축계획에 에/ 반영을 시켜야 되는 /os1 포함을 /oe 시켜야 되는
2611.550	2611.870	speaker#A	 /os1 [네.(BC/continuer)] /oe 
2613.495	2629.425	speaker#B	어/ 큰 숙제를 좀 남겨두고 있습니다. 인천에서 고양시를 가는 인천 지하철 (2호선)/(이 호선)도 어/ 마찬가지구요. 또, 최근에 와서는 대도시권 광역교통위원회가 어/ 수도권
2629.774	2638.834	speaker#B	어/ 서북부지역에 (GTX)/(지티엑스) 노선을 /os1 아/ /oe 검토하고 있는데 그 (GTX)/(지티엑스) 뒤에 노선도 어/ 수도권 서북부
2632.974	2633.934	speaker#A	 /os1 [어/ 네.(BC/assessment)] /oe 
2639.158	2658.135	speaker#B	어/ 김포 한강신도시를 어/ 출발해서 부천을 거쳐서 서울 남부 지역을 거쳐서 하남까지 가는 그 원대한 어/ 국가철도망계획들이 에/ 좀 구상되고 있구요. 그/ 이 모든 것들이 올 (10월)/(시 월)달에 /os1 국가철도망 /oe 
2657.023	2658.073	speaker#A	 /os1 결정이 나는군요. /oe 
2658.136	2659.052	speaker#B	구축계획에
2659.052	2659.322	speaker#A	[네.(BC/continuer)]
2659.342	2663.677	speaker#B	어/ 반영을 시켜 어/ 야 되는 큰 숙제를
2663.822	2664.565	speaker#A	 /os1 어/ 아직 /oe 
2664.412	2665.017	speaker#B	 /os1 하고 있습니다. /oe 
2665.103	2673.866	speaker#A	마음이 /os2 무거우시겠어요. /oe 꼭 해결되시길 반영되길 바랍니다. 또 시장님께서 앞서 취임 (2주년)/(이 주년)을 맞아 열린 토론회에서
2666.243	2666.558	speaker#B	 /os2 [네.(BC/continuer)] /oe 
2674.224	2685.987	speaker#A	그동안은 없던거를 만들어내기 위한 도전의 연속이었다 이런 말씀을 해주셨는데요. 시장님의 취임 전, 후로 김포시에서 어떤게 가장 많이 바뀌었다고 생각하세요?
2686.647	2694.686	speaker#B	도시 인프라들이 굉장히 에/ n/ 취약했습니다. 어/ 짧은 시간에
2697.740	2707.371	speaker#B	(2008년)/(이천 팔 년)도 (230000)/(이십 삼만)인 도시가 (10년)/(십 년) 후인 (2018년)/(이천 십 팔 년)도에 /os2 (460000)/(사십 육만) /oe 인구가 됐어요.
2705.515	2706.200	speaker#A	 /os2 [어/(BC/understanding)] /oe 
2707.725	2709.675	speaker#B	(2배)/(두 배)로 늘어난 /os2 것이죠. /oe 
2709.175	2709.650	speaker#A	 /os2 [네.(BC/continuer)] /oe 
2710.563	2727.083	speaker#B	그 팽창하는 도시에 에/ 맞는 도시 인프라들이 굉장히 준비되지 못했죠. 조금전에 말씀드렸던 도시철도뿐만 아니라 /os1 아직까지도 /oe 대학병원 하나 /os1 없는 곳이기도 /oe 하죠.
2722.560	2722.720	speaker#A	 /os1 [네.(BC/continuer)] /oe 
2725.640	2726.370	speaker#A	 /os1 [음/(BC/understanding)] /oe 
2727.417	2746.884	speaker#B	어/ 최근에 와서 어/ 민선 (7기)/(칠 기)에서 어/ 경희대학교하고 어/ 김포에 있는 개발지역내에 대학원과 대학병원에 대한 유치를 n/ 많은 부분 좀/ 진도를 을/ /os1 나가고 /oe 어/ 있구요.
2744.942	2745.322	speaker#A	 /os1 [음.(BC/continuer)] /oe 
2746.884	2747.259	speaker#A	[네.(BC/continuer)]
2747.274	2766.658	speaker#B	좋은 결과가 아/ 될거라고 기대하고 어/ 있습니다. 여러가지 에/ 굵직굵직한 사회기반시설들 도시 인프라를 구축하는 어떤 과제 뿐만 아니라 시민들이 소소하게 일상에서 어/ 행복을 느낄 수 있는
2767.083	2771.216	speaker#B	그러한 좀/ 인프라들이 좀/ 필요 n/ 할거라고 생각이 들어요.
2771.231	2771.746	speaker#A	[네.(BC/continuer)]
2771.746	2778.735	speaker#B	주말에 아이들 손잡고 산책이라도 할 수 있는 도시공원들, /os1 또 물놀이 /oe 시설들
2776.696	2777.876	speaker#A	 /os1 [어! 좋죠.(BC/positive surprise)] /oe 
2778.749	2779.184	speaker#A	[네.(BC/continuer)]
2779.194	2793.289	speaker#B	이제 이런 부분들이 에/ 곳곳에 에/ 설치 이/ 됐으면 좋겠다. 그래서 이제는 소소하지만 확실한 도시민들이 함께
2793.813	2804.055	speaker#B	휴식과 힐링을 할 수 있는 그러한 도시기반시설들을 n/ 갖추기 위해서 (2020년)/(이천 이십 년)도에는 좀/ 총력을 좀 기울이고 n/ 어/ 있습니다.
2804.241	2812.886	speaker#A	네, 그렇다면 이제 반환점을 도셨잖아요. 이 남은 임기동안 이 현안은 꼭 해결해야겠다 하는 목표와 각오가 있을까요?
2814.394	2834.146	speaker#B	(20년)/(이십 년)동안 김포를 먹여살렸 은것이 무엇이냐고 어/ 물으면 (30000개)/(삼만 개)에 달하는 /os2 공장과 /oe 제조사업장 뿌리산업이었죠. n/ 그런데 경쟁력이 많이 약해요.
2827.443	2827.773	speaker#A	 /os2 [음.(BC/continuer)] /oe 
2835.431	2846.106	speaker#B	그 뿌리산업의 에/ 기업들을 경쟁력을 을/ 갖추기 위해서 여러가지 으/ 지원 특히,
2846.479	2863.204	speaker#B	환경개선에 대한 시설 얼/ 들을 어/ 풀어내야겠다 그래서 어/ 뿌리산업체에 대한 기업경쟁력을 높여내는 /os2 것이 /oe 또 앞으로도 (20년)/(이십 년)을 김포를 먹여살릴 거라고 n/ 어/ 생각이들구요.
2857.844	2858.529	speaker#A	 /os2 [음/(BC/understanding)] /oe 
2863.205	2863.708	speaker#A	[네.(BC/continuer)]
2863.708	2871.851	speaker#B	두 번째로 김포를 먹여살릴 것이 무엇이냐? 사람의 수에요. 많이 늘어난 김포시에 그 시민들이
2871.881	2872.341	speaker#A	[네.(BC/continuer)]
2872.535	2885.312	speaker#B	김포의 어떠한 정체성과 정주의식을 갖고 김포를 떠나지 않고 김포에서 아이들을 기우 /os1 교육을 /oe 시키고 하기 위해서는 거기에 맞는
2881.436	2881.746	speaker#A	 /os1 [음/(BC/understanding)] /oe 
2885.682	2886.297	speaker#A	 /os1 기반이 /oe 
2885.687	2890.367	speaker#B	 /os1 어떠한 /oe 소소한 인프라 일자리를 만들어 어/ 내는 것이죠.
2890.584	2890.859	speaker#A	[네.(BC/continuer)]
2890.858	2909.196	speaker#B	네. 이런 것들이 공장을 많이 지어서가 아니라 젊은 인력들 또 경력단절여성들 또, 새로운 산업구조를 만들어 어/ 가야되겠다 그러기 위해서는 전기자동차든 미래 융, 융복합 클러스트
2909.424	2917.183	speaker#B	산업단지를 만들어야 n/ 되는 것이고요. 또 김포는 인청공항 또 김포공항이 /os2 인접해있기 /oe 때문에
2915.759	2916.344	speaker#A	 /os2 [아, 그럼요.(BC/affirmative)] /oe 
2917.183	2920.656	speaker#B	글로벌 비즈니스 /os2 산업단지를 /oe 만들어야되겠다,
2918.703	2919.313	speaker#A	 /os2 [오/(BC/assessment)] /oe 
2920.707	2922.047	speaker#A	 /os1 위치가 /oe 진짜 좋네요.
2920.806	2922.586	speaker#B	 /os1 이것이 /oe 새로운
2922.642	2923.012	speaker#A	[네.(BC/continuer)]
2923.116	2928.261	speaker#B	새로운 산업구조와 일자리를 만들어내는 정책이구요. /os1 그리고, /oe 
2927.151	2927.701	speaker#A	 /os1 [음/(BC/understanding)] /oe 
2928.871	2933.164	speaker#B	또 하나의 김포 (50년)/(오십 년)을 먹여살릴 것이고 /os1 무엇이냐 /oe 조사를 하면
2931.989	2933.538	speaker#A	 /os1 (50년)/(오십 년)이나. /oe  네.
2933.538	2936.368	speaker#B	그거는 관광산업 n/ 어/ 이죠.
2937.145	2937.479	speaker#A	 /os1 [아/(BC/understanding)] /oe 
2937.344	2945.822	speaker#B	 /os1 인천공항에서 /oe (30분)/(삼십 분)이면 김포에 오구요. 김포공항에서 (15분)/(십 오 분)이면 김포에 /os1 도착을 /oe 하게 되지요.
2944.439	2944.869	speaker#A	 /os1 [음/(BC/understanding)] /oe 
2946.562	2954.126	speaker#B	그러한 유리한 조건을 얼/ 가지고 김포만의 어떤 관광산업을 만들어 /os1 내기위한 /oe 
2953.382	2953.512	speaker#A	 /os1 [네.(BC/continuer)] /oe 
2954.475	2957.330	speaker#B	그러한 좀/ 프로젝트가 지금 진행되고 어/ 있습니다.
2957.605	2974.117	speaker#A	어/ 정말 그렇게 되면 많은 외국분들도 방문하시고 또 국내분들도 김포 둘레길이나 다른 n/ 관광명소를 찾으실 거 같네요. 마지막으로 올해가 달력을 보니까 정말 몇 달 안 남았더라구요. 이 시기가 되면 다들 어? 새해에 세웠던 목표를 다시 (1번)/(한 번) 돌아보는
2974.314	2979.809	speaker#A	시기기도 한데요. 시장님의 아주 개인적인 목표가 있다면 어떤게 있을까요?
2980.365	2995.447	speaker#B	(2년)/(이 년)의 시간을 시장으로서 그 책무를 수행했고요. 김포같은 경우에는 지난해 에/ 하반기서부터 아프리카 돼지열병으로 큰 시련을 /os1 겪었구요. /oe 
2994.777	2996.027	speaker#A	/os1 [아, 네.(BC/continuer)] /oe
2996.147	3002.024	speaker#B	끝나자마자 코로나(19)/(일구)가 또 다른 또 어려움을
3002.025	3002.531	speaker#A	[네.(BC/continuer)]
3002.531	3003.377	speaker#B	어/ 갖게
3003.376	3004.141	speaker#A	쉽지 않죠.
3004.172	3024.006	speaker#B	했구요. 바이러스하고의 에/ 전쟁을 계속 어/ 치루고 어/ 있습니다. 뭐/ 정부에서도 어/ 많은 부분 정책을 수집하고 있지만, 아/ 김포가 좀/ 안전한 어/ 도시로 만들어야 될 거 같아요. 보건 의료시설들을
3024.270	3035.170	speaker#B	좀/ 갖추는 것이 좀/ 어/ n/ 새로운 들판의 /os1 에/ /oe 인프라 도시 안전한 도시를 만들어내기위한 그런것이 아닌가싶어요. 그래서
3029.180	3029.590	speaker#A	 /os1 [네.(BC/continuer)] /oe 
3035.589	3047.854	speaker#B	어/ 제 (2)/(이) 보건소를 건립하고 있는데 또 새로운 지역지역마다의 보건의료체계를 좀/ 어/ 더 지금보다 폭넓게 확충
3048.322	3051.885	speaker#B	해야되는 n/ 것이 /os1 좀 아/ /oe 중요하다고 생각을 하고 있습니다.
3049.292	3050.702	speaker#A	 /os1 중요하죠. 네. /oe 
3052.173	3060.643	speaker#A	제가 개인적인 목표를 여쭤봤는데 또 이렇게 김포시를 n/ 생각하시면서 어떻게 하면 김포에 더 좋은 일을 할까 이 생각만 하시는거 /os2 같아요. /oe 
3060.338	3060.603	speaker#B	 /os2 [예.(BC/continuer)] /oe 
3060.916	3065.027	speaker#A	아주 개인적인 목표 이런 건 없으세요? 뭔가 건강 관련한 /os2 거라던지 /oe 
3064.875	3072.788	speaker#B	 /os2 개인적인 /oe 목표는요. 아들이 어/ 에/ 아직까지 아빠를 도와서 포도밭일을 n/ 했어요.
3072.780	3073.367	speaker#A	[네.(BC/continuer)]
3073.826	3076.562	speaker#B	근데 아들이 포도밭을 하고 싶어해요.
3076.562	3077.916	speaker#A	[아/(BC/assessment)]
3077.916	3085.480	speaker#B	그래서 이제 아빠가 아들을 위해서 포도밭일을 도와줘야되겠다 라는 개인적인 /os1 생각을 /oe 합니다.
3083.806	3084.891	speaker#A	 /os1 [오/(BC/assessment)] /oe 
3085.481	3085.827	speaker#A	[네.(BC/continuer)]
3085.826	3097.137	speaker#B	어/ 올해 포도나무를 심어줬구요. n/ 음/ 아들이 직업으로서 제 (2)/(이)의 상민원 포도농장을 n/ 운영했으면 좋겠구요.
3097.124	3097.445	speaker#A	[네.(BC/continuer)]
3097.445	3099.080	speaker#B	근데 경험이 없다보니까
3099.080	3100.632	speaker#A	아직은 /os1 미숙하죠. /oe 네.
3099.620	3100.150	speaker#B	 /os1 [예.(BC/continuer)] /oe 
3100.632	3112.973	speaker#B	어/ 아빠가 함께 멋진 아들의 상민원 포도밭을 n/ 만들어주는게 제가 가장으로서 가족의 에/ 성원으로서
3112.981	3113.406	speaker#A	[네.(BC/continuer)]
3113.365	3114.305	speaker#B	어/ 해야될
3114.673	3115.343	speaker#A	 /os1 목표은 /oe 
3114.682	3116.095	speaker#B	 /os1 개인적인 /oe 목푭니다.
3116.309	3118.964	speaker#A	네. 꼭 /os2 이뤄지시길 /oe 바라겠습니다.
3117.829	3118.129	speaker#B	 /os2 [예.(BC/continuer)] /oe 
3119.333	3126.493	speaker#A	네. 오늘 정하영 김포시장님 모시고 진솔한 이야기 나눠봤는데요. 시장님! 오늘 (The interview)/(더 인터뷰)에서의 시간 어떠셨어요?
3127.062	3129.152	speaker#B	개인적인 이야기해서 /os2 좋았고요. /oe 
3128.782	3128.917	speaker#A	 /os2 [네.(BC/continuer)] /oe 
3130.237	3142.611	speaker#B	다른 뭐/ 지방자치단체 시장군수님들께서 저보다 많은 정책과 사업들을 을/ 펼치고 계신데 어/ 뭐/ 이 자리에서 김포가 할 수 있는
3143.235	3150.718	speaker#B	우리들의 일, 우리들의 과제를 허심탄회하게 좀/ 말씀드려서 어/ 좀 행복했습니다.
3150.718	3156.418	speaker#A	아우, 네. 저도 함께 행복했습니다. 마지막으로 시청자분들께 마무리 인사 부탁드릴께요.
3156.762	3174.190	speaker#B	네. 시청자 여러분! 시대가 많이 변하고 어/ 있습니다. 그 변화에 대처하기 위해서 정말 어/ 바쁘실텐데요. 어/ 김포시를 한번
3176.402	3183.540	speaker#B	둘러봐주십시요. 김포의 어제, 오늘 그리고 내일을 준비하는
3183.873	3199.739	speaker#B	그/ 순간순간을 우리 시청자 여러 여러분들께서 함께 해주셨으면 아/ 좋겠구요. 내년에 김포만 갖고 있는 대한민국의 유일하게 에/ 남아있는 분단
3200.066	3216.129	speaker#B	접경지역에 애기봉평화생태공원이 어/ 개관을 합니다. 꼭 한번 어/ 놀러오셔서 평화의 에/ 소중함 그리고 남북통일의 바램들 그리고 어/
3216.480	3230.313	speaker#B	김포만 갖고 있는 그 아름다운 자연경관들을 함께 에/ 좀/ 맛보셨으면 어/ 좋겠다. 이런 말씀을 드리고 시청해주셔서 감사드립니다. /os1 감사합니다. /oe 
3229.718	3236.324	speaker#A	 /os1 n/ /oe n/ 네, 앞으로도 시장님의 행보를 기대도록 하겠습니다. 오늘 귀한 시간 내주셔서 /os2 감사합니다. /oe 
3235.998	3236.283	speaker#B	 /os2 [예.(BC/continuer)] /oe 
3236.454	3237.333	speaker#B	 /os2 수고하셨습니다. /oe 
3237.164	3237.324	speaker#A	 /os2 [네.(BC/continuer)] /oe 
3238.525	3257.382	speaker#A	(2020)/(이천 이십) 지방자치행정대상을 수상하신 김포시의 정하영 시장님을 만나봤습니다. 앞으로도 활발한 시정활동을 펼쳐주시길 바라면서 오늘 (The interview)/(더 인터뷰)는 여기서 인사드리겠습니다. n/ 저희 방송은 네이버 티비와 유튜브로도 다시 보실 수 있습니다. 지금까지 진행에 백일홍이었습니다. 고맙습니다. 
