20.612	38.522	speaker#A	강사뉴스 가족 여러분 안녕하십니까. 강사뉴스 (TV)/(티비) 행복 토크쇼 메인 앵커 김용진입니다. 씁/ 정말 행복한 일들이 많습니다. 행복 토크쇼가 지금 방송되면서 미국에서 더 연락이 옵니다. 왜요? 재밌으니까요. 그리고 들을 내용이 있으니까요.
38.778	55.693	speaker#A	씁/ 사실 우리 강사들이 강의할 때에 주된 내용은 행복이어야 한다고 생각합니다. 그런데 행복한 이야기를 좀 필요한데 그 소재가 필요한데 소재를 못 찾아서 강의 시간을 그냥 대충 떼우고 넘어가는 경우가 있다고 하죠.
56.227	68.442	speaker#A	저 역시 그랬던 적 있고요. 그래서 말입니다. 행복 토크쇼를 여러분이 주목하실 필요가 있습니다. 행복 토크쇼는 월요일부터 토요일까지 매주 여섯 분이 번갈아 가면서 등장하시는데
68.767	82.532	speaker#A	이 분들은 우리 사회에 다양한 분야에서 다양하게 활동을 하는 아주 유명한 멋진 분들입니다. 오늘은 그 가운데에 대전에 있는 침례신학대학교의 학생처장으로 계신 노원석 박사님을 모셔봤습니다. 이 분이요, 굉장히 바쁩니다.
83.069	100.130	speaker#A	금년 여름에도 논문도 쓰셔야 되고 또 뭐 학술 발표도 준비하셔야 되고 또 (2학기)/(이 학기) 강의 준비도 해야하고 보직 교수로서 학교의 행정도 또 담당하셔야 하기 때문에 엄청나게 바쁜데 오늘 특별히 강사뉴스 (TV)/(티비) 행복 토크쇼를 위해서 자리를 해주셨습니다. 자 노원석교수십니다.
100.130	108.420	speaker#B	네, 안녕하십니까. 아/ 침례신학대학교에서 어/ 강의를 하고 있는 노원석 교숩니다. 어/ 만나뵙게 돼서 대단히 반갑습니다.
109.363	113.331	speaker#A	아, 깐깐합니다. n/ 하하하하하. 이제 방학인데.
113.331	113.721	speaker#B	[네.(BC/continuer)]
113.903	116.064	speaker#A	다른 교수님들은 뭐 학교에 안 계실텐데.
116.064	116.444	speaker#B	[네.(BC/continuer)]
116.444	117.795	speaker#A	음/ 행정
117.795	118.791	speaker#B	n/ 행정 때문에
118.791	123.273	speaker#A	/os2 맡으시니까, /oe 어쩔 수 또 나오시고, n/ 그 참에 또 이렇게 행복 토크쇼의
119.296	119.681	speaker#B	/os2 [네.(BC/continuer)] /oe
123.273	123.689	speaker#B	[예 예.(BC/continuer)]
123.689	132.069	speaker#A	함께 해주셔서 고맙고요. 오늘은 침례신학대학교를 잘 모르는 분들이 계세요. 왜냐하면 또 이제 종교와 /os2 관계된 /oe
131.913	132.538	speaker#B	/os2 [예. 그렇죠.(BC/affirmative)] /oe
132.587	138.841	speaker#A	특성화된 /os2 대학이니까, /oe 일반 대학과 좀 차이가 /os2 있잖아요. /oe 그래서 강사뉴스 (TV)/(티비)가 하루에 (1000명)/(천 명)이상
133.997	134.387	speaker#B	/os2 [네네.(BC/continuer)] /oe
135.927	136.312	speaker#B	/os2 [네.(BC/continuer)] /oe
138.838	139.383	speaker#B	[네.(BC/continuer)]
139.445	148.406	speaker#A	어/ 대학에 계신 분도 있고, 강사분들도 있고, 이 분들이 주로 오/ 보시는 공간이기 때문에 n/ 침례신학대학교 이야기를 좀 오늘 좀 많이 해주십시오.
148.406	149.056	speaker#B	네. 그/
149.333	153.843	speaker#A	침례신학대학교가 본래 에/ 대전에서 있었던가요?
153.843	155.266	speaker#B	네, 대전에서 시작했습니다.
155.291	157.705	speaker#A	/os2 그렇습니까? /oe 서울에도 있지 않습니까?
155.736	156.136	speaker#B	/os2 [네네.(BC/continuer)] /oe
157.705	162.330	speaker#B	서울에 있던 것이 통합되가지고 지금 전국에 대전에 하나만 있는 교단 /os2 신학교입니다. /oe
161.915	162.330	speaker#A	/os2 [아/(BC/assessment)] /oe
162.335	164.628	speaker#A	예전에 그 /os2 수도침신이라고 하는 것이 /oe
163.388	167.414	speaker#B	/os2 수도침신이라고 /oe 합병을 해가지고 /os1 u/ /oe 이제 합해져가지고 예.
165.228	166.198	speaker#A	/os1 [아, 그렇군요.(BC/affirmative)] /oe
167.453	169.373	speaker#A	그럼 /os2 침례교단은 여기 하나 /oe
168.253	170.822	speaker#B	/os2 침례교단은 대전에 /oe 하나만 있습니다. 신 학교가
170.824	176.069	speaker#A	아, 그렇군요. 침례신학대학교가 그럼 여기에서 침례교단 목사 이제 다 배출되는 거군요.
176.069	176.852	speaker#B	그렇죠, 예.
176.852	179.907	speaker#A	아/ 침례교 목사님이 되는 과정은 어떻게 됩니까?
180.357	191.062	speaker#B	어/ 침례교는 다른 교단하고 달리 좀 자유로운 것들을 추구하기 때문에 예전에는 이제 학부 과정만 해도 안수를 받을 수 있었는데 점점 시간이 지나면서 요즘에는
191.587	203.567	speaker#B	지방회 별로 신대원 과정을 거의 필수로 두는 어/ 지방 애들이 많습니다. /os1 그래서 /oe 예전에는 학부만 했어도 안수를 받을 수 있었는데 /os1 요즘은 /oe 어/ 신대원 과정을 다
197.212	198.097	speaker#A	/os1[아/(BC/assessment)] /oe
201.032	201.637	speaker#A	/os1 [예/(BC/understanding)] /oe
204.061	208.061	speaker#B	마쳐야지만 안수 받을 수 있는 어/ 그런 쪽으로 가고 있습니다. 지금
208.041	210.081	speaker#A	그 신대원이라고 하는게 (3년)/(삼 년) /os2 과정이나요? /oe
209.561	210.246	speaker#B	/os2 (3년)/(삼 년) /oe 과정이요.
210.251	219.537	speaker#A	(Master of Divinity)/(마스터 오브 디비니티) /os2 과정? 예.(M-div)/(엠 디비) 과정? /oe 아, 그렇군요. n/ 침례신학대학교의 그 신학대학원은 학생을 몇 명이나 뽑습니까? n/
211.296	213.596	speaker#B	/os2 예. 신학대학원 과정입니다. 예예. /oe
219.669	222.630	speaker#B	지금 현재 한 (150명)/(백 오십 명)정도 이렇게 뽑고 있습니다.
222.630	223.408	speaker#A	(150명)/(백 오십 명) n/
223.408	229.492	speaker#B	주간 과정도 있고 야간 과정도 있고 /os1 그래서 /oe 아무나 이렇게 관심있는 분들 야간에도 또 할 수 있습니다.
225.313	225.818	speaker#A	/os1 [아/(BC/assessment)] /oe
230.195	239.139	speaker#A	사실 우리나라를 행복하게 하는 일에 우리 성직자 /os2 특히 목사님들이 /oe 굉장히 큰 역할을 한다고 전 생각해요. n/ 어/ 밖으로 드러나지 않아서 그렇지.
233.455	233.710	speaker#B	/os2 [예.(BC/continuer)] /oe
239.634	252.489	speaker#A	이 분들이 매주 규칙적으로 성인 교육 또는 청소년 교육, 아동 교육 그리고 어르신 교육 n/ 까지 이 교회라는 공간안에서 이렇게 모시고 그 분들에게 영적인 감화를 주고
253.005	260.150	speaker#A	또 성경 교육을 통해서 보다 더 윤리적인 삶을 살아가도록 n/ 안내해주고 계속 지도해주잖아요.
260.149	260.424	speaker#B	[네.(BC/continuer)]
260.744	266.829	speaker#A	그게 우리 한국 사회를 안전하게 만드는데 굉장한 역할을 감당한다고 저는 생각합니다.
266.830	267.210	speaker#B	네.
267.788	278.748	speaker#A	그래서 이런 성직자들을 배출하는 신학대학의 기능은 다른 어떤 지식을 전수하고 시대의 그 문명의 맞추어가는 그런 리더
279.002	286.971	speaker#A	그들을 배출하는 대학교와 또 다른 /os1 메리트가 /oe 있다고 생각을 /os1 하는데, /oe 전에 침례신학대학교 신학대학원 원장님 하셨지 않아요?
281.087	281.252	speaker#B	/os1 [네.(BC/continuer)] /oe
282.157	282.446	speaker#B	/os1 [예.(BC/continuer)] /oe
287.170	288.388	speaker#B	아/ 원장 /os2 안했어요. /oe
288.223	290.358	speaker#A	/os2 아하, /oe n/ 재선입니까? 아/ 그렇군요.
290.854	294.682	speaker#A	어/ 신학생들만 있는게 아니죠? 침례신학대학은?
294.682	298.019	speaker#B	어/ 예. 그 일반학과도 학부과정에는 있습니다.
298.014	299.244	speaker#A	어떤 과가 /os2 있습니까? /oe
298.619	302.809	speaker#B	/os2 원래는 /oe 이제 신학과하고 기독교 교육, 종교음악만 있었는데요.
302.816	303.234	speaker#A	[네.(BC/continuer)]
303.214	306.299	speaker#B	어/ 한 (2 30년)/(이 삼십 년)전부터는 어/ 사회복지학,
306.442	307.182	speaker#A	[아/(BC/assessment)]
307.187	308.231	speaker#B	상담심리학,
308.315	309.066	speaker#A	상담심리.
309.066	311.351	speaker#B	그리고 영어, 유아교육,
311.495	312.440	speaker#A	아/ 영어과도 있습니까?
312.446	313.391	speaker#A	네. 영어과도 /os2 있고요. /oe
313.321	318.114	speaker#A	/os2 아. /oe 침신데 n/ 영어과가 실력이 좋다. 이런 얘기를 n/ 들었는데, 예. 영어를 참 잘한다고.
317.554	317.920	speaker#B	[예.(BC/continuer)]
318.116	323.545	speaker#A	특히 인제 아무래도 침례교의 선교사님들이 미국에서 많이 /os2 오시잖아요. /oe
323.271	323.941	speaker#B	/os2 [그렇죠, 예.(BC/affirmative)] /oe
324.022	325.902	speaker#A	그 분들이 여기 아마 /os1 교수요원으로 /oe
325.187	325.452	speaker#B	/os1 [네.(BC/continuer)] /oe
325.977	329.071	speaker#B	예전에 저 초창기에 많이 /os1 그렇게 했고요. 예 /oe
327.737	329.037	speaker#A	/os1 초창기에 많이 하셨죠. /oe
329.071	330.151	speaker#B	그 영향을 받은거죠.
330.186	330.831	speaker#A	[그렇죠.(BC/affirmative)]
330.930	333.330	speaker#A	뭐 우리 노원석 교수님도 미국에서 박사하셨고,
333.690	338.110	speaker#A	원래 영문학과 출신이고, 영어는 뭐 (Native speaker)/(네이티브 스피커)정도의
338.253	339.433	speaker#B	영어는 오래되서 다
341.737	342.912	speaker#A	n/ 한국말은 기억나십니까?
343.007	344.032	speaker#B	뭐 한국말은 좀 잘
344.432	345.512	speaker#A	n/ 좀, 좀 잘 하시고. n/
346.071	353.372	speaker#A	자 우리 침례신학교 제가 /os2 들어오면서 /oe 침신대 입구부터 이 건물이 높지 않고 낮아서
348.706	349.031	speaker#B	/os2 [네.(BC/continuer)] /oe
353.372	353.597	speaker#B	[에.(BC/continuer)]
353.882	355.402	speaker#A	굉장히 편안함을 /os2 주더라구요. /oe
355.362	355.747	speaker#B	/os2 [네.(BC/continuer)] /oe
355.851	357.736	speaker#A	학교가 전체적으로 낮은 건물이죠. n/
358.065	365.120	speaker#B	예. 전국적으로 그/ 우리 학과같은 경우에 에/ 전국에 있는 모든 기독교 교육학과 학생들이 모여서
365.816	368.001	speaker#B	학교를 돌아다니면서 행사를 합니다.
368.001	368.551	speaker#A	[예.(BC/continuer)]
368.551	378.325	speaker#B	전국에 있는 학생들이 신학생들이 왔을 때 저희 학교와서 처음 놀래는 것은 언덕이 아니고 평지에 학교가 있다는 n/ 그런 거 보고 놀래기도 합니다.
378.325	379.260	speaker#A	/os2 [아/ 그렇죠.(BC/affirmative)] /oe
378.840	378.965	speaker#B	/os2 [예.(BC/continuer)] /oe
379.648	381.822	speaker#A	부산 장신대를 갔더니 그 /os2 높더라구요. /oe
381.293	381.993	speaker#B	/os2 높은데 /oe 있죠.
382.005	386.312	speaker#A	높은데 있고, 우리 서울의 광나루 장신대도 좀 높아요.
386.312	386.976	speaker#B	[네.(BC/continuer)]
386.976	390.996	speaker#A	워크힐 호텔 옆에 전부 다 /os2 아차산이잖아요. /oe 아차! n/ 아시죠?
388.946	389.326	speaker#B	/os2 [네.(BC/continuer)] /oe
391.025	391.345	speaker#B	네. /os1 n/ /oe
391.290	395.135	speaker#A	/os1 예전에 /oe 이조 시대 때, n/ 왕이 여봐라 저 놈의 목을 쳐라!
395.415	410.880	speaker#A	그래가지고 인제 그 왕의 명을 받고 이제 탁 망나니가 탁해서 인제 목을 치는데 그때 파발이 따라오는데 멈춰라! 어명이다! 하는데 이미 망나니가 탁 쳐가지고 목이 탁 날아갔대요. 그래서 아차산 그러는데
411.354	422.674	speaker#A	아차산 n/ 저도 그래서 대학원 다닐 때 아차산 이렇게 등산도 하고 했습니다만, 높은데 /os2 있거든요. /oe 침신대는 낮은 /os2 언덕에 있어서, /oe 그리고 여기가
418.839	419.464	speaker#B	/os2 [예예.(BC/continuer)] /oe
420.739	421.369	speaker#B	/os2 [예예.(BC/continuer)] /oe
422.674	423.054	speaker#B	[네.(BC/continuer)]
423.259	425.313	speaker#A	(10년)/(십 년)전만해도 완전 변두리였거든요.
425.333	426.083	speaker#B	[그렇죠, 예.(BC/affirmative)]
426.433	431.489	speaker#A	그런데 이 행정수도가 생기고 나서는 대전의 한 가운데가 되는 거 /os1 같아요 /oe. 이제는
430.333	430.538	speaker#B	/os1 [네.(BC/continuer)] /oe
431.515	432.078	speaker#B	[예, 예.(BC/continuer)]
432.093	434.003	speaker#A	둔산동과 행정수도 한 /os2 가운데니까 /oe
433.722	434.387	speaker#B	/os2 그렇습니다. /oe
434.778	440.398	speaker#A	야아, 침례신학대학이 저 n/ 대한민국에서 좋은 땅을 차지한 거 /os2 같습니다. /oe
439.978	440.258	speaker#B	/os2 [예.(BC/continuer)] /oe
440.760	442.687	speaker#B	하나님이 또 좋은 /os1 u/ n/ /oe
441.661	448.896	speaker#A	/os1 복이 많은 땅을 잘 잡았다 그랬는데 /oe 아마 우리 노원석 교수님같이 침례신학대학 교수님들 거의 다가
449.183	450.438	speaker#A	뭐 (100%)/(백 퍼센트)는 아니라도
450.472	450.752	speaker#B	[네.(BC/continuer)]
451.052	452.446	speaker#A	성품이 온화한 분들
452.446	453.085	speaker#B	훌륭하신 분이
453.085	453.509	speaker#A	많죠?
453.509	453.947	speaker#B	예.
453.947	455.302	speaker#A	그런 n/ 분들이 계시니까
455.971	465.496	speaker#A	아/ 아마 그런 좋은 일이 생기지 않나 싶습니다. 씁/ 침례신학대학교에서 지금 어/ 배출된 목사님들
465.540	465.830	speaker#B	[네.(BC/continuer)]
465.830	466.588	speaker#A	일반인빼고
466.588	466.990	speaker#B	[네.(BC/continuer)]
467.005	468.660	speaker#A	목사님들 한 몇 분정도 되십니까?
469.639	470.337	speaker#B	하아.
470.367	472.027	speaker#B	/os1 정확한 /oe
470.467	471.322	speaker#A	/os1 어림잡아서. /oe
472.245	476.028	speaker#B	거는 모르겠는데 교회가 지금 한 (3000여)/(삼천 여) 교회 되는 걸로 봐서
476.058	476.878	speaker#A	[예.(BC/continuer)]
477.201	481.804	speaker#B	한 그 (2배)/(두 배)이상 배출되지 않았나 그런 생각이 /os2 듭니다. 네, 에. /oe
480.711	481.606	speaker#A	/os2 [그렇겠습니다.(BC/affirmative)] /oe
481.803	486.757	speaker#A	알겠습니다. 침신대 나오고도 또 외국으로 /os1 많이 가죠. 그쵸? /oe 특히 /os1 미국쪽으로 /oe
484.394	485.479	speaker#B	/os1 많이 가죠. 예. /oe
485.915	489.385	speaker#B	/os1 선교사도 가고 /oe 공부하러도 가고, n/ /os1 많이들 /oe 가고 /os2 있습니다. /oe
487.970	488.305	speaker#A	/os1 [그쵸(BC/affirmative)] /oe
489.060	489.405	speaker#A	/os2 [예.(BC/continuer)] /oe
490.485	494.170	speaker#A	침례신학대학교의 장점은 어떤 것이 있다고 생각하십니까?
494.816	501.742	speaker#B	어/ 뭐 학교마다 다 장점이 있는데 저희 학교는 인제 진리, 중생, 자유. /os1 진리, 중생, 자유. /oe
499.756	501.731	speaker#A	/os1 진리, 중생, 자유. /oe
501.742	515.367	speaker#B	어/ 특히 침례교단은 개인의 교회나 개인의 신앙의 그 자율성이나 자율을 많이 강조하는 그런 교단입니다. /os1 그래서 /oe 전통이나 아/ 어떤 틀에 얽매이지 않고
510.727	511.092	speaker#A	/os1 [네.(BC/continuer)] /oe
515.693	520.294	speaker#B	자유롭게 그 신앙 생활을 할 수 있는 그런 어떤 장점들이 있지 않나 그런 생각을 합니다.
520.294	525.349	speaker#A	아/ n/ 침례신학대학교의 지금 인제 기독교 학과장도 하셨죠?
525.348	526.338	speaker#B	기독교 /os2 교육학과, 예. /oe
526.338	531.248	speaker#A	/os2 기독교 교육학과. /oe 그게 졸업하면은 교육 학사 자격증인가요?
532.762	540.242	speaker#B	아. /os1 뒤에 /oe 아/ 교사는 인제 원하는 학생들 중에 /os1 선, /oe 그게 특정 학생 퍼센트가 있어요.
533.267	533.927	speaker#A	/os1 교사? /oe
537.292	537.822	speaker#A	/os1 [아/(BC/assessment)] /oe
540.218	540.973	speaker#A	[아 그래요?(BC/request confirmation)]
540.950	547.044	speaker#B	몇 명만 /os1 교직 이수자하고 /oe 나머진 전부 다 인제 일반 학사로 /os1 어/ /oe 나가는데
541.469	543.464	speaker#A	/os1 교직이수자 아/ /oe
545.850	546.320	speaker#A	/os1 [예.(BC/continuer)] /oe
547.338	550.135	speaker#B	어/ 자격증 과목이 또 여러 개 딸 수 있기 때문에
550.135	550.486	speaker#A	[네.(BC/continuer)]
550.486	554.995	speaker#B	영유야 보육 교사라든지, 평생 교육, 평, 평생 자격증이라든지.
554.995	555.627	speaker#A	평생교육사.
555.581	559.211	speaker#B	네, 평생교육사. /os1 그래서 /oe 그런 것들 하는 학생들도 많이 있구요.
556.731	557.190	speaker#A	/os1 [아/(BC/understanding)] /oe
559.675	560.203	speaker#A	가령
560.203	560.563	speaker#B	[예.(BC/continuer)]
560.890	565.340	speaker#A	저 같이 이렇게 대학에서 석박사를 한 사람들이 /os1 평생 /oe 교육사증이 필요할 때
563.845	564.100	speaker#B	/os1 [네.(BC/continuer)] /oe
565.340	565.640	speaker#B	[네.(BC/continuer)]
565.742	566.597	speaker#A	어떻게 할 수 있죠?
566.989	568.560	speaker#B	편입을 올 수도 있구요.
568.560	568.820	speaker#A	[예.(BC/continuer)]
568.820	572.115	speaker#B	예. 다시 뭐 입학해가지고 하는 방법도 있고
572.466	574.094	speaker#A	그 뭐 (1년)/(일 년)과정 이런 거 있지 않습니까?
574.104	581.203	speaker#B	여기는 그 정도는 아닌 거 같아요. /os1 우리는 /oe 인제 학 그 학사과정 내에 있는 거기 때문에 그 과정을 통해서
576.299	576.879	speaker#A	/os1 [아/(BC/assessment)] /oe
581.490	583.215	speaker#A	그러면 최소한 (2년)/(이 년)을 /os2 해야된다. /oe
583.052	584.318	speaker#B	/os2 최소한 /oe (2년)/(이 년)은 해야
584.317	588.882	speaker#A	(3학년)/(삼 학년) /os2 편입해서? /oe n/ 그 침신대는 학비는 어떻습니까?
585.102	585.617	speaker#B	/os2 [예예예.(BC/continuer)] /oe
589.187	597.052	speaker#B	/os2 학비는 전국에서 /oe 거의 제일 어/ 가장 싼 정도로 제가 알고 있습니다. n/ (1년)/(일 년)에 지금 현재 한 학기에
589.307	590.177	speaker#A	/os2 등 등록금 /oe
597.460	599.791	speaker#B	한 (300만원)/(삼백 만원)이 조금 안 되는걸로 지금
599.791	602.325	speaker#A	그러면 뭐 국립대보다 약간 /os1 높다. /oe
601.826	603.071	speaker#B	/os1 조금 비싸죠. /oe 예예.
603.217	607.242	speaker#A	대전에 있는 모 대학 사립대학같은 경우에는 (600만원)/(육백 만원)정도 입학금.
607.242	607.619	speaker#B	[네.(BC/continuer)]
607.639	612.334	speaker#A	그렇다고 들었어요. 그러면 역시 침신대는 학비도 저렴하고
612.336	613.791	speaker#B	네. 학비도 /os2 저렴하죠. /oe
613.011	613.781	speaker#A	/os2 n/ /oe
613.788	616.606	speaker#A	유학도 많이 갈 수 /os1 유학도 많이 갈 n/ 수 있고요 /oe
614.788	616.128	speaker#B	/os1 유학도 많이 가고, 예예. /oe
616.606	619.171	speaker#A	특히 미국 쪽에는 거의 다 /os2 침례교다보니까 /oe
618.401	619.386	speaker#B	/os2 예. 미국에는 예 /oe
619.478	621.041	speaker#B	침례교단이 많이 /os2 있으니까. /oe
620.248	620.978	speaker#A	/os2 [예/(BC/understanding)] /oe
621.066	622.361	speaker#A	미국 쪽에는 뭐 유학가는거는
622.350	622.706	speaker#B	[네.(BC/continuer)]
622.706	625.499	speaker#A	침신대 출신들이 훨씬 /os2 더 /oe n/ 유리하죠.
624.186	624.681	speaker#B	/os2 [예.(BC/continuer)] /oe
626.279	641.059	speaker#A	침례신학대학교가 이제 대한민국에서 기독교의 그/ 발전에 그리고 대한민국의 어떤 정신문화를 이렇게 긍정적인 방향으로 발전시키는데 크게 기여했다고 저는 생각을 하는데
641.031	641.601	speaker#B	[네.(BC/continuer)]
641.636	643.533	speaker#A	제가 얼마 전에 그 강경을 갔더니
643.533	643.934	speaker#B	[네.(BC/continuer)]
643.968	655.981	speaker#A	강경포구에 한국 침례교의 최초의 그/ /os1 장소라고 하는데 있더라구요? 강경 침례교회? 강경 침례교회. 초가집으로. 예, 예. /oe 아, 그 자립니까?
648.413	655.108	speaker#B	/os1 교회의 예. 고인 예배당 예. 예. 강경 침례교회 (1호)/(일 호)라고 초가집 예, 예. /oe
656.583	659.375	speaker#B	어/ 그/ 자리를 복원을 해놓은 겁니다. 그/
659.375	660.052	speaker#A	초가집을?
660.106	664.408	speaker#B	에/ /os1 그/ 강 /oe 폭우에 이렇게 /os1 언덕 /oe 위에 있는, /os1 맞습니다. /oe 예.
660.622	661.072	speaker#A	/os1 [어/(BC/understanding)] /oe
661.871	662.166	speaker#A	/os1 [예.(BC/continuer)] /oe
663.171	663.681	speaker#A	/os1 [예.(BC/continuer)] /oe
664.409	667.104	speaker#A	n/ 그게 몇 년 됐습니까? 우리 한국에
667.074	670.322	speaker#B	한국에 침례교회가 들어온 지 지금 (100년)/(백 년)이 좀 넘습니다.
670.322	671.387	speaker#A	아, /os1 그렇군요. /oe
670.712	671.652	speaker#B	/os1 [예 예.(BC/continuer)] /oe
672.130	683.484	speaker#A	이야 (100년)/(백 년)정도 조금 넘는 역산데도 교회가 벌써 (3000)/(삼천)여개가 생겨났고, 목사님들 뭐 한 (6000명)/(육천 명)정도 넘는다고 하면 그러면 신학생까지 하면 예전에 뭐 한 (10000명)/(만 명)이상
683.484	684.771	speaker#B	그렇겠죠. 예, (10000명)/(만 명)이상
684.770	688.794	speaker#A	(10000)/(만)명 /os2 이상이죠. /oe (10000명)/(만 명)이상이 우리 한국사회의 /os2 구석구석에서 /oe
685.395	685.665	speaker#B	/os2 [예.(BC/continuer)] /oe
688.490	688.950	speaker#B	/os2 [네 네.(BC/continuer)] /oe
689.278	694.273	speaker#A	또 목사님으로, 교수님으로, 학교 선생님으로. n/ 학교도 고/ 윤리교사로 많이 /os2 가셨죠? /oe
694.114	698.007	speaker#B	/os2 어/ /oe 종교, 윤리 교사로 하고 계신 n/ 분이 지금 활동하는 분이 많습니다.
698.007	701.822	speaker#A	/os2 있죠? /oe 그런 분들도 계시고, 쓰/ 우리 한국사회의 또 그
698.407	698.862	speaker#B	/os2 예 /oe
702.354	704.693	speaker#A	어/ 침신대 출신들이 또 상담 쪽에도
704.693	705.203	speaker#B	[네 네.(BC/continuer)]
705.203	706.596	speaker#A	여럿 활동하시는 거 /os1 같에요. /oe
706.008	707.008	speaker#B	/os1 [네네. 그렇습니다.(BC/affirmative)] /oe
707.109	713.209	speaker#A	예, 그렇다면은 우리 침례신학대학이 우리 한국사회에 기여한 바가 적지 않다.
713.187	713.517	speaker#B	[네.(BC/continuer)]
713.738	720.445	speaker#A	이렇게 보는데, n/ 침례신학대학교에 와서 꼭 목사만 되라는 법은 없잖아요?
720.445	730.169	speaker#B	어/ 그렇지 않죠. 아까 말씀드린 대로 /os1 일반 /oe 학과들도 있기 때문에 어/ 학, 신학교기 때문에 이제 목회자를 양성하는 그런 쪽도 있고
722.475	722.755	speaker#A	/os1 [네.(BC/continuer)] /oe
730.461	733.547	speaker#B	또 일반 기독교 지도자를 양성하는 파트도 있기 때문에
733.547	733.950	speaker#A	[네.(BC/continuer)]
733.950	741.666	speaker#B	어/ 그런 파트의 관심있는 분들은 얼마든지 와서 공부하고 /os1 꼭 /oe 성직자가 아니더라도 사회에서 활동하는 그런 길들이 많이 열려 있습니다.
736.980	737.440	speaker#A	/os1 [예.(BC/continuer)] /oe
741.906	752.616	speaker#A	어떻습니까? 그 외지에서 만약에 침신대를 온다. /os1 우리 /oe 이/ 강사님들 가운데에서도 자녀분들도 /os1 있을 /oe 수 /os2 있으니까, /oe 침신대에 오면은 어/ 기숙사?
744.876	745.136	speaker#B	/os1 [예.(BC/continuer)] /oe
747.676	748.201	speaker#B	/os1 [아/ 예.(BC/understanding)] /oe
748.706	749.046	speaker#B	/os2 [예.(BC/continuer)] /oe
752.855	755.929	speaker#B	기숙사도 지금 에/ 시설이 잘 되어있고요.
755.929	756.469	speaker#A	아, 그래요?
756.468	760.619	speaker#B	네, 학생들을 /os1 한 (800명)/(팔백 명)정도 /oe /os1 기숙사 /oe 수용할 수 있습니다.
757.293	757.878	speaker#A	/os1 [어/(BC/understanding)] /oe
759.068	759.618	speaker#A	/os1 (800명)/(팔백 명) /oe
760.619	764.354	speaker#A	어휴, n/ 그 적지 /os2 않은데요. /oe (800명)/(팔백 명) 수용한다고 하면은
762.269	762.369	speaker#B	/os2 [네.(BC/continuer)] /oe
764.354	766.394	speaker#B	전국에서 많이 오고 /os2 있습니다. 예. /oe
765.619	766.447	speaker#A	/os2 그렇군요. /oe
766.659	771.463	speaker#A	지방에서 왔어도 뭐 학교다니는데 학비 싸고 /os2 기숙사도 /oe 있으면 뭐, 그리고 교통편 좋잖아요.
769.339	769.519	speaker#B	/os2 [예.(BC/continuer)] /oe
771.463	772.252	speaker#B	교통이 좋죠.
772.252	773.315	speaker#A	바로 대전역에서
773.315	773.905	speaker#B	네 /os2 맞습니다. /oe
773.807	786.026	speaker#A	/os2 지하철 /oe 다니면 /os2 되고, /oe 아/ 교통도 좋고, 공기도 좋고, 또 학교의 설립이념 자체가 우리 한국 사회를 행복하게 하는 행복멘토를 만드는 곳이니까.
774.932	775.217	speaker#B	/os2 [예.(BC/continuer)] /oe
786.026	786.236	speaker#B	[예.(BC/continuer)]
786.556	789.536	speaker#A	침례신학교, 대학이 몇 년 된거죠?
790.080	792.500	speaker#B	/os2 아/ (60년)/(육십 년)이 /oe 조금 넘었습니다. 지금
790.315	790.665	speaker#A	/os2 학교 /oe
793.245	795.797	speaker#A	아/ (60년)/(육십 년)이 넘었으면 (50년)/(오 십년)대
795.839	797.291	speaker#B	(50년)/(오 십년) 초반에
797.286	797.891	speaker#A	/os1 초반에 /oe
797.291	798.926	speaker#B	/os1 u/ 예. /oe 시작을 했습니다.
799.127	800.911	speaker#A	아/ 일찍 /os2 시작했군요. /oe
800.309	801.859	speaker#B	/os2 예, 일찍 /oe 오래된 /os2 학교입니다. /oe
801.679	803.594	speaker#A	/os2 충남대하고 /oe 거의 뭐 역사가
804.015	805.405	speaker#A	/os1 얼추 비슷하겠습니다. /oe
804.026	808.745	speaker#B	/os1 예. 충남대랑 /oe 비슷하고, 대전에 있는 학교들 사립학교들하고 거의 비슷비슷
808.745	809.515	speaker#A	한남대
809.515	809.900	speaker#B	[예.(BC/continuer)]
810.020	810.648	speaker#A	충남대,
810.648	811.486	speaker#B	목원대,
811.486	813.672	speaker#A	목원, 목원대는 그 뒤일 거예요. 아마.
813.671	819.143	speaker#B	그래요? /os1 하튼 /oe 어/ 오래된 /os1 대전 지역에서 오래된 학굔대 그렇게 많이 알려지진 /oe 않았죠.
814.036	814.331	speaker#A	/os1 [예.(BC/continuer)] /oe
815.986	818.210	speaker#A	/os1 아/ 오래된 대학이네요. /oe
819.143	822.437	speaker#A	그러네요. n/ 이게 이제 신학대학이다 /os2 보니까 /oe
821.243	822.413	speaker#B	/os2 [네 네. 그렇습니다.(BC/affirmative)] /oe
822.437	832.481	speaker#A	일반인들은 잘 안 참여해서 n/ 그렇겠죠. n/ 어/ 노원석 교수님 침례신학대학 교수로 계시면서 어/ 어떤 점이 자랑스럽습니까?
833.507	844.638	speaker#B	어/ 제가 이제 교단에 속해 있기 때문에, 어/ 전 어렸을 때부터 인제 교단 침례교단에서 /os2 컸고, /oe 어/ 그리고 교단을 위해서 일할 수 있다는 것 자체가 자랑스럽고
840.882	841.232	speaker#A	/os2 [네.(BC/continuer)] /oe
844.638	845.189	speaker#A	[네.(BC/continuer)]
845.189	851.869	speaker#B	어/ 젊은 학생들하고 같이 앞으로 그/ 훌륭한 일꾼들을 키워내는 거 그런 일 하는거 자체가 또 자랑스럽고 /os2 그렇습니다. /oe
851.739	853.024	speaker#A	/os2 n/ /oe
853.588	859.043	speaker#A	대학에서 강의하시고 또 후학을 키운다는 그 /os2 자체가 /oe 가장 보람된거 /os2 아니겠어요. /oe
856.958	857.278	speaker#B	/os2 [네.(BC/continuer)] /oe
858.273	859.453	speaker#B	/os2 그렇겠어요, 예예. /oe
859.466	866.991	speaker#A	사람을 키워나가는 거, /os1 그런데 /oe 그 사람이 어떤 사람이냐, 행복을 멘토링하는, 그런 행복 전문가들을 키워내는 /os2 곳이니까. /oe
860.426	860.876	speaker#B	/os1 [네.(BC/continuer)] /oe
866.210	866.986	speaker#B	/os2 [그렇죠. 예.(BC/affirmative)] /oe
867.536	871.700	speaker#A	여기서 배출되는 분들이 가서 행복을 이야기하지 불행을 이야기하지 않을거 /os2 아니예요. /oe
870.926	871.690	speaker#B	/os2 [그럼요. 예.(BC/affirmative)] /oe
871.989	887.401	speaker#A	근데 이게 사실 또 우리 한국사회 빛과 소금으로 정말 그/ 헌신하는 분들이거든요? 그런 분들을 배출하면서 어/ 보직 교수로 또 학생처장으로 학생들을 이렇게 케어하고 있는데
887.867	898.791	speaker#A	사실 학생처장이라고 하면은 학생들의 그/ 일반적인 모든 일을 다 도와주는 그런 행정책임자 /os2 아니겠어요? /oe 어쩌면 아버지같고 어머니같은 그런 역할인데
895.197	895.477	speaker#B	/os2 [네.(BC/continuer)] /oe
899.559	901.734	speaker#A	침례신학대학에도 만학도들이 계시죠?
901.914	905.984	speaker#B	예. 연세들어서 공부하러 오시는 분들이 /os2 학과 /oe 마다
905.314	905.424	speaker#A	/os2 대 /oe
906.067	908.414	speaker#A	대게 신학대학원에 /os1 많이 계시죠? /oe
907.372	911.717	speaker#B	/os1 신학대학원에도 있고 /oe 학부에도 종종 /os2 있습니다. 예, 예. /oe
910.091	911.071	speaker#A	/os2 아, 그렇습니까? /oe
911.723	915.315	speaker#A	참고로 /os2 학부에 /oe 최고령자가 몇 살 정도 되십니까?
912.833	913.113	speaker#B	/os2 [예.(BC/continuer)] /oe
915.316	919.035	speaker#B	지금 제가 알기로 한 (70살)/(일흔 살)정도
919.034	919.614	speaker#A	(70살)/(일흔 살)?
919.614	927.918	speaker#B	예, 그 정도되는 분이 있지 않나, (60)/(육십)에서 (70)/(칠십) 사이에, (60대)/(육십 대)분들도 종종 있었고 지금도 막 (60)/(육십)후반 정도 되신 분이 있는 걸로 제가
927.947	930.607	speaker#A	아니, 어떤 과목에 어떤 학과에 /os2 들어오셨어요? /oe
930.338	934.906	speaker#B	/os2 지금 /oe 그 분은 아마 /os2 사회복지학과에 예. /oe 그걸로 제가 알고 있습니다.
932.348	933.808	speaker#A	/os2 사회복지학과에. /oe
934.906	938.231	speaker#A	야/ 이 사회복지학과 정말 /os2 중요한거예요. /oe
937.991	938.546	speaker#B	/os2 [예 예 예.(BC/continuer)] /oe
938.562	945.057	speaker#A	우리 한국 사회가 (2026년)/(이천 이십 육 년)도가 되면 대한민국 인구의 (20. 8%)/(이십점팔 퍼센트)가 (65세)/(육십 오 세)이상
945.119	947.064	speaker#B	예. /os2 고령화죠. /oe 예.
946.249	946.569	speaker#A	/os2 초고령 /oe
947.208	947.671	speaker#A	초고령.
947.671	948.072	speaker#B	[네.(BC/continuer)]
948.073	951.648	speaker#A	그러다보니까 (5명)/(다섯 명)중에 한 명이, 앞으로 (10년)/(십 년)뒤 이야기거든요?
952.293	964.189	speaker#A	(5명)/(다섯 명)중에 한 명이 (65세)/(육십 오 세)이상인데, n/ 문제는 뭐냐, (65세)/(육십 오 세)가 되면은 이제 직업도 없고, 인제 병원비는 많이 나가고 지출은 많아지는, 그런 상황인데 몸은 쇠약해지잖아요.
964.509	969.169	speaker#A	그런데 (75세)/(칠십 오 세)쯤 되면은 약 (50%)/(오십 퍼센트)가 치매가 되고,
969.343	969.558	speaker#B	[음(BC/continuer)]
969.894	977.759	speaker#A	(85세)/(팔십 오 세)가 되면 약 그 가운데 (50%)/(오십 퍼센트)는 반신불수이거나 대소변을 자기가 해결하기 어려운 상황이 된대요. 그러면
978.502	986.912	speaker#A	이게 우리 한국 사회 (10년)/(십 년)뒤 이야긴데, 그러한 상황이 됐을 때, 어/ 어른들에 대해서 기피하거나 혐오하게 생각하거나
987.712	1000.962	speaker#A	아/ 그렇게 또 자기를 생각할 때, 나는 불행한 사람이다 저런 어른을 모셔야 된다는 것이, 이런 생각들이 팽배해지면 그야말로 우리 대한민국은 정말 불행의 늪에서 빠져서 헤어나오기 어려울 겁니다.
1001.786	1013.736	speaker#A	그래서 저는 행복강사로서 제가 뛰고 있는 이유가, (10년)/(십 년)뒤를 준비하자는 /os2 거죠. /oe 그런 세상이 올 때, 괜찮아, 할 수 있어, 좋아, 이것도 우리의 /os2 몫이니까 /oe
1007.231	1007.671	speaker#B	/os2 [네.(BC/continuer)] /oe
1013.601	1014.026	speaker#B	/os2 [그렇죠.(BC/affirmative)] /oe
1014.031	1022.571	speaker#A	즐거운 마음으로 거/ 그런 어른들을 서빙해드리고 그런 분들과 함께 살아가는 세상을 만들어가는 것이 정말 행복한 세상을 만드는 거다.
1022.589	1023.034	speaker#B	[네.(BC/continuer)]
1023.042	1026.657	speaker#A	그래서 그런 일을 지금 목표로 가는 분들이 누구냐면 사회복지사.
1026.713	1027.373	speaker#B	[맞습니다.(BC/affirmative)]
1027.406	1029.681	speaker#A	/os2 요양보호사, /oe 그리고 성직자,
1028.082	1028.272	speaker#B	/os2 [네.(BC/continuer)] /oe
1029.711	1030.081	speaker#B	n/ [네.(BC/continuer)]
1030.081	1036.145	speaker#A	상담사, 뭐 이런 분들인데, 그런 분들이 우리 나라에 정말 많아져야 된다고 생각합니다. 그죠?
1036.390	1037.280	speaker#B	그렇습니다. /os2 맞습니다. /oe n/
1036.780	1045.810	speaker#A	/os2 예. /oe 사회복지사들의 그/ 시설, 생활할 수 있는 보수, 그건 정말 열악해요.
1045.890	1046.190	speaker#B	[예.(BC/continuer)]
1046.664	1051.729	speaker#B	제가 볼 때는 (10급)/(십 급)공무원 정도밖에 안 돼는 거 같아요.(9급)/(구 급)도 안 돼요.
1051.864	1052.324	speaker#B	[음/(BC/continuer)]
1052.884	1063.949	speaker#A	서울에 가서 제가 그/ 종합복지관 전체 선생님들 모아놓고 강의를 하면서 이렇게 n/ 물어보니까 사회복지사 한 달 월급이 기본급이 (130만원)/(백 삼십 만원) 이야기 하더라구요.
1064.805	1075.820	speaker#A	(130만원)/(백 삼십 만원)갖고 서울에서 살 수가 없죠. 얼마나 힘들겠어요. 방 값이 비싼데. n/ 그래서 그런 분들에게 좀 더 양질의 이런 생활 혜택을 좀 해드릴 수 있는
1076.333	1083.298	speaker#A	우리 사회가 그렇게 좀 /os1 복지 /oe 시설이, 복지 인프라가 잘 돼면 좋겠다 생각하는데, 야아 벌써 또 시간이 저렇게 가네요.
1077.538	1077.743	speaker#B	/os1 [예.(BC/continuer)] /oe
1083.439	1095.635	speaker#A	n/ 어/ 노원석 교수님과 함께 침례신학대학교 이 조용하고 편안한 n/ 자연속에 있는 침례신학대학에서 오늘 이렇게 행복토크쇼를 하는데, 다음엔 /os2 말이죠. /oe
1095.399	1095.629	speaker#B	/os2 [예.(BC/continuer)] /oe
1096.740	1097.380	speaker#A	바깥에서
1097.415	1098.052	speaker#B	[예,예.(BC/continuer)]
1098.052	1102.854	speaker#A	그/ 정말 수목이 우거지고 좋은데, 저런 데서 함 좀 /os2 하면 좋겠어요. 그때 /oe
1101.432	1102.847	speaker#B	/os2 그렇죠, 예. 실내보단 /oe
1102.854	1104.410	speaker#A	예, 그때 우리 총장님도 (1번)/(한 번) /os2 하고 /oe
1104.344	1104.559	speaker#B	/os2 [예.(BC/continuer)] /oe
1104.911	1108.480	speaker#A	또 우리 노원석 교수님이 추천하시는 몇 분 /os1 보직 /oe 교수님들.
1107.591	1107.816	speaker#B	/os1 [네.(BC/continuer)] /oe
1108.491	1108.911	speaker#B	[네.(BC/continuer)]
1108.911	1121.411	speaker#A	강사뉴스 (TV)/(티비) 행복 토크쇼에 좀 오셔서 그 분들의 이야기도 좀 나누면서 우리 이 방송을 보고 대중 강의를 나가는 강사님들이 아, 그래, 저런 이야기를 좀 해야겠다 하는 의식의 변화를 할 수 있도록
1121.411	1121.807	speaker#B	[예.(BC/continuer)]
1121.807	1125.501	speaker#A	그렇게 나가면 참 /os2 좋겠습니다. /oe오늘 이 인터뷰 마지막으로
1123.052	1123.567	speaker#B	/os2 [예 예.(BC/continuer)] /oe
1125.500	1125.806	speaker#B	[네.(BC/continuer)]
1126.029	1132.645	speaker#A	강사뉴스 (TV)/(티비) 가족들에게 노원석 교수님 한 말씀, 좀 어/ 도움의 말씀, 희망의 말씀을 좀 주신다면요.
1133.913	1144.303	speaker#B	네, 어/ 결국 자기가 행복하게 되는 건은 우리 주변의 상황이나 환경이 아니고 자기 마음가짐에 문제인 거 같습니다. 그래서 여러분들이 어떤 형편에 처해있든지 간에
1144.662	1155.614	speaker#B	늘 긍정적인 마음을 가지고 스스로 행복해지려면, 그런 노력이 있으면 어,얼마든지 행복해질 수 있다는 그런 생각이 듭니다. 그래서 어/ 그런 생활을 하시는 여러분들이 되시길 바라겠습니다.
1155.614	1156.439	speaker#B	/os1 감사합니다. /oe
1155.619	1156.369	speaker#A	/os1 [네/(BC/understanding)] /oe
1156.843	1163.088	speaker#A	아/ 정말 주옥같은 으/ 거침없이, 여러분, 오늘 노원석 교수님하고요, 나래이션이 없어요.
1164.422	1167.377	speaker#A	그냥 우리가 즉석으로 이 (Talking)/(토킹)을 한겁니다.
1168.072	1178.737	speaker#A	그런데 노원석 교수님의 진솔한 마음과 인류를 생각하는 따뜻한 마음, 그리고 침례신학대학에서 교수로 있으면서 후학을 키우는 것이 너무 자랑스럽다는 거,
1179.172	1184.527	speaker#A	그리고 침례신학대학교 이 교단을 위해서 일하는 것이 자신의 행복이라고 하는 이야기, 더 나아가서
1184.826	1189.296	speaker#A	행복이라는 것은 내 속에서도 있으니까 우리가 함께 만들어가자는 그런 늬앙스의 이야기들을
1189.663	1196.348	speaker#A	정말 가슴에 담아갑니다. 다음에 우리 노원석 교수님 모시고 좀 더 진솔하고 좀 더 좋은
1196.750	1202.420	speaker#A	그래서 행복한 세상을 만드는 일에 도움되는 이야기를 어/ 엮어 나가도록 하겠습니다. n/ 노원석 교수님.
1202.420	1202.848	speaker#B	네.
1202.848	1207.527	speaker#A	바쁜 중에, 오늘 또 회의도 바로 있는데 이렇게 시간 내주셔서 정말 /os2 고맙습니다. /oe
1207.443	1207.753	speaker#B	/os2 [네.(BC/continuer)] /oe
1207.749	1208.423	speaker#B	/os2 감사합니다. /oe
1208.259	1208.974	speaker#A	/os2 건강하시고요 /oe
1208.988	1209.265	speaker#B	네.
1209.265	1209.842	speaker#A	행복하십쇼.
1209.842	1210.759	speaker#B	네, 감사합니다.
1210.759	1218.810	speaker#A	감사합니다. 지금까지 강사뉴스 (TV)/(티비) 행복 토크쇼 메인 앵커 김용진이었습니다. 여러분, 감사합니다.
