1.555	4.670	speaker#A	네. 안녕하세요. 드디어 만나 뵙게 됐어요.
4.843	5.433	speaker#B	네. n/ 
5.509	8.444	speaker#A	인터뷰 어/ 저/ 허락해 주셔서 너무 감사하고요.
8.564	8.928	speaker#B	 n/ 네.
8.928	9.637	speaker#A	 /os1 제가 /oe 
9.078	9.243	speaker#B	 /os1 네 /oe 
9.871	14.441	speaker#A	김영환 선생님 이제 김영환 교수님 프로그램을 하면서 /os2 이제 /oe 
14.211	14.411	speaker#B	 /os2 [네.(BC/continuer)] /oe 
15.185	27.287	speaker#A	들은 얘기가 어떤 분이 계신데 멘토분 중에 하난데 그분이 어/ 그/ 김영환 교수님 코스를 하실 때, 다른 /os2 멘토를 /oe (20명)/(스무 명)을 인터뷰를 하셨다고 /os2 그러고는 /oe 어/
23.252	23.682	speaker#B	 /os2 [음.(BC/continuer)] /oe 
26.412	26.897	speaker#B	 /os2 [네.(BC/continuer)] /oe 
27.767	34.367	speaker#A	처음에는 n/ 책을 썼다고 그러시고 그 /os2 다음에는 /oe 하여튼 뭔가 쓰셨다고 그래서 그 분이 누군가 제가 /os1 이렇게 하다가 /oe 
29.662	29.952	speaker#B	 /os2 [네.(BC/continuer)] /oe 
33.407	33.832	speaker#B	/os1 [음.(BC/understanding)] /oe
34.583	41.664	speaker#A	드디어 인제 푸름님 이제 이름을 제가 알아 내고, /os1 연락을 /oe 드려가지고 지금 이제 인터뷰하게 됐거든요. /os2 그래서 /oe 
37.918	38.348	speaker#B	 /os1 [네.(BC/continuer)] /oe 
41.163	41.648	speaker#B	 /os2 [네.(BC/continuer)] /oe 
41.829	45.346	speaker#A	어/ 너무 너무나 인터뷰를 허락해 주셔서 감사하고요.
45.346	45.750	speaker#B	[네.(BC/continuer)]
45.775	53.381	speaker#A	예. 그래서 어/ 지금 이제 보니까 제가 이제 책도 좀 읽었거든요, /os1 (31살)/(서른 한 살)에 /oe 간호사 되다.
51.245	51.840	speaker#B	 /os1 [네.(BC/continuer)] /oe 
53.381	53.671	speaker#B	[네네.(BC/continuer)]
53.671	59.382	speaker#A	예. 그래서 그것도 보면서 너무 너무 여러 가지 많은 경험을 하시고
59.382	59.696	speaker#B	[네.(BC/continuer)]
59.736	67.170	speaker#A	삶을 너무 진취적으로 어/ 열심히 사시는 것 같아요. /os1 그래서 /oe 제가 처음에 여쭤보고 싶은게
64.151	64.566	speaker#B	 /os1 [네.(BC/continuer)] /oe 
67.500	71.953	speaker#A	비전하고 그 다음에 사명을 만드는 일은 하신다고 그랬는데
71.953	72.378	speaker#B	 /os1 [네.(BC/continuer)] /oe 
72.235	74.360	speaker#A	 /os1 그거에 /oe 대해서 조금 설명해 주시겠어요?
75.319	83.129	speaker#B	아, 네. 누구나 사람 사람은 /os2 살면서 /oe 거의 인생의 (1/ 3)/(삼 분의 일)은 일을 하면서 보낸다고 생각을 해요.
78.684	78.904	speaker#A	 /os2 [음.(BC/continuer)] /oe 
83.488	87.763	speaker#B	요즘에 /os1 또 /oe 기대 수명이 연장이 되면서 (100세)/(백 세) 이상을 사는데
83.818	83.988	speaker#A	 /os1 [음.(BC/continuer)] /oe 
88.097	97.616	speaker#B	 /os2 그중에 /oe 내가 얼마 만큼의 시간을 나의 /os1 일에 /oe 투자하는지, 저는 굉장히 그것이 중요하다고 생각하거든요. 그런데 그걸로 삶을
88.342	88.822	speaker#A	 /os2 [맞아요.(BC/affirmative)] /oe 
91.597	91.772	speaker#A	 /os1 [음.(BC/continuer)] /oe 
97.988	101.233	speaker#B	무의미하게 보내는 사람들이 지금 얼마나 많을까요?
102.371	103.561	speaker#A	 /os2 [그렇죠. 음/ (BC/affirmative)] /oe 
102.956	103.531	speaker#B	 /os2 [네.(BC/continuer)] /oe 
104.263	112.583	speaker#B	그래서 저는 내 인생에 일하는 목적, 내가 n/ 살아가는 이유, 그 (1줄)/(한 줄)을 찾는게 /os1 굉장히 /oe 중요하다고 생각을 합니다.
111.013	111.573	speaker#A	 /os1 [음음.(BC/continuer)] /oe 
113.258	113.998	speaker#A	[음.(BC/continuer)]
114.218	114.588	speaker#B	그래서
114.633	129.145	speaker#A	그/ 음/ 이런 그래서 그런 걸 이제 그니까, 옛날 그 간호사가 되신거는 한, 두 어디 n/ 다른데서 일 좀 하시다가 /os1 다른 /oe 경험 하시다가 이제 간호사를 하기로 /os2 하신거잖아요? /oe 
125.305	125.610	speaker#B	 /os1 [예.(BC/continuer)] /oe 
128.675	129.135	speaker#B	 /os2 [예.(BC/continuer)] /oe 
129.352	135.766	speaker#A	그리고 나서 이제 이런 사업을 시작하게 되셨는데 /os1 우선 /oe 사업이 뭔지를 좀 설명해주시면은
132.677	132.912	speaker#B	 /os1 [예.(BC/continuer)] /oe 
136.877	141.132	speaker#B	네, (30살)/(서른 살)에 간호사가 되었습니다를 하기 전에
141.608	141.843	speaker#A	[음(BC/continuer)]
141.843	145.143	speaker#B	제가 (20살)/(스무 살) 때, 좀 우울한 적이 있었어요. 네.
145.225	146.365	speaker#A	[아/ 음.(BC/assessment)]
146.826	156.585	speaker#B	그때 감사일기를 쓰면서 극복을 해냈고, 다른 사람들에게도 우울한 사람들이 많잖아요? /os2 그분들에게도 /oe 감사의 힘을 전하고 싶어서
154.271	154.461	speaker#A	 /os2 [음.(BC/continuer)] /oe 
157.083	157.518	speaker#A	 /os1 [음 음.(BC/continuer)] /oe 
157.358	161.348	speaker#B	 /os1 감사일기 /oe 단톡방을 운영하기 시작했어요. /os2 (2016년)/(이천 십 육 년) /oe 부터.
160.468	161.118	speaker#A	 /os2 [아/(BC/assessment)] /oe 
162.050	172.445	speaker#B	 /os1 그러면서 /oe 감사일기를 꾸준히 쓰다 보니깐 어느 정도 직장에서 힘든 일이 있을 때, 이번에는 이것을 나만 겪는 고민일까? 생각을 하고
162.060	162.555	speaker#A	 /os1 [네.(BC/continuer)] /oe 
173.019	173.524	speaker#A	[응.(BC/continuer)]
173.683	189.197	speaker#B	그분들을 위해서 책을 쓰자. 라는 생각이 정말 간절했고, 감사일기를 미래일기와 연관을 지어서 계속 /os2 쓰다보니 /oe 이제 /os1 책이 /oe 한 권이 나오게 되었습니다. 그래서 제 책은 감사하기가 굉장히 많이 들어가 있어요. 그래서 나름 힐링하는 /os2 방법을 /oe 선사했는데
180.371	180.861	speaker#A	 /os2 [어(BC/understanding)] /oe 
181.391	181.641	speaker#A	 /os1 [음.(BC/continuer)] /oe 
187.961	188.241	speaker#A	 /os2 [음.(BC/continuer)] /oe 
189.824	197.358	speaker#B	 /os1 이것을 /oe 통해서 많은 분들에게 영향을 주고 있고 또 이 모임 확장을 해서 감사 모임을 또 만들었어요.
189.834	190.159	speaker#A	 /os1 [음.(BC/continuer)] /oe 
197.733	207.779	speaker#B	제 감사모임은 무료 프로그램과 /os2 중가 프로그램, /oe 고가 프로그램으로 나뉘는데 /os1 네 /oe 그것의 사명을 한 마디로 설명해 드리자면
200.648	201.213	speaker#A	 /os2 [아/(BC/assessment)] /oe 
203.963	204.588	speaker#A	 /os1 [음.(BC/continuer)] /oe 
208.389	223.947	speaker#B	 n/ 꿈을 찾는 사람들에게 저의 경험, 도전과 열정, 행복 경험을 통해서 가슴 두근거리는 삶을 전하자. 본인이 원하는 삶을 찾아가 찾아가기 위한 감사일기이자, 서로에게 응원과 감사, 나눔 함께를 통해서
224.354	231.154	speaker#B	 /os2 감사일기를 /oe 공유하고, 그 감사의 폭을 확장해 가는, 나로부터 확장해 가는 그런 /os2 모임입니다. /oe 
224.554	224.794	speaker#A	 /os2 [음.(BC/continuer)] /oe 
230.634	230.779	speaker#A	 /os2 [음.(BC/continuer)] /oe 
231.862	236.720	speaker#A	음, 진짜 감사일기를 정말 오랫동안 꾸준히 쓰셨더라고요.
236.720	237.031	speaker#B	[네.(BC/continuer)]
237.031	239.244	speaker#A	한, (10 년)/(십 년) 거의 (10 년)/(십 년) 다 되어가죠?
239.244	239.604	speaker#B	[네.(BC/continuer)]
240.085	247.216	speaker#A	네, (2013년)/(이천 십 삼 년) 부터 쓰신 것 같아요. /os2 제가 /oe 기억하기로는. 그러면서 그것도 하루도 빠짐없이 계속 쓰셨다 그러는데
242.485	242.820	speaker#B	 /os2 [네네.(BC/continuer)] /oe 
247.216	247.919	speaker#B	[네.(BC/continuer)]
247.944	254.249	speaker#A	그거를 (10년)/(십 년), 거의 (10년)/(십 년) 가까이 쓰시면서 배우셨던거를 한 (3가지)/(세 가지) 정도를 얘기해 주시면?
255.224	265.846	speaker#B	음/ 네. (1번째)/(첫 번째)는 꾸준함이고요. /os1 누가 /oe 나의 감사일기만큼은 하루 한 줄이라도 /os2 꾸준히 /oe 쓰는게 굉장히 중요하다고 생각을 해요.
259.557	260.237	speaker#A	 /os1 [음.(BC/continuer)] /oe 
263.672	263.842	speaker#A	 /os2 [음.(BC/continuer)] /oe 
266.205	277.699	speaker#B	하루의 (1줄)/(한 줄), 꾸준히 쓰자 그렇게 생각하면 아 정말 이거 하나만은 정말 제대로 하고 있구나. 하는 자존감이 생기고요. /os1 그 다음에 열정의 /oe 동력이 되요.
275.614	276.399	speaker#A	 /os1 [음 음.(BC/continuer)] /oe 
278.884	286.693	speaker#B	어/ 뭔가를 제가 이걸 통해서 작가가 자연스럽게 된거 처럼 이 감사일기를 쓰다보면 자연스럽게 내가 원하는
287.377	287.767	speaker#A	[음.(BC/continuer)]
287.842	291.342	speaker#B	원하는 목표가 이루어지는 자신을 발견하게 될 거예요.
291.961	292.281	speaker#A	[음.(BC/continuer)]
293.911	297.761	speaker#A	그런거를 진짜 책에서도 그런거를 여러 번 쓰시잖아요. 그
297.760	297.965	speaker#B	[네.(BC/continuer)]
297.965	302.062	speaker#A	그 감사일기 쓰시면서 미래의 그거까지도 생각하시면서
302.224	302.589	speaker#B	[네.(BC/continuer)]
302.584	320.195	speaker#A	진짜 저는 감사일기 쓰는 얘기는 많이 들었지만 감사일기하고 미래의 나를 연결을 시켜가지고 이렇게 한거는 어/ 푸른님한테 처음 듣는 거예요. /os1 그니깐 너무 새로운 /oe 그런 컨셉인데 /os1 음/ /oe 그게 인제 그러니까 어/
312.980	313.530	speaker#B	 /os1 [아/(BC/affirmative)] /oe 
316.820	317.325	speaker#B	 /os1 [네.(BC/continuer)] /oe 
320.342	329.816	speaker#A	그/ 그러고 인제 제가 또 항상 되게 인상 깊었던게 산티아고 트래킹을 가신거잖아요? /os1 그건 /oe 한 몇년도에 가셨나요?
327.492	327.872	speaker#B	 /os1 [네네.(BC/continuer)] /oe 
330.562	336.552	speaker#B	그거는 (2012년)/(이천 십 이 년)도 여름, /os1 (5월)/(오 월) 부터 /oe (7월)/(칠 월)까지, (2개월)/(이 개월) 정도 다녀왔습니다.
333.277	333.977	speaker#A	 /os1 [아/(BC/assessment)] /oe 
336.691	341.566	speaker#A	네, 네. 아 그럼 그거를 하시게 된 동기는?
342.553	349.212	speaker#B	음/ 이제 제가 직장을 한 (3년)/(삼 년) 정도 다녔었어요. 대학교 행정직으로 다녔는데
349.714	363.038	speaker#B	제가 적응도 잘 못하고, 인정도 못 받고, 일도 정말 못하고, 이래서 매일 되게 의미 없는 삶을 또 살아가고 있었어요. 그런데 어느 날, 컴퓨터를 화면을 보다가
363.628	363.878	speaker#A	[네.(BC/continuer)]
364.467	371.647	speaker#B	어/ 그/ 누군가가 길 하나가 놓여져 있고, n/ 거기를 배낭을 메고 이제 걸어가는 그런 모습이 있는 거예요.
372.149	372.522	speaker#A	[음.(BC/continuer)]
372.522	390.197	speaker#B	그때 국내에서는 배낭을 메고 걷는 국토대장정을 했었지만, n/ 이거를 해외에서 걷는거는 처음 봤었어요. 이제 /os2 그거를 /oe 보니까 산티아고 길이라는 유명한 해외 순례 여행이더라고요. 그래서 아, 이거 진짜 내가 원하는거다 라는 생각이 들어서
381.503	381.768	speaker#A	 /os2 [음.(BC/continuer)] /oe 
390.609	403.423	speaker#B	배낭 하나에다가 이제 그냥 내가 이 배낭을 지고 가면 어떤 거를 넣을 수 있을까? 고민을 하면서 꼭 필요한 것만 담아서 /os2 여행을 /oe 간 것이 산티아고 길이었고,
400.439	400.664	speaker#A	 /os2 [음.(BC/continuer)] /oe 
404.045	404.375	speaker#A	[음.(BC/continuer)]
404.411	414.071	speaker#B	거기서 제가 찾고자 하는 목적이 내가 원하는 것을 한번 해보자. /os2 부모님이 /oe 원하는삶이 아니라, 내가 /os1 원하는 /oe 삶을 좀 살아보자.
409.951	410.136	speaker#A	 /os2 [음.(BC/continuer)] /oe 
412.446	412.576	speaker#A	 /os1 [음.(BC/continuer)] /oe 
414.506	422.010	speaker#B	 /os2 그래, 넌 /oe 할 수 있어. 그러고 혼자서 홀로 떠난 여행이었어요. 말 (1마디)/(한 마디)로 하면, 홀로서기 였던거 같습니다.
414.631	414.936	speaker#A	 /os2 [음.(BC/continuer)] /oe 
422.813	428.614	speaker#A	아아, 그러니까 이제 사회의 영향이나 부모의 영향 /os2 이런거로부터 /oe 
428.008	428.593	speaker#B	 /os2 [네.(BC/continuer)] /oe 
428.932	435.197	speaker#A	이걸 재정비하면서 내가 진짜 원하는 건 무엇이었나, 이제 이런거를 생각해 볼 수 있는 그런 시간
435.273	436.133	speaker#B	[네네.(BC/continuer)]
436.654	437.034	speaker#B	[네.(BC/continuer)]
437.164	439.411	speaker#A	(2달)/(두 달)이면 상당히 긴 시간인데.
439.411	440.021	speaker#B	[네에.(BC/continuer)]
440.240	450.096	speaker#A	그거에 대해서 이제 블로그도 /os2 쓰셨잖아요. /oe 그/ 그러면서 제일 음/ 보람있었던 일은? 그걸 하시면서
442.755	443.160	speaker#B	 /os2 [네.(BC/continuer)] /oe 
450.524	451.230	speaker#B	으음.(BC/continuer)
453.614	460.239	speaker#B	블로그를 하면서 보람있었던 일, 제 사업을 하면서 /os2 보람있었던 거를 말씀하시나요? 아. 예. /oe
457.334	464.125	speaker#A	/os2 아, 그 산티아고 저는 산티아고. /oe 거기서 이제 그/ 이 (2개)/(두 개), 그니깐 (2달)/(두 달) 정도 그렇죠?
464.434	464.600	speaker#B	네.
464.600	472.619	speaker#A	예, 그러면서 이제 거의 뭐/ 그/ 다 이제 그것을 끝냈을 때, /os1 그때 /oe 느꼈던 느낌 같은걸 나눠주시면은?
469.465	469.995	speaker#B	 /os1 [음/(BC/understanding)] /oe 
473.368	479.963	speaker#B	으음/ 제가 걷는 길을 한 (58일)/(오십 팔 일) 정도 /os2 잡았는데요. /oe /os2 왜냐하면 /oe 
478.308	478.792	speaker#A	 /os2 [음.(BC/continuer)] /oe 
479.728	479.843	speaker#A	 /os2 [네.(BC/continuer)] /oe 
480.378	491.331	speaker#B	조금 더 천천히 가고 싶었고, 여행 중에 계획 같은건 저는 세우지 않는 편이에요. 그 /os1 도시에 /oe 머물고 싶으면 머물고, 하고 싶은거 /os1 있음 /oe 하는 거 였는데, 이제 여행을
486.376	486.771	speaker#A	 /os1 [아/(BC/assessment)] /oe 
489.016	489.176	speaker#A	 /os1 [음.(BC/continuer)] /oe 
491.819	498.217	speaker#B	어/ 내가 기도하고 먹고 사랑하라가 주제였어요, 제가 영화를 보고 n/ 떠났었거든요.
498.851	499.166	speaker#A	[음(BC/continuer)]
499.256	508.411	speaker#B	이상하게 제가 원했던 그런 목표들이 길을 n/ 걸으면서 딱 나타나기 시작했고 그것을 /os2 하나씩 /oe 다 이루게 되더라고요.
506.756	506.896	speaker#A	 /os2 [응?(BC/request confirmation)] /oe 
509.004	509.554	speaker#A	[와!(BC/assessment)]
509.553	516.878	speaker#B	 /os1 네 /oe 이걸 들으시면 n/ 굉장히 동화같고, 드라마 같고 이런 얘기들일텐데 /os1 그 중에 /oe 하나의 에피소드를 뽑자면,
509.554	509.999	speaker#A	 /os1 [음.(BC/continuer)] /oe 
515.023	515.343	speaker#A	 /os1 [음.(BC/continuer)] /oe 
517.442	517.592	speaker#A	[응(BC/continuer)]
517.592	525.162	speaker#B	제가 한 카페나 어느 곳에서 악기 연주를 좀 하고 싶다는 생각을 했었어요.
525.716	526.513	speaker#A	[어우, 네.(BC/assessment)]
526.500	533.913	speaker#B	네 근데 산티아고 길이 끝나고 나서 저는 포르투갈에 가서 여행을 하고 있는 참이었어요.
534.432	534.668	speaker#A	[네.(BC/continuer)]
534.668	553.038	speaker#B	네 근데 그 곳의 한 카페가 있었고 친구랑 들어가서 이제 차를 마시다가 (2층)/(이 층)에 갔는데 사람이 (1명)/(한 명)도 없었어요. 근데 거기에 피아노가 있더라고요. /os1 그 /oe n/ 피아노를 친구와 함께 연주하면서 이제 그것을 또 이뤘고요. 또 바다를 보면서 시원한 음료를 마시는 것
544.452	545.247	speaker#A	 /os1 [음.(BC/continuer)] /oe 
553.567	571.333	speaker#B	네, n/ 그것도 이뤘고, 그리고 맨 마지막에 n/ 삶을 즐기는 (10가지)/(열 가지) 열쇠를 찾았어요. 그것도 포르투갈의 카페에서 /os1 우연히 /oe 맛있는 음식을 먹고, /os1 이제 /oe 계산의 (bill)/(빌)을 주면은 이제 직원이
564.609	565.304	speaker#A	 /os1 [음.(BC/continuer)] /oe 
567.444	568.024	speaker#A	 /os1 [음으음(BC/assessment)] /oe 
572.009	577.374	speaker#B	영수증과 함께, (bill)/(빌)과 함께, 거스름돈을 가져다 주는데
577.992	578.307	speaker#A	[응.(BC/continuer)]
578.487	586.527	speaker#B	그때 영수증 뿐만이 아니라 거스름돈 n/ 뿐만이 아니라 저희한테 어떤 쪽지를 하나 줬어요.
587.042	587.662	speaker#A	[음/(BC/understanding)]
587.671	592.838	speaker#B	 n/ 사실 광고 종이긴 하지만 /os1 그 뒤에 /oe 삶을 즐기는 (10가지)/(열 가지) 열쇠가 있더라고요.
590.081	590.301	speaker#A	 /os1 [음.(BC/continuer)] /oe 
593.560	594.676	speaker#A	 /os1 [오오!(BC/assessment)] /oe 
593.571	601.116	speaker#B	 /os1 그래서 /oe 저는 또 거기서 뭔가 하나를 얻었죠. /os1 그래서 이제 /oe 보람이 굉장히 있었고 되게 신기하기도 했고
597.611	598.140	speaker#A	 /os1 [으/ 음(BC/continuer)] /oe 
601.557	607.836	speaker#B	이런 목적을 조금조금씩 내가 원하는 버킷을 이뤄나간다는 사실이 /os1 가장 저는 /oe 좋았어요.
606.297	616.453	speaker#A	 /os1 u/ /oe 음/ 아 진짜 너무너무나 n/ 멋있는 그/ 그 결정을 또 탁 내리시고, 또 탁 떠나시고
616.976	626.512	speaker#A	어/ 그러고 나서도 그러고 보니까, 여러 군데 다른 여러 나라를 막 그/ /os2 여행을 /oe 하신거 같아요. 그러면서 느끼셨던 것들은?
622.606	622.791	speaker#B	 /os2 [예.(BC/continuer)] /oe 
627.239	627.964	speaker#B	음.
629.581	634.067	speaker#A	그리고 뭐 기억에 남는 장소, 뭐 이런거에 /os1 대해서 조금 /oe 말해주시면
632.366	632.751	speaker#B	 /os1 [예.(BC/continuer)] /oe 
634.333	638.168	speaker#B	아/ 제가 걸은 길이 스페인 북쪽길 n/ 이었어요
638.483	639.088	speaker#A	[네.(BC/continuer)]
639.088	653.705	speaker#B	많은 사람들이 (60%)/(육십 퍼센트), (70%)/(칠십 퍼센트) 가는 길이 우리나라 국민이에요. 그/ 가장, 프랑스에서 시작 동시에 시작을 하는데 n/ 프랑스 생장에서 시작하는 길이 프랑스길이에요.
654.273	662.309	speaker#B	 /os1 다른 사람들이 /oe 많이 가는 길. /os2 제가 /oe 간 길은 스페인 바닷길인데 그 이름이 북쪽길 입니다. 북쪽에 있다고 해서.
654.278	654.863	speaker#A	 /os1 [아/(BC/understanding)] /oe 
656.548	656.623	speaker#A	 /os2 [음.(BC/continuer)] /oe 
662.895	671.054	speaker#B	 /os1 네. /oe 스페인이 있으면 이 북쪽의 바닷길을 따라서 이렇게 해서 걸어가는데 /os1 걷다 보면 진짜 /oe 바다의 (1000가지)/(천 가지)의 모습이 나와요.
662.905	663.175	speaker#A	 /os1 [음.(BC/continuer)] /oe 
667.900	668.315	speaker#A	 /os1 [음.(BC/continuer)] /oe 
671.675	672.485	speaker#A	 /os2 [음.(BC/continuer)] /oe 
672.200	681.455	speaker#B	 /os2 근데 /oe 어/ 가장 좋았던게 가장 유명한 그 빌바우 미술관 네/ /os1 이 /oe 있다보니까 빌바우 미술관을 또 보게 됐고
678.440	678.625	speaker#A	 /os1 [음.(BC/continuer)] /oe 
681.883	690.664	speaker#B	또 /os1 도시에 /oe 이틀을 머물렀고, 그 다음에는 기혼이라는 지역이었어요. 그/ 이제 기혼 지역이 가장 이제 기억에 남는 이유는
682.023	682.183	speaker#A	 /os1 [음.(BC/continuer)] /oe 
691.367	703.324	speaker#B	거기도 하나의 큰 도시인데 빌바우처럼 그때 친구가 (tourist office)/(투어리스트 오피스)에 있었어요. 네/ 기도르네라는 친구더라고요 그래서 간단하게 인사를 하고
703.812	722.754	speaker#B	음/ 그 친구가 저한테 저녁에 식사자리가 있는데 n/ 초대를 해주고 스페인 그 지역에 기혼이라는 지역을 (1번)/(한 번) 보여주겠다. (tourist)/(투어리스트) 처럼 /os2 그래서 /oe 친구들 저의 산티아고 길을 함께 n/ 그 구간에서 같이 했던 친구들 (5명)/(다섯 명)과
716.794	716.894	speaker#A	 /os2 [음.(BC/continuer)] /oe 
723.317	737.770	speaker#B	 n/ 기혼의 친구들과 같이 이제 기묘한 그 포인트. (2포인트)/(두 포인트)를 이렇게 (1번)/(한 번) 바다를 돌아보고 /os1 저녁에는 /oe 맛있는 맥주와 피자, 파스타 등등을 앞에 놓고 카페에서 차를 마시는데
731.370	731.635	speaker#A	 /os1 [음.(BC/continuer)] /oe 
738.278	745.317	speaker#B	 /os1 그날 /oe 이렇게 폭죽이 탁탁 터지더라고요. 그게 우리나라에서는 여의도 불꽃축제에서만 볼 수 있는건데
738.298	738.503	speaker#A	 /os1 [예.(BC/continuer)] /oe 
745.809	754.953	speaker#B	 /os1 그날 아주 /oe 가까이서 그렇게 /os1 멋진 /oe 음악과 함께 팍팍 터지는 폭죽을 보고 있자니 그 때가 정말 행복하고 좋았습니다.
745.834	746.089	speaker#A	 /os1 [예.(BC/continuer)] /oe 
747.884	748.299	speaker#A	 /os1 [음.(BC/continuer)] /oe 
755.380	764.741	speaker#B	그래서 제가 /os1 가장 /oe 기억에 남는 것이 사실 그 여정의 하나하나의 보이는 그 포인트였어요. 바닷가.
755.600	755.890	speaker#A	 /os1 [음.(BC/continuer)] /oe 
765.153	772.083	speaker#B	수 천만 가지의 바닷가의 모습, 매일매일 바다를 보니까요. /os1 그게 정말 비교 /oe /os1 안되게 /oe 큰 바다. 그래서
769.398	770.183	speaker#A	 /os1 [음 흐음 음(BC/understanding)] /oe 
770.743	770.943	speaker#A	 /os1 [음.(BC/continuer)] /oe 
772.450	779.736	speaker#B	아 /os1 나 정말 /oe 조그만한 동굴 속에서 살고 있었구나 /os1 근데 /oe 이것이 경험이 퍼져나가는 것과 함께
772.630	772.925	speaker#A	 /os1 [음.(BC/continuer)] /oe 
777.060	777.240	speaker#A	 /os1 [음.(BC/continuer)] /oe 
780.125	789.330	speaker#B	그 지역에서 가장 기억에 남는 것은 사람이구나. 라는 /os2 생각이 /oe 들었어요. /os2 사실은 /oe 제가 n/ 네팔에 있는 안나푸르나까지 다녀오는데도
784.050	784.120	speaker#A	 /os2 [음.(BC/continuer)] /oe 
785.740	785.920	speaker#A	 /os2 [음.(BC/continuer)] /oe 
790.124	805.114	speaker#B	네팔에는 뷰 포인트가 굉장하잖아요. 설산과 그 자연과 공기와 모든게 완벽한데. /os1 이 /oe 네팔보다 산티아고 길이 훨씬 좋은 이유는 /os1 산티아고 /oe 길은 사람과 같이 가는 길이에요.
797.760	797.840	speaker#A	 /os1 [음.(BC/continuer)] /oe 
801.310	801.500	speaker#A	 /os1 [음.(BC/continuer)] /oe 
805.370	806.270	speaker#B	좋은 n/ 사람들과
806.899	807.339	speaker#A	[음.(BC/continuer)]
807.344	822.546	speaker#B	길에서 나를 초대해주고 맛있는 음식을 대접해주고 나를 소개해주고 친구들을 소개해주는 친구들이 있다면 이 /os2 네팔은 /oe 각자 자기끼리 끼리끼리 어울려 다니기 때문에 그런게 없어요 /os2 아무리 /oe 좋은 경치를 가져도
813.951	813.991	speaker#A	 /os2 [음.(BC/continuer)] /oe 
820.366	820.766	speaker#A	 /os2 [음.(BC/continuer)] /oe 
823.083	831.083	speaker#B	좋은 사람과 함께하지 않으면 /os2 소용이 없구나 /oe 그래서 저에게는 기혼이라는 지역이 가장 /os2 기억에 남습니다. /oe 
825.563	825.853	speaker#A	 /os2 [음.(BC/continuer)] /oe 
830.298	830.663	speaker#A	 /os2 [음/(BC/understanding)] /oe 
831.687	832.407	speaker#A	[음, 응.(BC/continuer)]
833.291	842.571	speaker#A	그런 것이 이제 지금 어/ 정말 좋은 경험을 하셨는데 그런것이 지금하시는 사업과 어떻게 연결 되나요?
843.258	848.194	speaker#B	음/ (1마디)/(한 마디)로 나를 (healing)/(힐링)하는 시간이었던거 같아요.
848.447	849.877	speaker#A	 /os1 [음, 응.(BC/understanding)] /oe 
848.457	856.322	speaker#B	 /os1 u/ /oe 여태까지 내가 먹고 싶은 음식보다는 다른 사람이 원하는 음식, 다른 /os2 사람이 /oe 원하는 레스토랑.
855.067	855.332	speaker#A	 /os2 [음.(BC/continuer)] /oe 
856.898	861.368	speaker#B	네, 그 사람한테 좀 맞춰줘야 한다는 생각을 전적으로 좀 많이 했었거든요.
862.002	862.757	speaker#A	[아, 응.(BC/assessment)]
862.556	865.101	speaker#B	 n/ 사회적으로 그래야만 하니까,
865.641	865.950	speaker#A	[음.(BC/continuer)]
865.950	871.494	speaker#B	그래야만 사람들과 어울릴 수 있고 /os1 그래야만 /oe 좋은 사람이 될 수 있다고 믿었다면
868.495	868.890	speaker#A	 /os1 [음.(BC/continuer)] /oe 
872.016	872.533	speaker#A	[음, 응.(BC/continuer)]
872.523	876.223	speaker#B	이제는 내가 원하는 것을 위해서 나는 존재할 수 있을 것이다.
876.807	877.382	speaker#A	[음.(BC/continuer)]
877.806	884.036	speaker#B	그래서 푸른 오늘은 너가 원하는게 뭐니? /os2 그것을 /oe 하고, 오늘은 너가 먹고 싶은게 뭐니?
881.481	881.731	speaker#A	 /os2 [음.(BC/continuer)] /oe 
884.278	885.533	speaker#B	 n/ 그것을 먹고
885.698	886.239	speaker#A	[음음.(BC/continuer)]
886.239	902.038	speaker#B	 n/ 인생길이랑 굉장히 비슷한게 내가 혼자 가고 싶으면 혼자 가면 되요. 같이 가고 싶으면 같이 가도 되요. /os2 근데 내 속도로 /oe 가는게 중요한게 내 n/ 이로 걷거나 친구들끼리 얘기 하면서 나 오늘 혼자 생각할게 있어서 혼자 걷고 싶어. /os1 그것 처럼 /oe 
893.018	893.458	speaker#A	 /os2 [음 음.(BC/continuer)] /oe 
900.988	901.583	speaker#A	 /os1 [음 음.(BC/continuer)] /oe 
902.517	918.856	speaker#B	되게 중요한거 같아요. n/ 이것이 사람들한테 저는 프로그램안에서 얘기해 주고 싶은거는 당신이 주체고 당신이 원하는 삶을 선택할 자격이 있고 그것이 당신의 삶의 목적 한 줄이 굉장히 중요하다. 근데 저는 프로그램에 산티아고 경험을 담아서
919.234	924.124	speaker#B	이것을 /os2 전해주고, /oe 그것을 실천하게 하는 사람, 그래서 저는 행동
919.559	919.824	speaker#A	 /os2 뭔가 /oe 
924.804	930.330	speaker#B	 /os1 멘탈전문가가 /oe 저의 정체성이거든요. 감사모임에서 정해진, 확실히 정한거지
924.819	924.984	speaker#A	 /os1 [음.(BC/continuer)] /oe 
930.958	931.343	speaker#A	 /os1 [음.(BC/continuer)] /oe 
930.958	939.671	speaker#B	 /os1 그 /oe 멘탈, 강력한 멘탈을 통해서 자기 삶의 주체가 되는 삶을 살자 라고 /os1 정했고 /oe 사실은 감사 프로그램이 아니에요. 내 인생 변화 프로젝트입니다.
935.603	935.868	speaker#A	 /os1 [음.(BC/continuer)] /oe 
940.512	941.262	speaker#A	[음, 응.(BC/continuer)]
941.293	942.188	speaker#A	 /os1 음, 그러니까 /oe 
941.658	942.825	speaker#B	 /os1 그러니까 굉장히 /oe 예.
943.414	949.965	speaker#A	인생변화, 그래서 /os2 제가 /oe 보니까 그/ 이제 계획서 이런거 쓰실 때 보면 제일 처음에 이제
944.549	944.674	speaker#B	 /os2 [네.(BC/continuer)] /oe 
950.304	956.260	speaker#A	비난하지 않을 용기부터 시작해서 /os2 그게 결국 /oe 제가 이제 다른 사람으로부터
953.319	953.859	speaker#B	 /os2 [음.(BC/continuer)] /oe 
956.609	966.280	speaker#A	다른 사람때문에 내가 이걸 못한다 이걸 못한다 이런 생각에서 벗어나기 시작하기 시작하는거가 제일 먼저였던거 같아요. /os2 프로그램에서. /oe 
965.994	966.794	speaker#B	 /os2 [음/(BC/understanding)] /oe 
966.907	979.640	speaker#A	그러니까 부모님을 부모님 때문에 못했다. 그러니까 부모님 말을 우리가 듣는 그것이 우리가 어렸을 때는 그렇게 해야지만 우리가 안전하고 /os2 또 /oe 
979.155	979.620	speaker#B	 /os2 [음.(BC/continuer)] /oe 
979.857	989.333	speaker#A	다른거, 우리 힘이 세지 않았을 때는 그렇게 해야 됐었죠. 그치만은 그게 이제 어느 정도 선에서 끝이 나야 되는데 /os1 우리가 그렇지 /oe 못하고 계속 한
987.461	987.836	speaker#B	/os1 [음.(BC/continuer)] /oe
989.708	998.492	speaker#A	하고 사회적으로 그러니까 의존하게 되고 /os2 남을 /oe 의존하게 되고 또 남의 사회가 뭘 바라나 생각하게 되고 이런거에서 이제 벗어나기
993.328	993.883	speaker#B	 /os2 [음.(BC/continuer)] /oe 
999.026	1008.919	speaker#A	로 시작하신 것이 그 산티아고 그거 그렇게 생각하시면서 직장 그만 두시고 이제 산티아고랑 여행도하시면서 자기를 찾으신거 잖아요. /os2 그래가지고 /oe 
1008.335	1008.865	speaker#B	 /os2 [네.(BC/continuer)] /oe 
1008.944	1016.139	speaker#A	그거를 사업에다가 녹이시는데, 비난하지 않을 용기 이제 거기서부터 그 다음 단계는 어떻게 되나요?
1016.781	1022.121	speaker#B	네, (1번째)/(첫 번째)가 비난하지 않을 용기, 그 다음 /os1 (2번째)/(두 번째)가 /oe 상처 받지 않을 용기,
1019.456	1019.896	speaker#A	 /os1 [음.(BC/continuer)] /oe 
1022.120	1022.945	speaker#A	[음 흐 음(BC/understanding)]
1022.945	1025.244	speaker#B	(3번째)/(세 번째)는 두려움을 넘어설 용기 입니다.
1025.853	1033.201	speaker#A	음/ 그러면 그러니까 이제 그 관련 그니까 세 단계로 이렇게 얘기하셨잖아요.
1033.201	1033.676	speaker#B	네.
1034.001	1045.401	speaker#A	네. 근데 이제 음/ 비난하지 비난하지 않을 용기 그렇죠? 그러니까 남을 이게 내가 어/ 내 삶을 주도 한다. 이제 그게 그런 뜻으로 되는 거죠? /os1 예 /oe 
1044.791	1045.376	speaker#B	 /os1 [네 네.(BC/continuer)] /oe 
1045.862	1050.942	speaker#A	그러고 나서 상처받지 않는다는 뜻은 좀 더 자세하게 설명해 주시면
1051.806	1062.272	speaker#B	음, 상처 받지 않을 용기는 그렇습니다. 내, 내 인생에서 좀 힘든 시기에 내가 /os2 극복했던 /oe 방법이 있는데 이제 감사일기를 쓰면서 극복했다고 말씀을 드렸어요.
1057.998	1058.233	speaker#A	 /os2 [음.(BC/continuer)] /oe 
1062.697	1066.631	speaker#B	 /os1 그게 /oe 뭐냐면, 나에게 상처주는 사람을 집중하는게 아니라
1062.777	1063.002	speaker#A	 /os1 [네 네.(BC/continuer)] /oe 
1067.091	1073.111	speaker#B	내가 감사할 것에 집중을 하는 거죠. 그리고 그 시간을 버텨가고 이겨내 가는 시간이라고 생각을 해요.
1073.705	1074.605	speaker#A	 /os2 [음/ 응(BC/understanding)] /oe 
1074.239	1088.931	speaker#B	 /os2 내가 /oe 그걸 포기하지 않고, n/ 그 일을 감사하면서 해가 다 보면 n/ 거기에 초점을 두니까 n/ 해가다 n/ 보면 비판하던 사람들은 어느 덧 멀어지게 되요. 그리고 내 주변에 /os1 나를 도와주고 /oe 나에게 /os1 힘을 /oe 주는 사람들로 채워가는
1085.275	1085.600	speaker#A	 /os1 [음.(BC/continuer)] /oe 
1086.919	1087.134	speaker#A	 /os1 [음.(BC/continuer)] /oe 
1089.693	1090.488	speaker#A	[응.(BC/continuer)]
1090.546	1097.936	speaker#B	그렇게 함께 가는 길이라고 저는 생각을 합니다. 그래서 n/ 상처 받지 않는 길 감사일기를 쓰면 상처받지 않을 용기가 생기게 된다.
1098.671	1108.949	speaker#A	음, 많은 사람들이 뭐 얼른 생각하면 감사일기라는 것이 뭐 내가 뭘 받아서 감사하고 이제 그런 생각을 더 많이하게 되는데
1108.956	1109.516	speaker#B	[네.(BC/continuer)]
1109.698	1121.277	speaker#A	u/ 그런거를 넘어서서 어, 삶에서 어려운 일들 또 살면서 어려운 관계 요런 것들 속에서 감사함을 열심히 찾으셨나봐요.
1121.682	1122.232	speaker#B	[네네.(BC/continuer)]
1122.692	1128.209	speaker#A	 n/ 음, 그거는 좀 더 적극적으로 감사하시는 그런 태도네요. 그게.
1128.273	1128.843	speaker#B	[그렇죠.(BC/affirmative)]
1129.023	1129.308	speaker#B	[네.(BC/continuer)]
1129.385	1136.260	speaker#A	 n/ 음, 그렇구나. 그러니까 아까 말씀하신대로 누가 상처를 줬을 때, /os1 그렇죠? /oe 또 어떤
1134.605	1134.915	speaker#B	 /os1 [네.(BC/continuer)] /oe 
1136.550	1143.830	speaker#A	일이 내 맘대로 되지 않을 때에도 불구하고 어떻게 감사할 수 있나. 를 생각하시면서 감사일기를 쓰신거에요.
1144.253	1144.572	speaker#B	[네네.(BC/continuer)]
1144.572	1152.317	speaker#A	그리고 그런 그거를 이제, 다른분들하고 나누고 싶은, 사업을 통해서 이제 다른 분들하고 나누고 싶어하시는 거죠?
1152.378	1153.028	speaker#B	[네네.(BC/continuer)]
1153.377	1161.112	speaker#A	음/ 예를 들어서 (1가지)/(한 가지) 정도 감사일기를 쓰면서 변화됐던 일을 나눠주시면
1162.383	1169.048	speaker#B	음/ 감사일기 쓰면서 그냥 가장 변화됐던게 저는 가장 강력한 힘이 미래일기 같아요.
1169.774	1170.901	speaker#A	음, 미래일기?
1170.901	1180.026	speaker#B	네, 미래일기 n/ 쓸때 나의 그 현재 모습과 비교를 했을 때 사실 그대로를 쓸 필요는 없어요.
1180.871	1181.731	speaker#A	 /os1 [음, 응.(BC/understanding)] /oe 
1180.871	1181.701	speaker#B	 /os1 하지 않아요. /oe 
1182.323	1188.938	speaker#A	음, 근데 이제 그거가 그 (3번째)/(세 번째) 단계잖아요 /os2 그쵸 /oe 두려워하지 않을 용기. 그거로 가기 전에
1185.518	1185.918	speaker#B	 /os2 [네 네.(BC/continuer)] /oe 
1189.201	1193.266	speaker#A	 n/ 상처 받지 않을 용기 속에서 기억나시는게 있다면
1193.692	1198.202	speaker#B	음, 상처받지 않을 용기에서 기억나는 것이 있다면
1198.737	1199.207	speaker#A	[음음.(BC/continuer)]
1199.573	1200.593	speaker#A	 /os2 감사를 통해서 /oe 
1199.788	1200.318	speaker#B	 /os2 옛날에 /oe 
1200.826	1201.881	speaker#A	변화된 것.
1202.104	1204.094	speaker#B	아 그 사례를 말씀하시는거죠?
1204.476	1205.541	speaker#A	네네.
1206.223	1216.078	speaker#B	그게 그렇게 해서 이제 직장 그만 두고 간호학과 가기로 결심해서 간호사가 됐을때 또 /os1 같은 /oe 그런게 반복이 되더라고요. 사람들의 관계가 여전히 힘들고
1211.728	1212.078	speaker#A	 /os1 [음.(BC/continuer)] /oe 
1216.630	1223.240	speaker#B	 /os1 그리고 /oe 매 순간 일의 능률은 안나고 그런데 이 열정은 높고
1216.645	1217.579	speaker#A	 /os1 [아/ 음(BC/understanding)] /oe 
1224.323	1228.823	speaker#B	뭔가 내가 원하는 일을 선택했으니까 어떻게든 버텨야 겠다라는 생각이 있었어요. 그래서
1229.250	1229.915	speaker#A	[네.(BC/continuer)]
1230.035	1236.640	speaker#B	옆에서 조무사 선생님 (AN)/(에이엔)이라고 하죠 (assistant nurse)/(어시스턴트 널스)라고 해서 그 분이
1236.640	1237.055	speaker#A	[네.(BC/continuer)]
1237.090	1239.208	speaker#B	그렇게 잔소리를 하는거에요. 뭐
1239.885	1240.265	speaker#A	 /os1 [아/(BC/assessment)] /oe 
1239.895	1256.370	speaker#B	 /os1 (brass sheet)/(브래스 시트)를 /oe 쓰고 나서 바로 바로 좀 담가라. 근데 그걸 쫓아다니면서 얘기하고 뭐 이거는 제자리에 둬라. 이거는 재활용을 하라. 뭐 이렇게 해서 그 분 나름딴에는 가르쳐주는 거지만 그 분이 저를 굉장히 비판하는 태도로 대했기 때문에 저한테는 좀 상처가 되었어요.
1256.824	1264.435	speaker#B	 /os1 제가 그걸 /oe 상처라고 생각했으면 상처고 그래서 힘들었겠지만, 그 사람이 그렇게 하더라도 나는
1256.929	1257.359	speaker#A	 /os1 [음.(BC/continuer)] /oe 
1264.987	1275.026	speaker#B	최근 감사할 것에 집중하겠어. 내 직장은 사랑으로 가득 차 있어. /os1 그리고 내 주변에는 /oe 좋은 사람들만 있어. 라고 확언을 했었어요. 확신이 찬 /os1 말을 확언이라고 /oe 하거든요.
1269.852	1270.387	speaker#A	 /os1 [음/(BC/understanding)] /oe 
1273.557	1274.102	speaker#A	 /os1 [음.(BC/continuer)] /oe 
1275.559	1276.244	speaker#A	[네.(BC/continuer)]
1276.738	1280.043	speaker#B	그랬더니, 어/ 그 분이 한 (3개월)/(삼 개월) 있다가 그만 두셨어요.
1281.137	1282.094	speaker#A	[어/(BC/assessment)]
1282.093	1283.063	speaker#B	 /os2 그만두시고. /oe 
1282.353	1282.748	speaker#A	 /os2 [음.(BC/continuer)] /oe 
1284.034	1294.447	speaker#B	그리고 남아 있던 분들이 정말 좋은 분들이셨어요. /os2 화기애애하고, /oe 되게 좋고 /os2 제 편이 /oe 있었어요, 그때. /os1 저를 응원해주는 /oe 분들이 있었기 때문에
1287.190	1288.105	speaker#A	 /os2 [아/(BC/assessment)] /oe 
1290.030	1290.365	speaker#A	 /os2 [음.(BC/continuer)] /oe 
1292.440	1292.980	speaker#A	 /os1 [음.(BC/continuer)] /oe 
1294.841	1297.896	speaker#B	그 시간을 정말 잘 지내, 버틸 수가 있었거든요.
1298.979	1307.839	speaker#A	근데 사실 살다보면 상처 받을 일들 꽤 많잖아요 /os1 상처 받고 /oe 있는 일이 근데 진짜 그런 것을 감사를 통해서
1302.673	1303.083	speaker#B	/os1 [네.(BC/continuer)] /oe
1308.212	1317.526	speaker#A	어/ 정말 보는 눈을 바꾸고 진짜 감사를 통해서 자기 환경이 바뀌는 그런 경험 굉장한 경험을 하셨네요.
1318.059	1318.634	speaker#B	네네.
1320.167	1338.889	speaker#A	사실 우리가 보면 이제 그게 이제 뭐 당김의 법칙에서도 제가 듣는 얘긴데, 우리가 진짜 어/ 우리 에너지 레벨이 바뀔 때, 그 에너지와 진동하는 사람들이 바뀌는 거잖아요. /os2 그러니까 /oe 제가 진짜 섭섭함을 느낄 때 에너지하고
1335.195	1335.485	speaker#B	 /os2 [예.(BC/continuer)] /oe 
1338.963	1348.619	speaker#A	또 내가 감사함을 느낄 때 에너지는 참 차이가 있잖아요. 그 /os2 레벨에. /oe 감사일기를 통해서 그런 일이 있어났고 또 그런 일이 일어나고 나서
1342.638	1343.163	speaker#B	 /os2 [네네.(BC/continuer)] /oe 
1349.169	1356.811	speaker#A	당기는 사람들의 그 퀄리티하고 에/ 그런 것들이 환경이 바뀌셨다는 얘기를 하는거잖아요?
1356.811	1357.191	speaker#B	 /os1 네네. /oe 
1357.057	1358.862	speaker#A	 /os1 너무나도 /oe 좋은 경험을 하셨네요.
1358.862	1359.177	speaker#B	네
1359.662	1378.010	speaker#A	그러고 그런거를 프로그램속에서 사람들하고 어/ 나누시고 또 사람들에게 이제 그런 사람들이 또 그런 그 사람들이 어려움을 가지고 올 때 그것을 어떻게 이제 어/ 진짜 그/ 다른 에너지 차원에서 볼 수 있는 이런 것도 많이 프로그램 속에서 하시는 거죠?
1378.221	1378.791	speaker#B	네네.
1379.387	1391.062	speaker#A	음음, 그러고 이제 우리가 감사하고 이제 상처 받지 않고 그러면서 이제 삶이 진짜 좀더 즐거워지고 그렇긴 하지만 거기서 이제
1391.458	1404.927	speaker#A	멈추지 않아야 되잖아요. 그래서 그거를 이제 생각하시면 아까 얘기하신대로 그 감사일기에서 시작해서 어/ 그 다음 나를 찾고, 그 다음 찾은 나를 가지고 그 다음은 어떻게 할 것인가에 대한 근데 그거를
1405.258	1412.133	speaker#A	두려움을 두려워 하지 않을 용기 이제 이 프로그램속에서 녹이신거죠. 그거에 대해서 좀 말씀해 주세요.
1412.891	1429.104	speaker#B	아 네. 말씀을 드리자면 상처 받지 않을 용기로 인해서 강한 멘탈을 장착을 하는 거죠. 음 /os1 비난하지 /oe 않을 용기도 사실 강한 멘탈을 장착하는 겁니다. 그 /os1 다음에 /oe 두려움을 넘어선 용기는 실제 내가 두려워 하는 일을
1420.690	1421.260	speaker#A	 /os1 [음.(BC/continuer)] /oe 
1425.335	1425.655	speaker#A	 /os1 [음.(BC/continuer)] /oe 
1429.864	1439.167	speaker#B	(1가지)/(한 가지)를 하는거에요. /os2 행동하는 /oe 일이에요. 그게 가장 중요하고 행동 계획을 어떻게 실천했는지가 저희 워크샵의 주로
1431.934	1432.539	speaker#A	 /os2 [음.(BC/continuer)] /oe 
1439.512	1451.015	speaker#B	나누는 내용이에요. 그래서 매일매일 나의 사명 그리고 목표를 미래일기로 쓰면서 /os1 그거를 /oe 읽었을 때 나의 모습을 정말 상상하는게 실제로 행동하는 것보다 더 중요하다고 생각하는 사람입니다.
1445.806	1446.416	speaker#A	 /os1 [음.(BC/continuer)] /oe 
1451.804	1457.379	speaker#A	음/ 미래일기 정말 좋은 얘기인데 그거에 대해서 조금만 더 자세하게 설명해주시겠어요?
1457.692	1475.874	speaker#B	아 네. 그래서 그 나의 질문을 한 (1주일)/(일 주일) 동안은 찾아가요 (1번째)/(첫 번째)는 내가 n/ 누군가를 도와주고 나서 가장 보람있게 느꼈던 일. /os1 그리고 /oe 나의 인생 연혁에 대해서 제가 파일을 드리는데 거기에 대해서 내가 인생의 중요한 사건들을 중심으로
1467.988	1468.328	speaker#A	 /os1 [음.(BC/continuer)] /oe 
1476.237	1484.862	speaker#B	한번 돌아보고 그것을 쓰게 하고 /os2 거기서 /oe 나의 인생그래프를 (1번)/(한 번) 그려본 다음에 한 하루에 하나씩의 질문을 찾아가는 거에요.
1478.832	1479.202	speaker#A	 /os2 [음/(BC/understanding)] /oe 
1485.614	1503.457	speaker#B	오늘 내가 길을 가다가도 누군가가 쓰러졌는 때 정말 도와줄 뻔한 경험이라던가 그런 것을 나누면서 내 삶의 중요한 것이 무엇이지? 내 삶의 가장 중요한 (1줄)/(한 줄), 내가 살아가는 이유가 뭐지, 그럼 이유를 찾게 되면 그렇게 함으로써 두려움을 넘어선 용기게 생기게 되는거에요.
1504.119	1511.109	speaker#B	또 /os1 목적이 /oe 있는 상태에서 내가 오늘 두려워 하는 (1가지)/(한 가지)가 뭐지? 그래서 정말 이게 추상적인게 아니라 예를 들어
1504.215	1504.635	speaker#A	 /os1 [음.(BC/continuer)] /oe 
1511.719	1519.579	speaker#B	나는 오늘 출근하기 싫은데 출근한 것도 두려움을 넘어선거야. 이런 나를 칭찬해 그런거 /os1 하나 /oe 하나씩 하루하루 적어가면서 해나가는 거죠.
1517.244	1517.564	speaker#A	 /os1 [음.(BC/continuer)] /oe 
1520.369	1527.239	speaker#B	 /os1 그래서 /oe 매일매일 쓰는 거에요. 사명과 나의비전을 하나씩, 그리고 나의 두려워 하는 일을 넘어선 (1가지)/(한 가지)를 쓰고,
1520.379	1521.119	speaker#A	 /os1 [음/(BC/understanding)] /oe 
1527.962	1535.615	speaker#B	 /os1 이렇게 하면서 /oe 하루하루 그게 쌓이다 보면 저는 또 (1달)/(한 달)이 지나면 정말 다른 모습이 될거라고 정말 생각하거든요.
1527.967	1528.897	speaker#A	 /os1 [음 음 으 음(BC/understanding)] /oe 
1536.027	1536.817	speaker#A	[음.(BC/continuer)]
1536.956	1537.211	speaker#B	[네.(BC/continuer)]
1537.885	1547.988	speaker#A	지금 그/ 그런거를 이제 그/ 코스를 겪으면 거치면서 다른 모습으로 변화된 사람 분들도 많이 만나셨을 거잖아요.
1547.988	1548.342	speaker#B	네.
1548.342	1550.562	speaker#A	그런 하나 예를 들어주시면
1551.202	1555.240	speaker#B	아, 저희 수강생 중에 /os2 이계수님이 /oe n/ 계시는데요.
1553.702	1553.832	speaker#A	 /os2 [예.(BC/continuer)] /oe 
1555.546	1556.151	speaker#A	[네네.(BC/continuer)]
1556.234	1566.176	speaker#B	 n/ 그분께서 이걸 하기 전에 굉장히 좀 직장일로 힘들어 하셨어요. /os1 적응도 /oe 잘 안되고 힘들어 하셨는데 이제는 거기에 대해서 둔감해지는
1561.250	1561.880	speaker#A	 /os1 [아(BC/assessment)] /oe 
1566.851	1568.776	speaker#B	좀 /os2 그런 부분 /oe 
1566.856	1568.516	speaker#A	 /os2 아 둔감해지는 /oe 
1569.304	1575.564	speaker#B	아, 그럴수 도 있겠구나. 그래서 좀 그 나름의 의미가 있었네? 의미도 발견하게 됐고
1576.243	1576.822	speaker#A	[음.(BC/continuer)]
1576.798	1591.087	speaker#B	그리고 일상의 그 작은 것도 굉장히 소중하게 여긴다고 하더라고요. 예를 들면 주변의 강아지와 산책을 하면서 느껴지는 자연의 그 경의로움, 아름다움을 느끼고 /os2 현재를 /oe 사랑할 수 있는 기쁨을 가지셨다고 해요.
1588.481	1588.596	speaker#A	 /os2 [음.(BC/continuer)] /oe 
1591.718	1607.088	speaker#B	이제 사물을 다르게 보는 능력이 생기신거죠. 그러니까 생각이 바뀌면 모든 것이 바뀐다는 그런 말이 있어요. 그 강사는 /os1 나의 /oe 지각을 바꿔 나가는 과정이라고 생각을 해요. /os2 똑같은 것을 봐도 /oe 이 노트북 하나를 봐도 이것이 나에게 도움을 주는 n/ 존재로 바라보는 것과
1598.078	1599.428	speaker#A	 /os1 [네, 그럼요.(BC/affirmative)] /oe 
1602.214	1602.770	speaker#A	/os2 [음.(BC/understanding)] /oe
1607.247	1607.422	speaker#A	[음.(BC/continuer)]
1607.680	1611.250	speaker#B	 /os1 아니면 /oe 그냥 노트북으로 바라보는 것과는 저는 차이가 있다고 생각을 합니다.
1607.690	1608.070	speaker#A	 /os1 [음.(BC/continuer)] /oe 
1612.021	1621.911	speaker#A	음/ 감사도 적극적인 감사를 하시는거 같아요. /os2 그냥 /oe u/ 주어진 좋은 것만 감사를 하는게 아니고 정말 모든것을
1616.542	1616.907	speaker#B	 /os2 [네.(BC/continuer)] /oe 
1622.380	1626.270	speaker#A	감사하는 그런 노력이 필요하는 감사 그런거 같아요.
1626.275	1626.855	speaker#B	[네네네.(BC/continuer)]
1627.884	1643.939	speaker#A	너무 멋있어요. n/ 제가 이제 지금 또 하나 이제 제가 푸른님에 대해서 알아낸게 진짜 그/ 뭐를 하시면 너무너무 열심히 하시는 그런 하신다는 인상을 받았는데, 그런데 이제 김영환 교수님 프로그램을 하실 때도
1644.201	1651.826	speaker#A	(1인)/(일 인) 기업 그 과정을 끝내시고 그 다음에 이제 계속해서 해가지고 프로과정까지 마치셨잖아요. /os1 그래서 /oe 
1651.281	1651.801	speaker#B	 /os1 [네.(BC/continuer)] /oe 
1652.178	1658.033	speaker#A	그거에 대해서 어떻게 말씀해 주실 수 있는지 경험이 어떠셨는지
1658.861	1661.670	speaker#B	음/ 프로과정 말씀하시는거에요? n/ 총체적으로
1661.670	1665.795	speaker#A	아 네. 총체적으로 예, /os1 총체적으로 /oe 그런 (1인)/(일 인) 기업을
1663.535	1664.400	speaker#B	 /os1 [아/(BC/assessment)] /oe 
1666.196	1676.546	speaker#A	어/ 생각하고 있는 사람들한테 그런 그/ 경험을 어떻게 준비하셨고 또 이제 해보시고 나서 또 어떤 느낌이 있으시고 또 어떻게 도움을 받으셨는지
1676.970	1692.609	speaker#B	네, 아 (1인)/(일 인) 기업은 제가 책을 낸 이후로 뭔가를 계속 프로그램을 만들고 싶었는데 근데 감사모임을 처음에 무료로 운영을 했어요 /os1 어느 순간 /oe 이게 모객이 좀 어려워 지면서
1689.760	1690.045	speaker#A	 /os1 [예.(BC/continuer)] /oe 
1693.067	1698.967	speaker#B	어/ 이제 언제까지 이걸 계속해야 될까라는 생각이 들때 쯤에 제가 유료 프로그램으로 전환을 했어요.
1699.627	1700.610	speaker#A	[아/ 응.(BC/assessment)]
1700.610	1708.654	speaker#B	뭔가 이거를 두려움을 넘어서야 될거 같아서 /os1 근데 /oe 유료로 하면 뭔가 사람들이 안 올 것 같고 진짜 이제 프로그램이 없어지는구나 싶었는데,
1703.198	1704.248	speaker#A	 /os1 [네 네. 예(BC/continuer)] /oe 
1709.188	1709.553	speaker#A	[응(BC/continuer)]
1709.546	1715.421	speaker#B	무료로 하시던 분이 유료로 또 고마운 마음에 전환을 해주셨어요 그러면서 /os1 거기서 일어났고 /oe 
1713.951	1715.151	speaker#A	 /os1 [아/ 음(BC/assessment)] /oe 
1715.820	1726.348	speaker#B	다음에는 이걸 좀더 발전시킬 수 있을까 하는 생각에 그 교수님을 찾아갔어요. /os1 그러면서 /oe 다음에 만나서 문 열면 항상 질문을 들고 오라고 하시는데,
1722.243	1722.548	speaker#A	 /os1 [음/(BC/understanding)] /oe 
1726.858	1735.003	speaker#B	 /os1 제가 /oe 만나고 나서 교수님과 관계형성이 됐고 n/ 관계형성이 되면서 프로그램을 자연스럽게 결제를 하게 되었습니다.
1726.858	1727.343	speaker#A	 /os1 [네네.(BC/continuer)] /oe 
1735.654	1741.634	speaker#B	 /os1 근데 이걸 /oe 듣다보니까 엄청난 거에요. 근데 저는 이제 행동가이자
1735.654	1736.379	speaker#A	 /os1 [음/(BC/understanding)] /oe 
1742.056	1748.974	speaker#B	 /os2 전략가 로서는 /oe 조금 부족한면이 있는데 그 /os2 교수님은 /oe 전략적으로 굉장히 아는 것을 알려주시는 거에요.
1742.411	1742.561	speaker#A	 /os2 [음.(BC/continuer)] /oe 
1745.346	1745.561	speaker#A	 /os2 [음.(BC/continuer)] /oe 
1749.567	1757.828	speaker#B	 /os1 예를 들면 수업부터 /oe 시작해서 내 인생의 사명과 비전을 다시 (1번)/(한 번) 돌아보게 됐고, /os1 그렇게 /oe 하면서 내가 오늘 해야할 일과 하지 말아야 할 일
1749.573	1750.268	speaker#A	 /os1 [으 음/(BC/understanding)] /oe 
1754.877	1755.217	speaker#A	 /os1 [으음.(BC/continuer)] /oe 
1758.485	1763.245	speaker#B	 /os2 이걸 /oe 하루의 투두 그리고 나의 강점과 약점을 분석하는 법까지
1758.570	1758.940	speaker#A	 /os2 [음 음.(BC/continuer)] /oe 
1763.921	1773.286	speaker#B	 /os1 정말 /oe 그거를 보면 저의 잃었던 열정을 찾은거 같고요 /os2 그 프로그램의 /oe 꽃은 바로 인터뷰에요, 멘토 인터뷰
1763.937	1764.237	speaker#A	 /os1 [음.(BC/continuer)] /oe 
1768.451	1768.851	speaker#A	 /os2 [음.(BC/continuer)] /oe 
1773.947	1775.097	speaker#A	음. 응 /os1 정말 /oe 
1774.367	1774.782	speaker#B	 /os1 그래서 /oe 
1775.479	1778.754	speaker#A	너무 응/ /os1 좋은 프로그램이에요. /oe /os1 네. /oe 
1776.984	1777.729	speaker#B	 /os1 [맞아요.(BC/affirmative)] /oe 
1778.179	1778.744	speaker#B	 /os1 [예예(BC/continuer)] /oe 
1779.374	1782.739	speaker#B	멘토 인터뷰를 하다 보면 /os2 (insight)/(인사이트)를 /oe 정말 많이 얻고요.
1781.364	1781.704	speaker#A	 /os2 [음.(BC/continuer)] /oe 
1783.276	1784.090	speaker#A	[으흠 음(BC/understanding)]
1784.088	1791.560	speaker#B	어/ (insight)/(인사이트) 그러니까 열심히 사는 분들 그 분들 /os1 정말 /oe 평균 이상이거든요. 정말 많은 배움이 /os1 많은 /oe
1787.830	1788.095	speaker#A	 /os1 [음.(BC/continuer)] /oe 
1791.159	1791.323	speaker#A	/os1 [그렇죠.(BC/affirmative)] /oe
1791.645	1795.839	speaker#B	투자하실 뿐더러 /os1 그 /oe 분들의 공통점을 발견할 수가 있었어요.
1793.195	1793.530	speaker#A	 /os1 [음.(BC/continuer)] /oe 
1796.268	1797.025	speaker#A	[응응.(BC/continuer)]
1797.026	1800.241	speaker#B	공통점 발견을 하고 총 이십 분을 인터뷰를 하면서
1800.842	1801.257	speaker#A	[음.(BC/continuer)]
1801.336	1815.874	speaker#B	이제 그걸 끝나고 약간 좀 나는 이렇게 인터뷰혜택을 많이 누렸는데 이것을 듣지 못한 분들에게 좀 알려주고 미안하고 알려주고 싶은 생각이 들어서 /os2 워크샵을 /oe 하나 열었습니다.
1814.268	1814.643	speaker#A	 /os2 [음.(BC/continuer)] /oe 
1816.331	1817.131	speaker#A	 /os1 [으/ 음(BC/understanding)] /oe 
1816.331	1822.441	speaker#B	 /os1 (20인)/(이십 인)을 인터뷰를 /oe 발표한 워크샵을 열고 /os1 거기서 /oe 거기 계신분들이 좀 이거를
1819.506	1819.791	speaker#A	 /os1 [으음.(BC/continuer)] /oe 
1823.358	1829.733	speaker#B	만들어 가자라는 말씀이 있으셔서 거기 안에서 톡방 모임을 하나를 만들어서 아직까지 /os2 유지를 하고 /oe 있고요.
1828.718	1829.148	speaker#A	 /os2 [음.(BC/continuer)] /oe 
1830.288	1831.703	speaker#A	[으흠 으흠(BC/understanding)]
1831.815	1837.680	speaker#B	그 다음은 인터뷰 후에 그 분들의 공통점은 (2번째)/(두 번째)는 새벽기상이더라고요.
1838.378	1839.508	speaker#A	 /os1 [으/ 음.(BC/continuer)] /oe 
1839.365	1851.026	speaker#B	 /os1 뭔가를 /oe 내가 어떤 것의 사장이 되기 위해서는 굉장히 자기개발이 굉장히 중요하잖아요. /os1 그래서 제가 /oe 여태까지 만나뵙고 일궜던 사장님의 공통점이 독서하고
1846.610	1847.175	speaker#A	 /os1 [그렇죠.(BC/affirmative)] /oe 
1851.479	1858.322	speaker#B	 /os1 새벽기상하고 /oe 운동하고 이렇게 /os2 자기개발 많이 /oe 하시는 분들이었어요. /os1 제가 그 중에 /oe 못하는게 새벽기상이었어요.
1851.569	1851.964	speaker#A	 /os1 [으 음(BC/continuer)] /oe 
1853.664	1853.994	speaker#A	 /os2 [음.(BC/continuer)] /oe 
1855.649	1856.214	speaker#A	 /os1 [으 음.(BC/continuer)] /oe 
1858.948	1859.573	speaker#A	 /os1 [음.(BC/continuer)] /oe 
1859.437	1865.612	speaker#B	 /os1 그래서 /oe 새벽기상 모임하나 만들자. 해서 그것을 지금 만들어 지금까지 운영해 오고 있습니다.
1866.179	1870.399	speaker#A	음음. 하여튼 저 n/ 행동력이 대단하세요.
1870.739	1872.084	speaker#B	[ n/ 네네.(BC/continuer)]
1872.578	1878.614	speaker#A	저는 시간 관계로 인터뷰를 그렇게 많이 못했거든요. /os1 근데 /oe 푸른님 인터뷰 하면서 정말 많은거를
1875.453	1875.783	speaker#B	 /os1 [예.(BC/continuer)] /oe 
1879.033	1895.383	speaker#A	인터뷰 하신거 이제 그 내용도 좀 나눠 주셔가지고 거기서 제가 좀 배우고 또 지금 인터뷰 하면서도 정말 너무 많은걸 가져가요. 그래서 그거 굉장히 좋은 김영환 교수님이 (1인)/(일 인) 기업 하시는 그 프로그램이 진짜 알차고 또 도전적이고 우리어러
1895.692	1904.150	speaker#A	우리들을 생각하게 만드는 /os1 그런 프로그램인거 /oe 같아요. /os1 u/ /oe 그걸 통해서 또 이렇게 푸른님 만나게 됐고 인터뷰하게 되서 저도 정말
1897.307	1897.957	speaker#B	 /os1 [음/(BC/understanding)] /oe 
1899.067	1899.582	speaker#B	 /os1 [네 네(BC/continuer)] /oe 
1904.615	1912.956	speaker#A	어/ 너무너무 많이 배웠고 /os1 예, 하튼 /oe 어/ 진짜 좋은 프로그램 해주시는거 정말 어/
1907.305	1907.680	speaker#B	 /os1 [예.(BC/continuer)] /oe 
1913.487	1922.301	speaker#A	감사하고 제가 이제 계속해서 이런걸 통해서 제가 푸른님을 좀더 계속 알게 되고 /os1 앞으로도 /oe 꼭 좀 도움 받았으면 좋겠어요.
1919.187	1919.742	speaker#B	 /os1 [네.(BC/continuer)] /oe 
1922.496	1922.821	speaker#B	 n/ 네.
1922.807	1938.508	speaker#A	그러면 이 프로그램에 대해서 그냥 간단히 그 하시는 사업에 대해서 간단히 다시 (1번)/(한 번) 정리해 주시고 아마 이제 디테일 같은거 뭐 웹사이트나 이런 것들 그런거는 밑에다가 어/ 이제 나눠주세요.
1938.802	1939.557	speaker#B	[음.(BC/understanding)]
1939.557	1942.762	speaker#A	어떻게 하면 푸른님 프로그램을 찾을 수 있는지.
1942.963	1944.473	speaker#B	[음. 예(BC/understanding)]
1944.896	1949.111	speaker#A	그래서 (1번)/(한 번) 설명해 주시고 이제 그러고는 오늘 인터뷰를 마칠거 같아요.
1949.473	1958.998	speaker#B	네 사실 제 프로그램이 검색하면 /os2 어/ /oe 안 나올 수 있어요 근데 블로그에서 푸른 감사일기를 검색하면
1954.063	1954.513	speaker#A	 /os2 [음.(BC/continuer)] /oe 
1959.567	1960.142	speaker#A	[아/(BC/assessment)]
1960.152	1970.359	speaker#B	네. 제 블로그가 나오긴 할겁니다. 그렇게 검색하시면 되고 프로그램은 나사랑 인생변화 프로젝트에요 그래서 저의 닉네임이 나사랑 간호사인데
1970.947	1981.437	speaker#B	나를 사랑하는 것을 전하는 간호사입니다. 그래서 /os1 저의 /oe 회사 이름이 /os2 푸른마음컴퍼니에요. /oe 이것의 가치가 함께 감사 나눔이고요.
1973.922	1974.217	speaker#A	 /os1 [음.(BC/continuer)] /oe 
1976.437	1976.587	speaker#A	 /os2 [음.(BC/continuer)] /oe 
1982.879	1989.359	speaker#B	그 다음 이걸 통해서 얻을 수 있는 결과치는 자존감, /os2 자신감 /oe /os2 그리고 /oe 자기 만족감이에요.
1986.844	1987.109	speaker#A	 /os2 [음.(BC/continuer)] /oe 
1987.924	1987.979	speaker#A	 /os2 [음.(BC/continuer)] /oe 
1990.142	1990.932	speaker#A	 /os1 [음/(BC/understanding)] /oe 
1990.713	2006.218	speaker#B	 /os1 u/ /oe 이 안에 새벽기상 프로그램이 서브로 있는 거고요. 메인프로그램은 감사 프로그램입니다. /os2 감사프로그램이 /oe 세 단계가 있어요 (1번째)/(첫 번째)가 무료 프로그램, /os2 감사하기 /oe 프로그램 여러분들이 가장 많이 쓰시는 감사하기
1997.898	1998.228	speaker#A	 /os2 [음.(BC/continuer)] /oe 
2003.802	2003.902	speaker#A	 /os2 [음.(BC/continuer)] /oe 
2006.682	2008.677	speaker#B	그리고 /os1 상처 받지 /oe 않을 용기이구요,
2007.021	2007.187	speaker#A	/os1 [음.(BC/continuer)] /oe
2008.677	2008.947	speaker#A	[음.(BC/continuer)]
2009.247	2017.829	speaker#B	(2번째)/(두 번째)는 비난하지 않을 용기 입니다. /os2 감사일기 /oe 쓰다보면 어느 순간 인생에 살면서 뭔가 이렇게 굴곡이 있을 때가 있어요.
2011.885	2012.170	speaker#A	 /os2 [음.(BC/continuer)] /oe 
2018.238	2020.788	speaker#B	 /os2 그럴 때 /oe 비난하지 않을 용기를 들으시라고 권합니다.
2018.258	2018.823	speaker#A	 /os2 [그렇죠.(BC/affirmative)] /oe 
2021.612	2022.588	speaker#B	 /os1 그 이유는 /oe 
2021.627	2022.222	speaker#A	 /os1 [음.(BC/continuer)] /oe 
2023.583	2041.947	speaker#B	나의 인생에서 n/ 힘든 점을 본격적으로 직면할 수 있는 그러니까 내가 왜 이렇게 힘들었는지 왜 내가 같은 문제에 허덕이는지 /os1 이런 본질의 /oe 생각의 패턴을 돌아보고 /os1 그거를 /oe 치유해가는 과정인데요, /os1 그렇게 나 /oe 자신에게 오늘 뭐가 힘들었어? 내가
2032.288	2032.593	speaker#A	 /os1 [음.(BC/continuer)] /oe 
2035.248	2035.613	speaker#A	 /os1 [음.(BC/continuer)] /oe 
2038.453	2038.793	speaker#A	 /os1 [음.(BC/continuer)] /oe 
2042.265	2050.572	speaker#B	많이 힘들었구나. 그래 나 오늘 좀 많이 불안했구나 이렇게 /os1 자기감정을 /oe 토닥여 주면서 /os1 그러면서 /oe 나의 한 주 감사도 적고
2046.061	2046.281	speaker#A	 /os1 [음.(BC/continuer)] /oe 
2048.630	2048.875	speaker#A	 /os1 [음.(BC/continuer)] /oe 
2051.295	2058.416	speaker#B	 /os1 그러면서 /oe 내 인생의 의미도 찾아가는 과정이에요 결국은 결론적으로는 내 스스로를 비난하지 않게 됩니다.
2051.295	2051.630	speaker#A	 /os1 [음.(BC/continuer)] /oe 
2059.239	2059.544	speaker#A	[음.(BC/continuer)]
2059.655	2078.333	speaker#B	치유와 감사 프로그램이 바로 비난하지 않을 용기이고요. 마지막으로 (3번째)/(세 번째)가 굉장히 저의 모든 것이 담겨져 있는 애정이 듬뿍 듬뿍 담긴 두려움을 넘어서는 용기인데요 /os2 이때는 미래 /oe 감사일기에요 가장 강력한 힘, 이걸 추진할 수 있는 힘인데
2073.378	2073.573	speaker#A	 /os2 [음.(BC/continuer)] /oe 
2078.954	2079.219	speaker#A	[음.(BC/continuer)]
2079.382	2095.219	speaker#B	나의 n/ 과거와 현재에 대해서 알았다면 이제는 미래로 추진력을 가지고 나가기 위해서 내 목표가 분명해야해요. 그냥 목표가 아니라 내 원함을 제대로 알고 가치를 찾아가는 건데, 이 원한다는 것이 내가 원하는 것일 수도 있고 타인이 원하는 것일 수도 있고
2095.679	2100.949	speaker#B	원하는 것이 내가 진정으로 원하는 것일 수도 있고 /os1 아니면 /oe 나의 에고가 원하는 것일 수도 있어요.
2098.489	2098.689	speaker#A	 /os1 [음.(BC/continuer)] /oe 
2101.646	2101.971	speaker#A	[그렇죠. (BC/affirmative)]
2101.976	2109.581	speaker#B	참 나가 원하는 그 원함을 찾아가는 과정이고, 이걸 찾아가게 되면 /os1 두려움을 /oe 넘어서 용기가 생기거든요.
2107.636	2107.881	speaker#A	 /os1 [음.(BC/continuer)] /oe 
2110.083	2117.312	speaker#B	내가 /os1 두려워 /oe 하는 일을 하나씩 하나씩 해나가는 과정이에요 /os2 그러면서 /oe 진짜 변화가 시작되는 거죠.
2110.393	2110.563	speaker#A	 /os1 [음.(BC/continuer)] /oe 
2115.598	2115.908	speaker#A	 /os2 [음.(BC/continuer)] /oe 
2118.303	2119.258	speaker#A	 /os1 [음 음 으 음(BC/understanding)] /oe 
2118.583	2125.830	speaker#B	 /os1 그래서 시작점이자 /oe 출발점이자 마무리가 되면서 이 프로그램을 마치게 됩니다. /os2 두려움을 넘어설 /oe 용기 프로그램은 가격대가 좀 있어요.
2123.183	2123.653	speaker#A	 /os2 [음.(BC/continuer)] /oe 
2126.270	2133.340	speaker#B	 /os1 이거를 하시게 /oe 되면 다른 저의 프로그램도 (1번)/(한 번)씩 참여할 수 있게 해드릴 혜택을 드리고 있습
2126.285	2126.870	speaker#A	 /os1 [음/(BC/understanding)] /oe 
2134.333	2141.878	speaker#A	아 진짜 좋은 프로그램이네요 한번 저도 체크해 봐야 되겠어요. 감사합니다. 오늘 여러 가지로 너무 많이 설명해 주시고
2142.193	2142.858	speaker#B	[네.(BC/continuer)]
2142.843	2152.523	speaker#A	우리 그럼 언제 한번 또 이런 기회 또 만들어 주시면 이제 그 다음은 어떻게 지내시는지 또 제가 알아볼 수 있는 기회가 될거 같아요. /os1 오늘 너무 /oe 감사합니다.
2151.193	2151.533	speaker#B	 /os1 [네 네.(BC/continuer)] /oe 
2152.645	2154.757	speaker#B	아. /os1 네. 네. 네. 네. /oe
2153.090	2154.725	speaker#A	/os1 수고하셨어요. 네. /oe
2154.798	2156.193	speaker#B	 n/ 정말 고맙습니다.
