28.849	46.521	speaker#A	n/ 안녕하십니까 더 인터뷰 김다혜 아나운서 입니다. 주요 정치 현황과 지방 자치 붕권 실현을 위한 국회의원 분들을 모시고 이야기를 들어보는 시간이죠. 오늘 더 인터뷰에서는 김중로 의원님을 모시고 들어보는 시간을 가져보도록 하겠습니다
46.625	47.590	speaker#B	네. 안녕하세요.
47.685	64.507	speaker#A	네. 바쁘신데 네. 나와주셔서 정말 진심으로 감사드리고요. 일단 만나뵙게 되서 진짜 정말 영광입니다. 제 개인적으로 너무 뵙고 싶었는데, 일단 바쁘신 와중에 이렇게 걸음을 해주셔서 감사하단 말씀을 드리고요. 오랜만에 (JJC)/(제이제이씨)지방자치 티비에 나오시게 되었어요. 그래서,
64.736	68.633	speaker#A	저희 시청자분들에게 간단하게 인사말씀 부탁드리겠습니다.
69.708	76.498	speaker#B	국민 여러분 안녕하십니까. 저는 국방위원회 소속 바른미래당 김중로 의원입니다.
82.866	101.448	speaker#B	요즘 뭐/ 정치 경제 외교 뭐 할 것 없이 전 분야가 지금 난맥상을 이루고 있어서 국민 여러분의 생활이 얼마나 팍팍 팍팍할까 정말 걱정스럽기도 하고 그래서 에/ 제가 정말 국회에서 어떻게 하면 정말 조금이라도 국민 여러분들께서
102.149	119.623	speaker#B	어/ 좀 편안한 생활을 하실 수 있을까 마음놓고 이렇게 생활 하실 수 있을까해서 어/ 매일 고생하지만 또 고민하지만 n/ 정말 제대로 못해서 대단히 죄송합니다. 그러나 오늘보다 내일이 더 좋아질 수 있도록 노력하겠습니다.
119.921	134.492	speaker#A	네. 오늘보다 내일이 좋아질 수 있도록 늘 바쁘시게 의정 활동을 하고 계신데요. 얼마 전에 (2019)/(이천 십 구) 대한민국 의정대상을 수상하셨어요. /os1 또 거기에 /oe 대해서 짧게 간략하게 저 수상 소감 한 말씀 부탁드려도 될까요?
130.276	130.526	speaker#B	/os1 [네.(BC/continuer)] /oe
135.585	146.575	speaker#B	n/ 뭐 자랑같지만 에/ 제가 지금 (4년)/(사 년) 차에 접어들면서 (300명)/(삼백 명) 국회의원 중에서 /os1 제일 /oe 상을 많이 받았어요.
144.625	144.890	speaker#A	/os1 [음.(BC/continuer)] /oe
147.054	156.197	speaker#B	뭐/ 대소상 할 것 없이 근데 지방자치 티비에서 주는 상을 연속 (2년)/(이 년)간 어/ 의정대상을 받게 됐는데,
157.604	164.666	speaker#C	n/ 네.(2019)/(이천 십 구)대한민국 의정대상 국회의원 김중로 이하 내용은 전과 같습니다. 축하의 박수 부탁드립니다.
178.345	196.035	speaker#B	에/ 상을 받게 되면 무게가 더 다가와서 /os1 정말 /oe 더 열심히 해야 되겠구나 상의 격에 맞도록 뭐/ 의정 활동을 정말 국회의원답게 국민의 눈높이에 맞는 정말 오로지 국가와 민족을 위해서,
183.120	183.350	speaker#A	/os1 [네.(BC/continuer)] /oe
196.669	200.673	speaker#B	어/ 노력하는 그런 계기로 삼을 생각입니다.
201.009	212.007	speaker#A	네. 말씀하신 바와 같이 국회의원중 (300명)/(삼백 명)의 국회의원 중 가장 많은 상을 수여하셨다고 하셨는데 국회도서관 최대 이용 의원님이신데,
212.347	221.354	speaker#A	이 부분이 의정 활동을 펼치시는데 어떤 많은 도움을 받으셨고 어떤 정치에 방향성까지 제시해주는지 궁금합니다. 국회도서관이, 네.
221.365	240.904	speaker#B	음/ 도서관을 많이 사용할 수 있다는 /os2 것은 /oe 국회위원으로서 정말 그/ 좋은 것 같아요. /os1 왜냐하면 /oe 이 시골 말로 시골 말로 알아야 면장하지 /os1 알아야 면장하지 /oe 그래서 저는 이제 뭐 보좌관들이 옆에서 서포터도 하고 /os2 그러지만, /oe
225.460	225.780	speaker#A	/os2 [네.(BC/continuer)] /oe
229.485	229.735	speaker#A	/os1 [네.(BC/continuer)] /oe
235.545	236.000	speaker#A	/os1 [네.(BC/continuer)] /oe
240.929	241.139	speaker#A	/os2 [네.(BC/continuer)] /oe
241.705	256.441	speaker#B	정말 제가 스스로 공부도 많이 /os1 하고 해서 /oe 어/ 정말 머리가 다 넣고 /os1 다 /oe 넣고 어/ 그/ 대정부질의를 /os2 한다던가, /oe 어/ 뭐 인터뷰를 한다던가 그래요. /os1 그런 걸 /oe 할때 정말 도서관을 활용하면,
243.290	244.305	speaker#A	/os1 [아.(BC/continuer)] /oe
247.125	247.405	speaker#A	/os1 [네.(BC/continuer)] /oe
250.570	251.025	speaker#A	/os2 [네네.(BC/continuer)] /oe
253.075	253.595	speaker#A	/os1 [네.(BC/continuer)] /oe
256.453	256.816	speaker#A	[네.(BC/continuer)]
256.976	258.433	speaker#B	굉장히 좋은 면이 있는 것 같애요.
258.457	268.587	speaker#A	네네. 실제로 이 도서관을 적극 활용하셔서 의원 활동을 펼치시는데 많은 도움을 받으시고 계신다 그런 말씀을 해주셨는데 좀 이어서 제가
268.587	280.000	speaker#A	개인적으로도 궁금하지만 많은 분들이 궁금해 하실 것 같습니다. 의원님께서 정치에 입문하시게 된 계기 어떤게 있을까요. 어떤 계기로 입문하시게 됐을지 좀 궁금합니다.
280.843	284.774	speaker#B	정치는 정말 정치가 잘 돼야
284.828	285.148	speaker#A	[네.(BC/continuer)]
285.683	287.194	speaker#B	어/ 경제도 잘되고,
287.221	287.614	speaker#A	[그쵸. 네.(BC/affirmative)]
287.647	296.914	speaker#B	또 안보도 잘된다고 생각을 해요. n/ 어린시절부터 제가 육군사관학교 들어갈 때 꿈이 뭐였냐고 기자분이 /os1 물어보면 지금도 /oe 변함없는 꿈이 있어요.
294.507	295.222	speaker#A	/os1 [어. 네.(BC/continuer)] /oe
297.049	297.675	speaker#A	어떤?
297.752	301.841	speaker#B	네. 국토 회복에 대한 꿈. /os1 네. 고구려 발해시대에 /oe
299.577	301.347	speaker#A	/os1 [어/ 네. 아.(BC/continuer)] /oe
301.888	302.364	speaker#A	[네네.(BC/continuer)]
302.441	315.359	speaker#B	정말 우리 그 넓은 땅이 있잖아요. /os1 중국에 /oe 그걸 언제가는 우리가 /os1 찾아와야 /oe 되겠다. n/ 저 어린 시절부터 왜 n/ 우리나라는 침략을 받기만 하지 침략을 하지는 못하는 나라. /os1 약소국으로 /oe 있어야 되는가.
304.116	305.146	speaker#A	/os1 [네네. 음.(BC/continuer)] /oe
306.401	306.626	speaker#A	/os1 [음.(BC/continuer)] /oe
313.551	313.921	speaker#A	/os1 [음.(BC/continuer)] /oe
315.756	319.592	speaker#B	그런 생각을 항상 하고 있어요. /os2 지금도 /oe 꿈이 있고.
317.986	318.376	speaker#A	/os2 [음.(BC/continuer)] /oe
319.725	320.178	speaker#A	[네네.(BC/continuer)]
320.381	336.170	speaker#B	어/ 언젠가는 그런 꿈이 이뤄져야 되겠다. 강대국이 되려면 나라가 넓고. /os1 인구가 /oe 많아야 돼요. /os1 그럼 /oe 그런거를 어떻게 할 수 있을까 /os1 하는데 /oe 제가 (35년)/(삼십 오 년)간 군생활하고 나오면서 /os1 이제는 /oe 가족한테 지금까지는 n/ 국가에 충성을 했지만,
325.326	325.626	speaker#A	/os1 [네.(BC/continuer)] /oe
326.881	327.186	speaker#A	/os1 [그쵸.(BC/affirmative)] /oe
328.921	329.086	speaker#A	/os1 [네.(BC/continuer)] /oe
332.391	332.571	speaker#A	/os1 [네.(BC/continuer)] /oe
336.250	336.610	speaker#A	[네.(BC/continuer)]
336.760	339.789	speaker#B	이제 /os1 가족한테 /oe 좀 해야 되겠다. 그러고 생각하고 하고 /os1 있었는데 /oe
337.185	337.560	speaker#A	/os1 가족. /oe
339.305	340.140	speaker#A	/os1 아. /oe 네.
340.928	355.920	speaker#B	이게 정치를 보니까 아니야 그래서 인제 이/ 구조가 그래요. 정치를 잘해야 정치가 잘 되야 경제가 잘되고 경제가 잘 되야 결국은 전쟁도 국방안보나 이런 것들이 이제 돈의 싸움이에요.
355.949	356.778	speaker#A	[네. 네.(BC/continuer)]
356.799	375.579	speaker#B	네? 돈 많은 나라 /os1 기 /oe 그래야 기술을 정말 원천 기술을 개발하고 해서 정말 그 군사력 건설이 제대로 된다고 /os2 생각해서 /oe 음/ 내가 들어가서 /os1 정말 /oe 이 정치를 좀 바르게 좀 해봐야 /os2 되겠다. /oe 그런 뜻이 있어서 /os2 정치로 갔습니다. 예. /oe
357.964	358.149	speaker#A	/os1 [네.(BC/continuer)] /oe
364.349	364.604	speaker#A	/os2 [네.(BC/continuer)] /oe
368.364	368.534	speaker#A	/os1 [네.(BC/continuer)] /oe
370.499	371.239	speaker#A	/os2 [네네네.(BC/continuer)] /oe
373.594	375.544	speaker#A	/os2 예. 입문하시게 됐죠. /oe
375.984	391.209	speaker#A	근데 제가 알기로는 이제 우리 저기 의원님께서 좌우명이 선국후사이십니다. /os1 저 /oe 방금 에 말씀하셨던 것처럼 사람보다는 나라가 먼저 좀 이렇게 그런 의가 의견을 갖고 이제 정치 활동을 펼치시는거 같으신데,
382.163	382.263	speaker#B	/os1 [네.(BC/continuer)] /oe
391.657	399.230	speaker#A	그거를 펼치는데 있어서 요즘의 정치 성향과 조금 부합하신지 그게 궁금합니다. 좀 어려움은 없으신지?
399.359	407.752	speaker#B	그게 이게 참 어려운건데 선국후사라는 것은 이제 오로지 국가가 /os1 먼저고, /oe 내 사전에 일이 후다.
404.919	405.134	speaker#A	/os1 [네.(BC/continuer)] /oe
407.813	408.654	speaker#A	[네.(BC/continuer)]
408.890	428.401	speaker#B	그게 실천하기가 그게 쉽지 않아요. /os1 어/ 사람이기 /oe 때문에 그러나 어/ 저는 이제 어차피 육군사관학교 졸업하고 이제 정치의 꿈이나 /os1 속된 /oe 말로 직업정신이 아니잖아요. /os1 정말 /oe 저는 국가와 국민이 n/ 뼛 속까지 다 /os2 되있어서 /oe 거기에 초첨을 모두 맞춰서 해요.
410.740	410.980	speaker#A	/os1 [네.(BC/continuer)] /oe
417.870	418.115	speaker#A	/os1 [네.(BC/continuer)] /oe
420.720	421.415	speaker#A	/os1 [네. 아.(BC/continuer)] /oe
425.590	425.850	speaker#A	/os2 [네.(BC/continuer)] /oe
428.549	439.747	speaker#B	/os1 그러다보니까 /oe 선국후사가 될 수 밖에 /os2 없죠. /oe 사생활이 좀 저저 저해를 /os1 받고, /oe 제한을 받더래도 국가와 국민을 위하는 일이라면 그 쪽으로 가야 되니까.
428.559	429.859	speaker#A	/os1 [어. 네. 음.(BC/continuer)] /oe
431.654	432.149	speaker#A	/os1 [네네.(BC/continuer)] /oe
434.044	434.854	speaker#A	/os1 사생활. 음. /oe
439.881	443.881	speaker#A	아/ 네. /os1 개인의 /oe 이익보다는 국가와 나라를 /os1 위한 일을. /oe
440.627	440.842	speaker#B	/os1 [네.(BC/continuer)] /oe
443.174	452.824	speaker#B	/os1 그렇죠. /oe 국가가 /os2 있고, /oe 국민이 있어야 /os1 지도자가 있는 거고 /oe 나라가 있어야 모든게 있잖아요. 정치도 있고 종교도 있고 개인의 행복도 있는 /os2 것이지 /oe
444.359	444.544	speaker#A	/os2 [네.(BC/continuer)] /oe
446.669	447.609	speaker#A	/os1 네. 그렇습니다. /oe
452.314	452.729	speaker#A	/os2 [그쵸.(BC/affirmative)] /oe
453.316	459.454	speaker#B	그게 그리고 국가가 지향해야 할 최고의 가치이기 때문에 /os1 거기에 /oe 저는 모든 초점을 맞춰요.
457.311	457.526	speaker#A	/os1 [네.(BC/continuer)] /oe
459.476	477.597	speaker#A	알겠습니다 네. 국가가 우선 돼야 된다. n/ 그래서 이런 얘기도 좀 여쭤봤지만 좀 개인적으로 의원님에 대한 건강 이야기도 안 여쭤볼 수가 없습니다. 의원님께서 무려 울트라 마라톤 (4회)/(사 회)를 완주를 하셨다고 하시는데 제가 울트라 마라톤을 찾아보니까.
477.920	487.109	speaker#A	쉽게 완주할 수 있는 것이 아니더라구요. n/ 정말 대단하시고 그만큼 건강에 자부심이 대단하실 것 같습니다. 혹시 뭐 따로 건강 비결이 있으신가요?
487.652	496.592	speaker#B	저는 이제 이/ 건강에 대해서는 누구를 만나던 건강이 최고다. /os1 지금도 /oe 생활 자체에서 하루 (24시간)/(이십 사 시간) 중에서,
493.677	493.952	speaker#A	/os1 [네.(BC/continuer)] /oe
496.660	496.825	speaker#A	[네.(BC/continuer)]
497.264	510.485	speaker#B	건강을 위해서 하루에 (2시간)/(두 시간)을 투자하는 것을 아주 생활 신념으로 생각하고 해요. /os1 그래서 국회도 /oe 아침 새벽 (6시)/(여섯 시)에 나와서 도착해서 (1시간)/(한 시간) 반 동안 운동하고 샤워하고 (8시)/(여덟 시)부터 하루종일 일합니다.
502.684	503.264	speaker#A	/os1 [네네.(BC/continuer)] /oe
510.539	510.979	speaker#A	[아.(BC/continuer)]
511.151	522.388	speaker#B	네. 인제 또 이제 또 이제 마라톤을 (25년)/(이십 오 년)간 했는데 아까 또 울트라마라톤은 /os2 (100km)/(백 키로)를 /oe 뛰어요. /os2 밤샘해서. /oe 그런 것도 있고 (42km)/(사십 이 키로) 풀코스는 (40여 번)/(사십 여 번) 뛰고,
516.671	518.250	speaker#A	/os2 네. 그니까요. 네. /oe
522.504	522.981	speaker#A	[네네.(BC/continuer)]
523.517	530.445	speaker#B	음/ 제가 뭐 /os1 마라톤하고 /oe 바둑도 /os2 좋아하고, /oe 또 골프도 좋아해요.
524.917	525.127	speaker#A	/os1 [음.(BC/continuer)] /oe
527.587	528.392	speaker#A	/os2 오. 바둑. /oe
530.445	530.945	speaker#A	[네네.(BC/continuer)]
531.210	541.541	speaker#B	그 (3가지)/(세 가지)를 보면 다 제가 가고자 하는 군인 생활. /os1 또 정치가 /oe 전부 거기에 인생이 다 들어있고 전략이 다 들어져 있어요. /os1 바둑도 그러고, /oe 골프도 그러고.
535.945	536.590	speaker#A	/os1 [음.(BC/continuer)] /oe
540.100	540.720	speaker#A	/os1 예. 전부. /oe
542.281	552.643	speaker#B	또 /os2 마라톤도. /oe 마라톤은 정말 (1센치)/(일 센치)도 남이 안 뛰어줘요. 속일 수 없는 운동이에요. 그 (42km)/(사십 이 키로) 뛴다면 (42km)/(사십 이 키로) (1cm)/(일 센치)도 남이 뛰어줄 수 없이 제가 정직하게 /os2 뛰야돼요. /oe
543.136	543.436	speaker#A	/os2 [네.(BC/continuer)] /oe
552.346	554.817	speaker#A	/os2 아/ /oe 아/ 네. /os2 맞습니다. 네네. /oe
553.278	563.546	speaker#B	/os2 유일한 운동 같아요. 그래서 /oe 어쨌든 n/ 저는 건강을 그렇게 생각해요. 하루 중에서 건강도 중요하지만 이 건강은 공짜가 없다.
563.710	574.890	speaker#B	/os1 반드시 /oe 자기의 의지와 돈과 시간이 투자되야 /os2 된다. /oe 그래서 저는 뭐/ 심지어는 주례보러 가서도 내 이/ 건강에 대해서 제일 핵심적으로 강조하는 사항인데,
563.725	564.745	speaker#A	/os1 [음. 네.(BC/continuer)] /oe
567.430	567.995	speaker#A	/os2 [네네.(BC/continuer)] /oe
574.940	575.254	speaker#A	[네.(BC/continuer)]
575.710	581.877	speaker#B	자 친구의 뭐 재산을 잃으면 조금 잃었다 그러고 친구를 잃었다고 하면 많이 잃었다 그러고.
582.005	582.328	speaker#A	[어.(BC/continuer)]
582.677	584.804	speaker#B	건강을 잃으면 모든 걸 다 잃어버린다.
584.820	586.099	speaker#A	[어. 그/ 네.(BC/continuer)]
586.518	586.896	speaker#B	그죠?
586.952	587.228	speaker#A	네.
587.453	593.997	speaker#B	그래서 이/ 건강은 정말 n/ 아무리 강조해도 부족함이 /os2 없다. /oe
593.718	600.960	speaker#A	/os2 네. /oe 아무리 강조해도 진짜 /os2 지나치지 않는 /oe 건강 건강이 /os1 우선시 돼야죠. 네네. n/ /oe
596.108	596.503	speaker#B	/os2 [음.(BC/continuer)] /oe
597.993	600.948	speaker#B	/os1 영어로 그 투투용법 있잖아요? 우리 고등학교때. /oe
601.044	608.950	speaker#A	맞습니다. n/ 건강이 최우선 돼야 뭐 이제 이제 다른 의정 활동을 더 활발히 펼칠 수 /os1 있을 것 같애요. /oe
608.144	608.924	speaker#B	/os1 네. 그런거는 뭐 /oe
608.950	615.578	speaker#B	/os1 국가로 /oe 봐도 /os2 그래요. 대 /oe 대통령이나 이 국가를 지 지도하는 사람들이 정말에 건강해 눈이 반짝반짝하고.
609.000	609.225	speaker#A	/os1 [네.(BC/continuer)] /oe
610.345	610.595	speaker#A	/os2 [네.(BC/continuer)] /oe
615.628	616.005	speaker#A	[네.(BC/continuer)]
616.038	621.018	speaker#B	윤기가 쫙 나야 /os1 국민들도 /oe 막 다 건강하게 해요. /os1 아. /oe 저저.
617.353	617.773	speaker#A	/os1 [그럼요.(BC/affirmative)] /oe
619.578	620.543	speaker#A	/os1 [맞습니다. 네.(BC/affirmative)] /oe
621.039	635.276	speaker#B	지도하는 사람들이 병원이나 자주 n/ 다니고 아파서 비실비실하면 n/ /os1 국가가 /oe 전부 /os2 다. /oe /os1 병들어요. 예. 그럼요. 조직을 거느리는 /oe 사람은 /os1 정말 /oe 자기가 음/ 그런 열정을 내보일라면 건강해야 돼요.
624.899	625.284	speaker#A	/os1 [그쵸.(BC/affirmative)] /oe
626.269	626.729	speaker#A	/os2 [네.(BC/continuer)] /oe
626.829	629.964	speaker#A	/os1 리더에게는 건강이 최우선 해야 된다는 말씀이시죠? /oe
630.474	630.704	speaker#A	/os1 [네.(BC/continuer)] /oe
635.307	637.335	speaker#A	네. 기본이 건강이다. /os1 예. /oe
636.977	637.317	speaker#B	/os1 [예.(BC/continuer)] /oe
637.395	647.489	speaker#A	그런 말씀을 하셨고 n/ 이제 건강 이야기가 나와 나와서 말인데 의원님께서 초당적 국회의원 모임. 건국당을 출범하셨다는 n/ 이야기를 들었습니다. 그래서,
647.906	658.169	speaker#A	요거를 잘 뜻을 모르시는 분들도 있으실 것 같아요. 초당적 또는 건국당이 뭐지 하시는 분들이 있으실 것 같은데, 이 건국당 모임 뭐 취지나 뜻을 좀 잠깐 말씀해주실 수 /os2 있을까요? /oe
657.880	661.192	speaker#B	/os2 혹시 /oe 이제 뭐 건국당이라고 그러니까 창당하는지 /os2 알았어요? /oe
660.965	666.270	speaker#A	/os2 예. /oe 그렇죠. 다른 분들은 /os1 그렇게 생각하실 것 같애요. /oe 이게 무슨 새로운 당인가 이렇게 생각을 하실 것 /os2 같은데, /oe
662.310	663.220	speaker#B	/os1 [아/(BC/understanding)] /oe
666.155	673.395	speaker#B	/os2 아. /oe 진짜 저 다른 당 국회의원들이 이거 /os1 그니까. /oe 진짜 뭐 당 /os1 만들었나? 그더라고 근데 /oe 이제
669.390	669.930	speaker#A	/os1 [네.(BC/continuer)] /oe
671.315	673.175	speaker#A	/os1 [아/ 네네. 네.(BC/continuer)] /oe
673.942	678.781	speaker#B	아까 말씀하셨던 이제 새벽에 (6시)/(여섯 시)에 국회의원들 전용 휘트니스 나가면,
678.903	679.200	speaker#A	[네.(BC/continuer)]
679.747	690.281	speaker#B	아/ 한 (15명)/(열 다섯 명) 정도가 아침에 운동을 나와요. /os1 (300명)/(삼 백 명) /oe 중에 (15명)/(열 다섯 명) 정도 부지런한 사람들이 나와서 자기관리를 해갑니다. /os2 건강 관리 /oe
684.132	684.677	speaker#A	/os1 [아.(BC/continuer)] /oe
689.557	689.682	speaker#A	/os2 [아.(BC/continuer)] /oe
691.130	696.682	speaker#B	어/ 결과는 이제 육체적으로 정신적으로 건강해야 /os1 의정 활동도 /oe 열심히하고
695.300	695.635	speaker#A	/os1 [음.(BC/continuer)] /oe
696.796	697.236	speaker#A	[네.(BC/continuer)]
697.445	714.510	speaker#B	또/ 뭐 우리 옛날 속담처럼 그거 그/ 정신적으로 육체적으로 건강해야 /os1 생각도 /oe /os2 바르고, /oe 아이디어가 떠오르고 그렇다고 생각해요. 그래서 건강한 국회당을 /os1 그게 /oe /os2 건국당이라고 앞자만 /oe 따서 그렇게 만든거에요. 그래서,
704.390	704.625	speaker#A	/os1 [네.(BC/continuer)] /oe
705.505	705.865	speaker#A	/os2 [네.(BC/continuer)] /oe
711.450	711.795	speaker#A	/os1 [네.(BC/continuer)] /oe
712.535	713.135	speaker#A	/os2 건국당. /oe
715.130	719.661	speaker#B	지금 /os2 (2번째)/(두 번째) (2번)/(두 번)에 /oe 걸쳐서 모임을 가져 (1달)/(한 달)에 (1번)/(한 번)씩 /os2 하는데, /oe
716.300	716.680	speaker#A	/os2 [아.(BC/continuer)] /oe
719.265	719.645	speaker#A	/os2 [네네.(BC/continuer)] /oe
720.330	725.645	speaker#B	어/ 건강 분야별로 한국에서 권위있는 분들을 모셔서 새 새벽에,
725.645	726.300	speaker#A	[어.(BC/continuer)]
726.299	738.661	speaker#B	어/ 특강도 하고 /os1 식사도 /oe 하고 /os1 친목도 /oe 다지고, /os1 거기는 /oe 뭐/ 당이나 이념이나 뭐 지역 이런 건 싹 떨쳐버리고 /os1 그냥 건강을 /oe 위해서 모이는 /os2 단체. /oe
727.604	727.924	speaker#A	/os1 [네네.(BC/continuer)] /oe
728.869	729.589	speaker#A	/os1 [아.(BC/continuer)] /oe
730.234	730.569	speaker#A	/os1 [네.(BC/continuer)] /oe
735.714	736.484	speaker#A	/os1 건강한 삶을 네. /oe
738.419	738.744	speaker#A	/os2 [네.(BC/continuer)] /oe
739.036	741.801	speaker#A	아 정말 말 그대로 건강한 /os1 당이네요. 네. /oe
740.926	744.627	speaker#B	/os1 아 그렇죠. /oe 이거는 아마 n/ (20대)/(이십 대) 국회 끝나고 가서도
744.684	750.992	speaker#B	/os1 옛날에는 /oe 뭐 (19대)/(십 구 대)인가 에서는 목욕당이라고, /os1 만들었다고 목욕 하/ 목욕하는 사람들 근데 이제 /oe
744.699	745.224	speaker#A	/os1 [네.(BC/continuer)] /oe
748.104	750.984	speaker#A	/os1 아 목욕당 정말 재밌네요 네네. 목욕 네네. /oe
751.429	766.161	speaker#B	저희는 이제 건강 /os1 휘트니스도 하고 목욕도 하지만 /oe 하여튼 올해의 치숙대에서 서로 건강을 또 /os2 관리하는데, 음/ /oe 합 함께 하고 또 이렇게 화합을 하다보면 의정 활동에도 당을 떠나서 또 서 협조도 잘 되고,
752.449	754.219	speaker#A	/os1 건강. 네네. /oe
758.209	759.249	speaker#A	/os2 좋죠. 네. /oe
766.135	768.559	speaker#A	네. 도움 /os1 될 수 있고. 네. /oe
766.830	768.560	speaker#B	/os1 여러가지 일거다득 이에요. /oe
768.575	778.302	speaker#A	네네. /os1 알겠습니다 /oe. 건국당이 그런 재미있는 또 뜻이 있었군요. 자/ 그죠. 의원님이 근황이나 건강 얘기에 대해서 말씀을 들어봤다면,
769.220	769.435	speaker#B	/os1 [음.(BC/continuer)] /oe
779.215	798.831	speaker#A	의원님께서 현재 세종시에 지역위원장으로 계십니다. 근데 어/ 제가 생각 했을때는 세종시민들의 뭐 권익이나 행복 추구를 위해서, 의원님만의 남다른 이제 철학이나 뜻 신념이 있으실 것 같아요. 어떤 생각을 갖고 계신가요. 세종 시민들을 위한 권익이나 행복 추구에는 어떤게 있을까요?
799.658	803.411	speaker#B	한 (2년)/(이 년) 됐어요. 거기 창당을 제가 /os2 했는데, /oe
802.933	803.393	speaker#A	/os2 [네.(BC/continuer)] /oe
803.994	821.020	speaker#B	어/ 지금은 제가 안보가 하도 엄중해서 /os1 중앙 정치에 /oe 이제 중심으로 활동을 /os2 했었는데, 이제 /oe (1년)/(일 년) 남아서 /os1 제가 /oe 사는 곳이 지금 세종이거든요. /os1 그래서 /oe 자/ 행정수도가 됐어요 /os2 거기가. /oe
808.750	809.365	speaker#A	/os1 [음.(BC/continuer)] /oe
812.114	812.469	speaker#A	/os2 [네.(BC/continuer)] /oe
814.439	814.644	speaker#A	/os1 [네.(BC/continuer)] /oe
816.484	817.079	speaker#A	/os1 [네.(BC/continuer)] /oe
820.759	820.989	speaker#A	/os2 [네.(BC/continuer)] /oe
821.502	826.919	speaker#B	대한민국 행정수도가 되서 (18개)/(십 팔 개)의 부처가 다 이제 내려오고 이런 상황에서,
828.093	846.559	speaker#B	에/ 그런 생각을 했어요. 세종 시민이면서 n/ 대한민국 최고의 그/ 엘리트들이 많이 와 있어요. /os2 거기에. /oe 그래서 인제 세종시를 정말 세계인들이 와서 보고 싶은, /os1 한국을 /oe 방문하는 사람들이 세종을 갔다오지 않으면 대한민국을 가지 갔다오지 못했다.
835.333	835.588	speaker#A	/os2 [네.(BC/continuer)] /oe
840.913	841.478	speaker#A	/os1 [음.(BC/continuer)] /oe
846.804	852.257	speaker#B	어/ 도시 공학적으로 뭐 건물만 줄줄줄 세워 놓는게 아니고 정말 행복이 뭔가.
852.323	852.773	speaker#A	[네.(BC/continuer)]
852.927	857.254	speaker#B	인간이 태어나서 그 행복이라는게 뭔가 돈만 많다고 행복한 건 /os2 아니잖아요? /oe
857.157	857.955	speaker#A	/os2 그쵸. /oe 네.
858.150	865.062	speaker#B	/os2 예? /oe 삶의 의미가 그건 아니잖아. /os1 그렇다면 /oe 그러한 도시를 만들려면 어떻게 해야 /os1 될까 /oe
858.260	858.730	speaker#A	/os2 맞습니다. /oe
860.600	860.820	speaker#A	/os1 [네.(BC/continuer)] /oe
864.375	865.045	speaker#A	/os1 [음.(BC/continuer)] /oe
865.619	880.440	speaker#B	음? 그래서 인제 그/ 행복한 도시를 만드는데 지금 이제 이 설계나 이런 것들이 지금 도시공학적으로 돼서 잘 안되어 있어 여러 가지 문제가 있어요. /os1 그래서 /oe 그런거를 해서 정말 좋은 도시를 만들어서 세계 명품 도시.
874.904	875.314	speaker#A	/os1 [네네.(BC/continuer)] /oe
880.533	881.133	speaker#A	명품도시.
881.179	888.065	speaker#B	인간이 태어나서 사 아 이게 행복한 삶이다 하는걸 /os1 느끼는 /oe 그런 도시로 만들겠다는 원대한 생각이 있죠.
884.509	884.779	speaker#A	/os1 [네.(BC/continuer)] /oe
888.072	896.815	speaker#A	아,네. 그까 인간이 태어나서 아 이런게 정말 도시구나, /os1 내가 /oe 이런 도시에 살아서 너무 행복하다. 라는 /os1 생각을 /oe 할 수 있도록 /os1 그 목표로 예. /oe
891.787	892.077	speaker#B	/os1 [네.(BC/continuer)] /oe
894.517	894.757	speaker#B	/os1 [음.(BC/continuer)] /oe
895.672	896.797	speaker#B	/os1 그렇죠. 예. /oe
897.156	913.184	speaker#A	잘 알겠습니다. 그래서 좀 이어서 질문을 드리면 제가 이제 조금 이제 세종시에 대한 조사를 해보니까. 의원님께서 세종시 지방법원 또 행정법원 설치 추진 법안을 발의를 하셨어요. 그래서 제가 이제 생각하기에는,
913.403	928.401	speaker#A	아/ 이제 생각을 하셨을때 n/ 세종시에 세종 시민들이 평소에 사법 서비스에 대해서 많은 불편함을 겪고 있겠구나라는 생각이 들더라구요. 혹시 그런 의도로 n/ 의중을 가지 가지시고 바 법안을 발의하신 건지 궁금합니다.
928.619	933.627	speaker#B	예. n/ 그런 것들이 이제 도시를 설계할 때부터 그런 것들이 다 포함이 돼야 /os2 되고. /oe
933.159	933.769	speaker#A	/os2 [네네.(BC/continuer)] /oe
933.872	939.124	speaker#B	지금 이/ (2030년)/(이천 삼십 년) 가면 (80만)/(팔십 만)에서 (100만)/(백 만)을 바라보고 있어요. n/
939.473	941.843	speaker#A	많이 예 /os1 엄청 예. 네. /oe
940.423	942.356	speaker#B	/os1 에/ 지금 (33만)/(삼십 삼 만) /oe 됐는데
942.504	942.898	speaker#A	[네.(BC/continuer)]
943.307	952.520	speaker#B	그러면 거기에 맞는 그런 법률 서비스를 받아야 되요. 더구나 이거 저/ 어/ 행정수도에요.
952.589	952.959	speaker#A	[네.(BC/continuer)]
953.013	962.786	speaker#B	행정 수도에 법원과 이런 /os2 검찰청이 없고 검찰청도 /oe 이제 만들어지더라구요. 난 이게 이해할 수가 없어요. /os2 왜냐하면 그런 /oe 것들은 기본 중에 기본인데,
955.797	956.658	speaker#A	/os2 네. 보통. /oe
960.613	960.858	speaker#A	/os2 [네.(BC/continuer)] /oe
963.237	965.854	speaker#B	지금보면 대전에 지원을 받고 있어요.
965.968	975.648	speaker#B	/os1 법원 서비스가 /oe 더구나 도시가 생기면 각종 그 이권이나 이런 것들 건물 짓고 이런 거에서 그 갈등의 소재들이 많이 납니다.
965.988	967.918	speaker#A	/os1 아/ 대전 네네네네네. /oe
975.763	976.333	speaker#A	[그렇죠. 네.(BC/affirmative)]
976.405	982.476	speaker#B	근데 그거를 대전까지 가서 받는다면 이거는 /os2 어/ /oe 얼마나 /os2 불편하겠어요. 문제도 있고 /oe
979.515	979.750	speaker#A	/os2 [네.(BC/continuer)] /oe
981.115	982.470	speaker#A	/os2 맞아요. 네네네. /oe
982.869	996.742	speaker#B	그리고 또 인제 그/ 그/ 도시 구조나 아까 말씀드린 상징적인 의미를 보더래도 행정수도인데 에/ 명색이 그럼 당연히 법원 검찰청은 그냥 아예 핵심 중에 핵심이에요.
996.797	997.087	speaker#A	[네.(BC/continuer)]
997.590	1001.658	speaker#B	그래서 제가 이제 /os1 법원을 /oe n/ 빨리 이걸 만들어야 /os2 되겠다. /oe
998.500	999.025	speaker#A	/os1 [음.(BC/continuer)] /oe
1001.160	1001.660	speaker#A	/os2 [네.(BC/continuer)] /oe
1001.744	1014.695	speaker#B	지금 이제 (30만)/(삼십 만)이 넘어가면 최초에는 인원이 적고 그러니까. /os1 초기 단계에서는 /oe 뭐/ 대전 서비스도 받고 /os1 그렇지마는 /oe 불편함이 이제 막/ 대량으로 많은 시민들이 불편하죠. /os1 그래서 /oe 그걸 해결하려고 그래요.
1005.394	1006.734	speaker#A	/os1 [네. 음.(BC/continuer)] /oe
1008.004	1008.359	speaker#A	/os1 [그쵸.(BC/affirmative)] /oe
1012.709	1013.179	speaker#A	/os1 [네네.(BC/continuer)] /oe
1014.713	1022.359	speaker#A	네. 의원님 말씀처럼 행정수도인데 뭐/ 법원 검찰청이 없다는 /os2 거는 어떻게 /oe 보면 좀 /os2 아이러니 하네요 네네. /oe
1019.188	1019.703	speaker#B	/os2 아. 그럼. /oe
1020.968	1023.078	speaker#B	/os2 웬만한 대도시 다 있 /oe 다 있는데
1023.163	1032.140	speaker#A	네, 그러게요. /os1 정말 그래서 /oe 꼭 필요한 것이 아닌가 싶습니다. 정말 세종 시민들이 조금 더 편리한 삶을 살 수 있도록 좀 통과가 됐으면 좋겠는데요.
1024.038	1024.458	speaker#B	/os1 [어.(BC/continuer)] /oe
1032.655	1051.140	speaker#A	자/ 이번에는 의원님께서 아까 말씀하셨죠. 세종시에 거주하고 계신다고, 이제 금난면에 거주하고 계신 걸로 알고 있습니다. 근데, 어/ 간략하게 세종시는 어떤 곳이다, 그리고 세종시는 앞으로 이렇게 발전 방향을 가지고 나아 갈 것이다. 어떻게 생각하시나요? 앞으로 세종시의 발전 방향에 대해서는? n/
1051.301	1062.983	speaker#B	거기 인제 젊은이들이 많아요. /os1 그래서 그/ /oe 정말 대한민국에 (3분의2)/(삼 분의 이)는 시민의 /os2 (3분의2)/(삼 분의 이)는 /oe 정말 이 한국의 엘리트들이 다 와 있어요.
1053.276	1054.485	speaker#A	/os1 [아. 네네.(BC/continuer)] /oe
1059.851	1060.141	speaker#A	/os2 [네.(BC/continuer)] /oe
1063.439	1063.634	speaker#A	[예.(BC/continuer)]
1064.276	1068.720	speaker#B	근데 이제 이/ 평균 나이가 어 (32세)/(삼십 이 세)
1070.161	1078.321	speaker#B	그러고 또 이제 선거 하는 사람 나이가 (36,7세)/(삼십 육, 칠 세) /os1 이래요. /oe그러니까 얼마나 젊은 /os2 도시에요. /oe 그러다보니까 이제 교육 문제.
1073.962	1074.567	speaker#A	/os1 [음.(BC/continuer)] /oe
1075.851	1076.506	speaker#A	/os2 음 저기에. /oe
1078.321	1078.966	speaker#A	[음.(BC/continuer)]
1078.963	1092.883	speaker#B	또 보육 문제. 재산 관리 /os2 문제 /oe 이제 각종 문화나 이런 인제 삶의 행복을 추구할 수 있는인제 문화적인 /os2 인프라 /oe 이런 것들이 n/ 제대로 돼 있지를 않아요.
1090.014	1090.274	speaker#A	/os2 [네.(BC/continuer)] /oe
1093.193	1100.312	speaker#B	/os1 아까 /oe 말씀드린대로 도시 공학적으로 건물만 죽죽 지어서 /os1 지금 /oe 몇 년 되지도 않았는데 벌써 교통체증이 생겨요.
1093.198	1093.463	speaker#A	/os1 [어.(BC/continuer)] /oe
1097.308	1097.863	speaker#A	/os1 [음.(BC/continuer)] /oe
1100.937	1103.145	speaker#B	이건 행복도시가 아닌 불행한 도시로 /os2 가고 있어요. /oe
1102.687	1103.722	speaker#A	/os2 네. /oe 네네.
1103.968	1120.562	speaker#B	그래서 그런 것들을 어떻게 이제 정말 수정 /os2 보완하느냐 지금 /oe 왜냐하면 백지에다가 만든 도시에요. /os2 이거는. /oe 그러면 잘 만들 수 있다고 생각해요. /os1 그래서 시장이나 /oe 국회의원이 그 지역의 시장이나 국회의원이 정말 그/ 도시를 어떻게 만들까 꿈을 가지고
1107.364	1108.249	speaker#A	/os2 [음.(BC/continuer)] /oe
1111.098	1111.618	speaker#A	/os2 [네네.(BC/continuer)] /oe
1113.868	1114.183	speaker#A	/os1 [네.(BC/continuer)] /oe
1120.640	1126.009	speaker#B	/os1 신념과 /oe 철학이 있는 사람이 해야 된다고 /os2 생각하는데, /oe 그렇지 못한 분들이 앉아 있어요.
1120.720	1121.135	speaker#A	/os1 [음.(BC/continuer)] /oe
1123.560	1124.180	speaker#A	/os2 [맞습니다.(BC/affirmative)] /oe
1126.003	1138.828	speaker#B	/os1 그러니까 /oe 이 도시가 달리 가죠. /os1 도농이 /oe 그 조화롭게 발전 할 수 있는 여건이 있는데도 표가 안된다고 그래서 그냥 아예 도 /os1 도 구도시면 /oe 완전히 그냥 흥 천대받고,
1126.013	1126.793	speaker#A	/os1 [아. 네.(BC/continuer)] /oe
1128.338	1128.693	speaker#A	/os1 [네.(BC/continuer)] /oe
1135.198	1135.608	speaker#A	/os1 [어.(BC/continuer)] /oe
1138.800	1157.765	speaker#B	/os1 그분들이 /oe 그렇게 n/ 실제 느끼는 그런 상황으로 지금 /os1 정책을 /oe 이끌어 가고 그러던데 그거를 그런 것들이 이제 n/ 바로 잡혀서 정말 그/ 거기에 그 시민들이 행복을 아까 말씀드린대로 느낄 수 있는 이야 최고의 도시구나 할 수 있어요. 왜냐하면,
1138.815	1139.040	speaker#A	/os1 [어.(BC/continuer)] /oe
1141.870	1142.335	speaker#A	/os1 [음.(BC/continuer)] /oe
1158.223	1161.787	speaker#B	보통 도시는 리모델링하고 뭐 다시 짓고 하지 않아요?
1161.822	1162.469	speaker#A	[음. 그쵸. 네.(BC/affirmative)]
1162.468	1179.989	speaker#B	근데, 여기는 완전히 완전히 그 /os2 백지에서 /oe 다시 도 도시를 다 형성해 /os1 가니까 /oe 얼마나 /os2 좋아요. 그래서 /oe 이제 그런 것들을 이제 음/ 해서 정말 모든 분야가 이/ 시민들이 불편함을 안 느끼고.
1165.293	1165.513	speaker#A	/os2 [음.(BC/continuer)] /oe
1168.073	1168.358	speaker#A	/os1 [음.(BC/continuer)] /oe
1170.653	1171.463	speaker#A	/os2 [그쵸. 네.(BC/affirmative)] /oe
1180.093	1193.678	speaker#B	/os1 아/ /oe 예/ 아까 말씀드린대로 이제 야 이게 행복한 /os2 도시구나, /oe 어? /os1 이 /oe 세계적인 모범도시로 만들 수 있을 것 같은데 그게 안돼서 좀 안타까움이 있어요. 그래서 /os1 그거를 좀 /oe 제가 좀 해보려는 생각을 /os2 가지고 있어요. /oe
1180.098	1180.443	speaker#A	/os1 [네.(BC/continuer)] /oe
1184.108	1184.448	speaker#A	/os2 [네.(BC/continuer)] /oe
1185.113	1185.633	speaker#A	/os1 [음.(BC/continuer)] /oe
1190.113	1190.563	speaker#A	/os1 [네.(BC/continuer)] /oe
1192.562	1200.281	speaker#A	/os2 좀 구 도심의 /oe 균형 발전을 이루면서 젊은 사람들의 복지나 이런 보육쪽에도 많이 신경을 /os1 쓰신다는 말씀이시죠? /oe
1198.472	1201.853	speaker#B	/os1 어/ 그게 아주 핵심 /oe 내용이에요. /os1 세종에서 /oe
1200.837	1206.411	speaker#A	/os1 네네네. /oe 요새 젊은 사람들이 이제 뭐/ 주택 문제 /os1 재산 문제 보육 /oe 그리고
1204.837	1205.967	speaker#B	/os1 [어. 네네.(BC/continuer)] /oe
1206.718	1215.038	speaker#A	내 /os2 아이문제 네. 교육 문제가 굉장히 심각한데 /oe 그런 부분에서 많이 신경을 써주신다고 하니까 세종 시민들이 굉장히 기뻐 할 것 같습니다. /os1 네. /oe
1207.170	1208.835	speaker#B	/os2 교육. 네. 네. /oe
1214.777	1215.989	speaker#B	/os1 지금 /oe 지금 좋아하는 것 /os2 같아. /oe
1215.597	1224.901	speaker#A	/os2 네. /oe 굉장히 좋아할 것 같습니다. 정말 좋은 안이라고 생각을 합니다. 자/ 이제 세종시 그리고 이제 의원님의 건강 이야기나 뭐 그런걸 들어 봤는데 이제,
1225.286	1244.521	speaker#A	의원님께서 국방위원회 소속 의원님 중에 유일하게 군 장성 출신이십니다. 그래서 국방 안보 n/ 전문가이신 만큼 이 질문을 안드릴 수가 없습니다. 요새 가장 뜨거운 감자 그리고 이슈를 선점하고 계시죠. 군 거수자 조사 조작 의혹 관련에 대해서,
1245.062	1249.015	speaker#A	어떻게 생각을 하시는지 말씀 부탁 드리겠습니다. 네. 이 사안에 대해서 n/
1250.296	1254.802	speaker#B	이 문제는 /os1 드릴 /oe 말씀이 /os2 많은데, /oe 어/
1251.186	1251.381	speaker#A	/os1 [네.(BC/continuer)] /oe
1252.486	1252.871	speaker#A	/os2 [네.(BC/continuer)] /oe
1257.130	1267.718	speaker#B	지난 번에 삼척 그 /os2 사건하고 이번에 /oe 이함대 /os1 사건이 /oe 에/ 저는 그렇게 생각해요. 이게 이제 그냥 일시적으로 생긴게 아니고
1258.971	1259.406	speaker#A	/os2 [네.(BC/continuer)] /oe
1260.575	1261.070	speaker#A	/os1 [그쵸.(BC/affirmative)] /oe
1267.797	1268.152	speaker#A	[네.(BC/continuer)]
1268.812	1281.264	speaker#B	(9. 19)/(구일구) 저 현 정부에서 추진해간 (9. 19)/(구일구) 군사 분야 합의 사항이 있어요. 작년도 /os2 (9. 19)/(구일구)? /oe 그거의 내용이 굉장히 문제가 많이 /os1 있어요. /oe
1275.067	1275.727	speaker#A	/os2 [네네.(BC/continuer)] /oe
1280.362	1281.232	speaker#A	/os1 [음. 네.(BC/continuer)] /oe
1282.410	1295.052	speaker#B	물론 그것이 이제 바탕이 되서 남북 평화에 도움이 많이 되겠지만 뭐 하는게 좋아요. 역사상 처음으로 이렇게 평화 무드가 /os2 어느정도 /oe 되는 건 높게 평가하지만,
1292.285	1292.545	speaker#A	/os2 [네.(BC/continuer)] /oe
1296.015	1311.889	speaker#B	그 (9. 19)/(구일구) 군사 합의서를 만들어서 적용하고 합의를 할 때까지 과정이나 절차나 방법이 굉장히 /os1 잘못된 /oe 부분이 많아요. 기준도 안맞고 또 사실은 국방부에서 만들어서 청와대로 줘서,
1305.665	1306.340	speaker#A	/os1 잘못됐다. /oe
1312.645	1326.477	speaker#B	그거를 시행을 하고 협 합의를 북한하고 했어야 되는데 그냥 /os2 청와대에서 만들어서 해버리고 /oe n/ 그걸 그냥 적용하다 보니깐. 이제 삼척사태 이런 이함대사태 이제 경계 문제부터 이런 문제가 저는 생긴다고 봐요.
1316.881	1317.846	speaker#A	/os2 청와대. 네. /oe
1326.655	1326.932	speaker#A	[네.(BC/continuer)]
1327.447	1332.411	speaker#B	그래서 이걸 어떻게 인제 앞으로 n/ 해나가야 될 것인가 /os1 걱정이 많습니다. /oe
1330.962	1332.402	speaker#A	/os1 [네. 네.(BC/continuer)] /oe
1332.733	1336.890	speaker#A	큰 고심이 있으실 것 같애요. /os1 뭐 목선 /oe 사건부터 해서 /os1 이번에, /oe
1334.603	1334.908	speaker#B	/os1 [예.(BC/continuer)] /oe
1336.397	1336.868	speaker#B	/os1 [그럼요.(BC/affirmative)] /oe
1337.276	1356.056	speaker#A	어/ 군 거수자 조작까지 저희가 그래서 많은 국민들이 또 궁금해하시고 이 부분에서 좀 속 시원한 대답을 듣고 싶어 하실 것 같습니다. 그래서 이제 궁금 하실 분들이 많으실 것 같아요. 왜냐면 사실 의원님께서는 군 장성 출신 그러니까 군에 몸 담으셨던 분이신데,
1356.399	1371.890	speaker#A	이 사건을 공개하기까지 녹취록도 공개하시고 하시면서, n/ 많은 일각에서는이제 많은 궁금증이 있었죠. 어떻게 저런 심정으로 하셨을 수 있을까? 근데 어떠한 심경으로 또 어떤 의미로 요걸 공개를 하셨는지 궁금합니다.
1372.758	1384.733	speaker#B	아 그 이 문제는 선배 /os2 입장에서, /oe 하/ 이걸 정말 오픈을 해야 될 건지, /os1 공개를 /oe 해야 될 건지 안해야 될 건지 고심의 고심을 거듭했어요.
1375.658	1375.928	speaker#A	/os2 [네.(BC/continuer)] /oe
1380.498	1380.778	speaker#A	/os1 [네.(BC/continuer)] /oe
1384.796	1402.545	speaker#B	/os1 보좌관들 /oe 하고도 몇 번에 걸쳐서 토의를 하고, /os1 보좌관들은 /oe 사실은 하자고/ 저는 야 /os1 이거 그래 선배 /oe 입장에서 할 수 있는 거냐 에/ 그러다가 어/ 아까 말씀드린대로 그 병사한테 /os1 거짓말을 /oe 시켜서 죄인으로 만들려는 그런 과정.
1384.806	1385.051	speaker#A	/os1 [네.(BC/continuer)] /oe
1387.891	1388.131	speaker#A	/os1 [네.(BC/continuer)] /oe
1390.871	1391.306	speaker#A	/os1 [아.(BC/continuer)] /oe
1399.886	1400.356	speaker#A	/os1 [음.(BC/continuer)] /oe
1402.640	1403.089	speaker#A	[네.(BC/continuer)]
1403.630	1417.703	speaker#B	부모들이 전국민이 분노할 것 같아서 정말 열받을 것 같아서. /os1 이건 /oe 아니다. n/ 그리고 군이 이런 걸 이런 식으로 해서 거짓말시키고 또 조작하고 이런 집단이 되면 안되잖아요?
1407.905	1408.205	speaker#A	/os1 [네.(BC/continuer)] /oe
1417.803	1418.223	speaker#A	그쵸.
1418.317	1427.211	speaker#B	그래서 이제 정직과 진실 /os1 이거에 /oe 대해서 기자회견을 할때도 정말 몇 번 /os2 강조했어요. 이번 /oe 기회야 말로 이 고리를 끊어라.
1420.447	1421.012	speaker#A	/os1 [음.(BC/continuer)] /oe
1424.652	1425.407	speaker#A	/os2 정치. /oe
1427.516	1427.816	speaker#A	[네.(BC/continuer)]
1427.963	1440.938	speaker#B	어/ 조작하고 축소하고 은폐하고 어? 이런 그/ 생활 또 생 생각 /os1 이거 /oe 안 끊으면 국방안보는 없다. 이번에야 말로 끊을 찬스다.
1434.913	1435.243	speaker#A	/os1 [네.(BC/continuer)] /oe
1440.963	1456.238	speaker#B	/os1 기회이다. /oe 그래서 제가 오픈을 하게 됐어요. /os1 어/ /oe 진실하고 솔직하고 정직한 것처럼 /os1 설득력 /oe 있는게 없어요. /os1 제가 보기엔 /oe 시간이 지나면 다 밝혀집니다.
1440.983	1442.258	speaker#A	/os1 [네네. 네.(BC/continuer)] /oe
1444.698	1445.008	speaker#A	/os1 [아.(BC/continuer)] /oe
1451.653	1451.938	speaker#A	/os1 [네.(BC/continuer)] /oe
1453.658	1454.128	speaker#A	/os1 [음.(BC/continuer)] /oe
1456.779	1475.088	speaker#A	그러면 이번에 그/ 거수자. 이제 조작이 일단 문제가 되는건데 일반 병사에게 어/ 너가 했다고 해라. 그렇게 거짓말을 시켰다 요게 문제가 되는 건데 이제 또 다른 분들은 궁금해하실만한 게 이게 그렇다면 정말,
1475.770	1490.590	speaker#A	칩입자가 아닌 정말 병사가 음료수를 사먹으러 간 것이냐 그 관점에 대해서도 그럼 의원님께서도 요것조차 어떤, 어떤, 이제 조작이라던가 실 숨기려는 게 있다고 보시는 겁니까? 그러면?
1491.208	1505.644	speaker#B	그니까. 그것마저도 국민들께서 저는 믿고 /os1 싶지만, /oe 조사를 했으니까 국방부에 /os2 가서. /oe 믿고 싶지만 국민들 절반은 그것도 조작 아니냐. /os1 또, 오리발도 /oe 뭐 누가 /os1 주인이다. /oe 그것도 조작 /os2 아니냐. 또, /oe
1494.618	1495.128	speaker#A	/os1 [네.(BC/continuer)] /oe
1496.768	1497.468	speaker#A	/os2 [네네네.(BC/continuer)] /oe
1501.407	1502.552	speaker#A	/os1 [네. 맞습니다. 그렇죠.(BC/affirmative)] /oe
1503.118	1503.368	speaker#A	/os1 [네.(BC/continuer)] /oe
1504.943	1505.533	speaker#A	/os2 [네. 그렇죠.(BC/affirmative)] /oe
1505.661	1516.739	speaker#B	진범도 잡았다는데 /os2 그것도 조작 /oe 아니냐. /os1 그게 /oe 꼬리를 꼬리를 무는 거에요. 한번 사람을 속이기 시작하면 /os1 저 사람 /oe 또 저것도 /os1 거짓말이지 저것 또 /oe 거짓말이지 연속되는 겁니다.
1507.121	1507.436	speaker#A	/os2 [에.(BC/continuer)] /oe
1508.171	1508.526	speaker#A	/os1 [네.(BC/continuer)] /oe
1512.021	1512.501	speaker#A	/os1 [네네.(BC/continuer)] /oe
1513.441	1514.871	speaker#A	/os1 [네. 맞아요.(BC/affirmative)] /oe
1516.787	1517.076	speaker#A	[네.(BC/continuer)]
1517.197	1531.336	speaker#B	그래서 절대로 이게 /os2 진실되게 모든 걸 /oe 얘기 하 /os2 해야 /oe 신뢰감을 갖고 아이 군도 그렇고 모든 조직이 그래요. 정부도 그렇고 국민의 사랑과 신뢰를 받으려면 정직해야 합니다. /os1 투명하고 /oe
1519.532	1520.147	speaker#A	/os2 [음.(BC/continuer)] /oe
1522.017	1522.617	speaker#A	/os2 [네네네.(BC/continuer)] /oe
1530.732	1533.116	speaker#A	/os1 네. /oe 투명하고 /os2 정직. /oe 음.
1532.232	1532.632	speaker#B	/os2 [예.(BC/continuer)] /oe
1533.128	1549.322	speaker#B	그서 이번에 그런 문제가 있어요. 아까 말씀하신 n/ 그/ 물 뭐 때문에 /os1 네. 음료수 /oe 빼러 그/ /os1 자판기에 /oe 갔다. /os1 그런 /oe 것들도 저는 믿고 싶지만 아직은 그래서 저희가 국정 조사를 /os2 하자. /oe
1539.983	1540.363	speaker#A	/os1 [네.(BC/continuer)] /oe
1541.623	1542.203	speaker#A	/os1 [네.(BC/continuer)] /oe
1542.788	1543.523	speaker#A	/os1 [네. 맞아요.(BC/affirmative)] /oe
1548.568	1549.288	speaker#A	/os2 [예. 네.(BC/continuer)] /oe
1549.399	1561.281	speaker#B	지금 국방부 내에 조사기관이나 국가의 조사기관을 믿지 않잖아요. /os2 국민들이? /oe 그러면 국정 조사를 우리가 하겠다 국회에서, 그런데도 안 받아줘요. 지금 /os2 오늘도. /oe 예?
1553.804	1554.639	speaker#A	/os2 안 믿죠. 네. /oe
1560.284	1560.709	speaker#A	/os2 [아.(BC/continuer)] /oe
1561.465	1561.686	speaker#A	[네.(BC/continuer)]
1561.973	1579.729	speaker#B	난 이해 할 수가 없어. 그래서 내가 국방부에 그렇게 당당하고 정말 진실되면 너희들이 받 국정 조사를 해달라고 요구를 /os2 해라. 국회에서 /oe 하라고 하기 전에 그래서 그런게 떳떳하게 진의를 밝혀 가지고 이거 고리를 끊기도 하고 잘못된 것 있으면 털어버리고.
1569.793	1570.388	speaker#A	/os2 [네네네.(BC/continuer)] /oe
1579.770	1585.947	speaker#B	국민들로부터 지금부턴 절대로 그러지 않겠다고 다짐을 하고 가야 이/ 국방이 제대로 서는 거 아니냐.
1585.991	1586.462	speaker#A	[네.(BC/continuer)]
1586.758	1587.863	speaker#B	그런 /os2 생각이에요. /oe
1587.401	1594.494	speaker#A	/os2 알았습니다. /oe 의원님 말씀대로 저 국민들이 가장 궁금한 건 진실과 그리고 이제 그/ /os1 진실 규명 /oe
1593.701	1594.471	speaker#B	/os1 정직함 /oe
1594.581	1600.094	speaker#A	/os2 정직함이죠. 그/ 그래야 /oe 이제 국가를 믿을 수 있고 앞으로 나아갈 수 있지 않을까 생각을 합니다.
1594.776	1595.876	speaker#B	/os2 [네네네.(BC/continuer)] /oe
1600.511	1615.938	speaker#A	이제 의원님께서는 이런 일련의 사건들이 군의 이제 기강 해이가 도를 넘었기 때문이라고 얘기를 하기도 합니다. 그래서 어/ 의원님께선 예전에 과거의 군과 현재의 군 뭐 달라진 점도 없다 크게 그렇게 이야기도 하시고.
1616.338	1622.651	speaker#A	또는 기강 해이가 커졌 많 어우 심해졌다라고 생각을 하실 것 같은데요. 좀 어떻게 생각하시나요? 기강 해이에 /os2 대해서? /oe
1622.498	1633.645	speaker#B	/os2 군 /oe 기강은 저는 그렇게 봅니다. 지난 번에 어디 티비 나가서 그런 말씀을 /os2 드렸었는데, /oe 어/ 군 기강은 간부의 기강에서부터 시작돼요.
1629.693	1630.033	speaker#A	/os2 [네.(BC/continuer)] /oe
1633.772	1634.258	speaker#A	간부?
1634.282	1637.871	speaker#B	간부들이 기강이 없어지면 병사들도 따라서 기강이 없어져요.
1638.025	1638.241	speaker#A	[음.(BC/continuer)]
1639.068	1643.201	speaker#B	근데 그거는 어디서부터 시작을 하느냐 군 인사에서부터 시작해요.
1643.515	1644.103	speaker#A	인사. 네.
1645.029	1649.552	speaker#B	평시의 군은 진급만 보고 생활합니다. /os1 간부들은. /oe
1648.474	1649.534	speaker#A	/os1 [음. 네.(BC/continuer)] /oe
1650.112	1662.562	speaker#B	내가 어떻게 하면 계급을 하나 더 달까 어/ 누구를 잡으면 될까. 근데 지금 청와대에서 인사를 심지어는 골프장 정모 뭐 이런 이런 대량 그 외 직위까지 다 합니다.
1662.654	1662.989	speaker#A	[네.(BC/continuer)]
1663.489	1674.048	speaker#B	그러니까 간부들이 실제 자기 바로 위에 /os2 지휘관 얼굴을 /oe 보고 근무를 해야 되고 적 방향을 보고 근무를 해야 되는데 청와대나 정치권의 실세들 찾아다니는.
1667.499	1667.739	speaker#A	/os2 [어.(BC/continuer)] /oe
1674.529	1677.223	speaker#A	오히려 엉뚱한 /os1 방향으로. /oe
1676.453	1684.822	speaker#B	/os1 그러니 병사 /oe /os2 들이 /oe 그런 간부들 쳐다보고 /os1 근무를 해야 되니까. 기강이 설 /oe 수가 없죠. /os1 그래서 /oe 이제 청와대에 몇 번 그런 이야기를 해요.
1677.358	1677.883	speaker#A	/os2 [네.(BC/continuer)] /oe
1679.733	1681.033	speaker#A	/os1 [네. 음.(BC/continuer)] /oe
1681.863	1682.448	speaker#A	/os1 [음.(BC/continuer)] /oe
1684.951	1685.286	speaker#A	[네.(BC/continuer)]
1685.953	1697.048	speaker#B	어/ 군단장 급까지 별 셋까지는 전부 다 장관한테 줘라 /os2 인사권을 /oe 왜 청와대에서 가지고 /os2 있느냐 /oe 대장은 뭐/ 청와대에서 하더라도.
1691.763	1692.533	speaker#A	/os2 [음. 네.(BC/continuer)] /oe
1694.503	1694.793	speaker#A	/os2 [음.(BC/continuer)] /oe
1697.047	1697.682	speaker#A	[예.(BC/continuer)]
1698.757	1706.293	speaker#B	그런데 또 n/ 요즘엔 인사권도 또 가지고 있고 뭐 삼척사건도 그러지만, 청와대에서 지시를 해요.
1706.662	1706.823	speaker#A	[네.(BC/continuer)]
1707.233	1725.140	speaker#B	이거를 어떻게 어떻게 해라 그러니까 장관은 이렇게 해야 되는데 그렇게 하지말고 이렇게 해라 /os1 심지어는 /oe 국방 저 청와대 행정관이 국방부와서 지시해놓고 제대로 하는가 확인하고 감시하고 있어요. 그러니 장관이 무슨 뭘 가지고,
1712.113	1712.488	speaker#A	/os1 [음.(BC/continuer)] /oe
1725.306	1734.265	speaker#B	국군을 장악해서 하겠어요. /os1 인사권을 /oe /os2 줘야 /oe 나 잘보여야지 이 분한테 그래야 기강이 서는 /os2 것이지. /oe
1727.126	1727.381	speaker#A	/os1 [네.(BC/continuer)] /oe
1728.521	1728.756	speaker#A	/os2 [네.(BC/continuer)] /oe
1733.616	1734.011	speaker#A	/os2 [아.(BC/continuer)] /oe
1734.402	1734.802	speaker#A	[네.(BC/continuer)]
1735.208	1736.833	speaker#B	그게 아/ 전혀 안돼요. n/ 그러니
1736.843	1743.630	speaker#A	네. 의원님께서는 그래서 구 군에 기강 해이를 다시 잡으려면 인사권이 기본이 돼야 /os2 된다. n/ 이렇게 네. /oe
1742.531	1749.291	speaker#B	/os2 그 문제가 하나 있고. /oe 아까 이제 이함대를 왜 제가 그랬냐하면 기강을 잡으려면 /os1 솔직해져야 /oe 됩니다.
1747.941	1748.286	speaker#A	/os1 [네.(BC/continuer)] /oe
1749.311	1755.331	speaker#B	/os1 정직하고 진실이 /oe 있어야 한다. 그래서 숨기지 말고 모든 문제는 까야 돼요.
1749.326	1750.890	speaker#A	/os1 네. 투명하게. 네. /oe
1755.376	1755.761	speaker#A	[네.(BC/continuer)]
1756.166	1760.446	speaker#B	어? n/ 오픈을 해서 국민들한테 정말 이실직고 다 얘기를 하고,
1760.559	1761.154	speaker#A	[네네.(BC/continuer)]
1761.383	1776.770	speaker#B	정말 저/ 확실한 진단을 해서 처방을 구하지 않으면 병이나 /os2 똑같애요. /oe 그 감추지마라. /os1 그런 뜻에서 /oe 이번에 인제 그런 기강을 이런 기회에 잡아야 된다. /os1 아/ 제대로. /oe 그래서 그 (2가지)/(두 가지)가 핵심이 /os2 아닌가. 네. /oe
1766.053	1766.683	speaker#A	/os2 [음. 네.(BC/continuer)] /oe
1768.043	1768.703	speaker#A	/os1 [음.(BC/continuer)] /oe
1772.168	1773.268	speaker#A	/os1 [음. 네.(BC/continuer)] /oe
1775.033	1785.045	speaker#A	/os2 이번 기회로 네. /oe 그렇게 되셨으면, n/ 되면 좋겠는데 n/ 이번에 의원님께서 n/ 이런 일련의 사건들로 인해서
1785.451	1799.594	speaker#A	조금 어/ 나름의 생각이 깊어지시고 고심을 하셨을 것 같아요. 이런 질문들과 더불어서 같이 나오는 질문들이 전작권 반환입니다. 어/ 여기서는 찬성하는 의견도 있고 반대하는 의견도 있는데,
1800.035	1804.614	speaker#A	의원님께서는 어떤 생각을 가지고 /os2 계신가요? 전작권에 대해서 네. /oe
1803.160	1813.572	speaker#B	/os2 전작권에서는 제가 /oe 박사입니다. /os2 박사. 전작권은 이거는 /oe 지금 정부에서 굉장히 잘못하고 있다고 n/ (22년)/(이십 이 년) 대통령 임기 끝날때까지
1805.609	1807.539	speaker#A	/os2 [네. 맞습니다.(BC/affirmative)] /oe
1813.786	1819.188	speaker#B	한시적으로 맞춰 놓고 거기에 맞춰서 지금 전작권을 가지고 올려고 계속 노력을 하는데,
1819.415	1819.950	speaker#A	[네.(BC/continuer)]
1820.000	1829.441	speaker#B	어/ 그게 (2015년)/(이천 십 오 년)도에 저 바뀌어요. 그 전에는 시기를 n/ (15년)/(십 오 년)으로 정해놓고 딱 정해놓고 (15년)/(십 오 년)에 전작권을 가져온다.
1829.682	1839.207	speaker#B	/os1 이렇게 /oe 됐는데 이제 (15년)/(십 오 년)에 막 박근혜 뭐 이런 /os2 이제 정부 /oe 보수 정부가 하면서 전작권 미국에서 계속 /os2 하시오. /oe
1829.712	1830.487	speaker#A	/os1 네. 그랬었죠. /oe
1833.817	1834.212	speaker#A	/os2 [네.(BC/continuer)] /oe
1838.717	1839.107	speaker#A	/os2 [네.(BC/continuer)] /oe
1839.364	1846.675	speaker#B	막 그러게 여기저기서 이제 막 그렇게 줬 하니까 이제 조건에 의한 전작권 환수로 바뀌어요.
1846.895	1847.355	speaker#A	조건.
1847.432	1866.353	speaker#B	예/ 조건이 안보 조건이 잘 돼 가면 (2022년)/(이천 이십 이 년) 문 대통령 끝날 /os2 때까지 /oe 한다. 근데 그 전작권 환수 문제는 어/ 어느 나라 대통령이나 국민이 전작권을 다른 나라 군한테 맡기고 싶겠어요?
1854.152	1854.387	speaker#A	/os2 [네.(BC/continuer)] /oe
1867.859	1878.935	speaker#B	누구나 그런 자존심이 있죠, 자기가 자기 전작권을 /os1 갖고 /oe 싶고. 그게 바로 주권이나 마찬가지인데 세계 역사상 이렇게 오랫동안 전작권을 다른 나라에 준 적이 없어요. 우리나라 외에는.
1870.629	1870.839	speaker#A	/os1 [네.(BC/continuer)] /oe
1879.083	1879.438	speaker#A	[네.(BC/continuer)]
1879.583	1898.343	speaker#B	근데 한번 보세요. 전작권이라는게 지금 (53년)/(오십 삼 년)도까지는 우리나라가 지금 (5000년)/(오 천 년) 역사상 (1000번)/(천 번) 정도를 침략을 받아요.(1000번)/(천 번)을 나눠보면 대략 (5년)/(오 년) 만에 (1번)/(한 번)씩 전쟁을 n/ 치뤄요. 침략을 받아, /os1 그니까 /oe 나라가 발전 할 수가 없었어요.
1896.153	1896.528	speaker#A	/os1 [음.(BC/continuer)] /oe
1899.077	1915.186	speaker#B	그러다가 (53년)/(오십 삼 년)도에 (6. 25)/(육 이 오) 끝나면서 (53년)/(오십 삼 년)도에 한미 상호 방위조약이 맺어지면서, /os1 미국이 /oe 전작권을 행사하게 그래서 지금 (65년)/(육십 오 년) 정도 돼서 우리나라가 이렇게 발전한 /os2 겁니다. 오고 /oe 근게 (6,70년)/(육, 칠십 년) 동안에 전쟁을 안하고
1904.687	1905.067	speaker#A	/os1 [음.(BC/continuer)] /oe
1911.817	1912.147	speaker#A	/os2 [네.(BC/continuer)] /oe
1915.203	1919.687	speaker#B	지금 지나오면서 평화로운 n/ 나라가 운영이 됐어요.
1919.724	1920.072	speaker#A	[네.(BC/continuer)]
1920.181	1921.906	speaker#B	그래서 세계 (10)/(십)위가 된겁니다.
1921.977	1922.234	speaker#A	[네.(BC/continuer)]
1922.609	1938.509	speaker#B	물론 이제 한편으로 생각하면 어/ 우리 국민의 우수성 또 한편으로 보면 미 미국의 도움. n/ 이 (2개)/(두 개)가 믹스가 돼서 정말 시너지 효과가 나타난 거에요. 그럼 전작권을 지금 우리가 보면,
1938.536	1947.703	speaker#B	/os1 왜 /oe 제가 이 전작권을 지금 그렇게 급하게 가져올 필요가 없다고 말씀드리는 이유는 지금 이게 뭐 지금 남북관계도 그렇고 주변.
1938.551	1938.911	speaker#A	/os1 [네.(BC/continuer)] /oe
1948.109	1959.109	speaker#B	미래의 주변 얼마나 강한 강국들이 지금 주변에 있어요. /os1 그러면 /oe 군사력 전체적으로 보면 미국 군사력에 이게 의해서 의존할 수 밖에 없어요. 지금 상황은.
1951.594	1951.999	speaker#A	/os1 [음.(BC/continuer)] /oe
1959.139	1959.509	speaker#A	[네.(BC/continuer)]
1959.885	1973.885	speaker#B	우린 뭐 국방비를 많이 들이더라도 이게 뭐 n/ 아직은 멀었어요. 그러면 전작권을 가져와서 리스크가 생기는 것보다 전작권을 주어서 하는 것이 /os2 훨씬 적게 /oe 들어요. 안보 비용이.
1972.520	1972.810	speaker#A	/os2 [네.(BC/continuer)] /oe
1974.046	1975.895	speaker#A	비용이 좀 /os2 완화되고. /oe 네.
1975.114	1978.348	speaker#B	/os2 그럼요. /oe 그러면은 미국한테 가 니들이 가지고 해라
1978.478	1978.913	speaker#A	[네.(BC/continuer)]
1979.010	1985.385	speaker#B	왜냐면 아무리 우리가 사령관을 하고 거기가 부사령관을 해도 의사결정은 사령관이 못 /os1 해요. /oe
1984.980	1986.029	speaker#A	/os1 음. /oe 네.
1986.052	1994.276	speaker#B	왜냐하면 부사령관 미군 부사령관이 n/ 자기들 전력을 다 가지고 있는데 그 재산을 n/ 우리가 맘대로 써요? 못 /os2 쓰잖아요. /oe
1993.812	1994.257	speaker#A	/os2 [네.(BC/continuer)] /oe
1994.484	2007.536	speaker#B	n/ 그러면 부사령관이 n/ 미국 사령관한테 저/ 장군이 그걸 결정해서 전쟁 일어나면 바로 투입하는, /os1 그래서 /oe 전작권은 그냥 뭐/ 자존심의 관한 문제다 이래 가지고,
2002.359	2003.204	speaker#A	/os1 [음.(BC/continuer)] /oe
2008.177	2014.578	speaker#B	가져오는 게 /os2 아니에요. /oe 이거는 아무리 자존심이 국가 지도자 뭐 세고 그러더래도.
2009.157	2009.512	speaker#A	/os2 [네.(BC/continuer)] /oe
2015.931	2030.651	speaker#B	국익에 어떤게 좋으냐. /os1 국민을 /oe 위해서 어떤 결심을 하는게 /os2 좋으냐. /oe 그거가 저는 우선되야 된다고 봐요 /os1 그냥 /oe 뭐/ 우리가 가져와야 뭐 주권을 갖는 거야. 그거는 감정적인 그런 해결 해법이죠.
2017.966	2018.216	speaker#A	/os1 [네.(BC/continuer)] /oe
2020.531	2020.961	speaker#A	/os2 [음.(BC/continuer)] /oe
2023.101	2023.451	speaker#A	/os1 [음.(BC/continuer)] /oe
2030.661	2039.478	speaker#B	/os1 실제 /oe 정말 국익과 국민 /os1 이거를 /oe 놓고 초점을 맞춘다면 전작권을 함부로 빨리 가져 올 /os2 필요가 없어요. /oe
2030.668	2031.073	speaker#A	/os1 [네.(BC/continuer)] /oe
2033.787	2034.387	speaker#A	/os1 [음.(BC/continuer)] /oe
2038.766	2039.206	speaker#A	/os2 [음.(BC/continuer)] /oe
2039.540	2040.024	speaker#A	[네네.(BC/continuer)]
2040.474	2042.254	speaker#B	그래서 그걸 신중해야 합니다. /os2 앞으로. /oe
2041.968	2048.270	speaker#A	/os2 네. /oe 현실적으로 바라보고 정말 진실로 국민과 국익을 /os2 위해서라면 예. /oe
2047.267	2048.247	speaker#B	/os2 [그렇죠. 예.(BC/affirmative)] /oe
2048.507	2052.102	speaker#A	반환은 조금 고심해야 될 할 /os2 일이다. 그렇게 /oe 생각을 하시는 거죠?
2050.777	2051.152	speaker#B	/os2 [예.(BC/continuer)] /oe
2052.770	2071.989	speaker#A	그/ 의원님께서는 n/ 세종시에 지난 번에 보니까. 그/ 제 (14회)/(십 사 회) 개미고개 격전지 추모제를 /os2 다녀오셨더라고요. 근데 /oe n/ 제가 이제 생각했을때는 n/ 시청자 분들 중에 개미고개 추모제가 뭐를 했던 곳이지 잘 모르는 분들이 계실 것 같으세요. 혹시 어떤 곳인지 짧게 말씀 부탁드립니다. n/
2061.151	2061.701	speaker#B	/os2 [예.(BC/continuer)] /oe
2072.006	2076.750	speaker#B	개미고개라고 해서 난 개미를 닮은 줄 알았더니 개미도 아니더라구요. /os1 에? /oe
2075.891	2077.322	speaker#A	/os1 음. /oe 네.
2077.408	2096.437	speaker#B	근데 그게 무슨 전투냐면 n/ 그게 이/ (6. 25)/(육이오)때 저도 잘 몰랐었는데 전사 저/ 공부를 했는데도 개미고개 전투는 /os1 잘 안나와요. /oe 근데 세종시에서 n/ 그 기념비를 세워 저저/ 추모비를 세워 놓고 그 날 가보니까 엄청나게 큰 행사에요.
2086.319	2087.699	speaker#A	/os1 [어. 네.(BC/continuer)] /oe
2096.539	2096.831	speaker#A	[네.(BC/continuer)]
2097.520	2113.875	speaker#B	에? 그래서 그때 이/ 북한군이 그냥 전투 초기에 /os1 전차를 /oe 앞 세워 가지고 막 물밀듯이 들어올 /os2 때에요. /oe 막 전광석화처럼 들어오는데 n/ 이/ 이/ 서해안나오고 동해안하고 이제 저도 같이 내려올거 아니에요?
2103.115	2103.480	speaker#A	/os1 [네.(BC/continuer)] /oe
2106.145	2106.415	speaker#A	/os2 [네.(BC/continuer)] /oe
2113.927	2114.197	speaker#A	네.
2114.561	2126.727	speaker#B	근데 여기서 내려오는 거를 거기 개미고개라는 데에서 전의면인데 /os1 세종시. /oe 거기서 이제 아 일개 대대가 (4일)/(사 일)간을 방어를 해요.
2119.591	2120.931	speaker#A	/os1 [음. 음.(BC/continuer)] /oe
2126.714	2127.399	speaker#A	/os1 (4일)/(사 일)간? /oe
2126.714	2137.168	speaker#B	/os1 (4일)/(사 일)간을 /oe 하면서 (600)/(육백) 몇 명 (600여명)/(육백 여명) 중에서 (428명)/(사백 이십 팔 명)이 전사해요. n/ 대대장까지 /os2 포함해서 /oe 굉장히 큰 /os1 전투에요. /oe
2134.749	2135.129	speaker#A	/os2 [음.(BC/continuer)] /oe
2136.243	2137.639	speaker#A	/os1 음. 네. /oe 음.
2137.842	2154.964	speaker#B	그래서 거기서 (4일)/(사 일)간을 지연시켜 줍니다. 거기서 치열한 전투로 지연시켜줘서 어/ 우리 병력들이 이/ 대전권 이/ 남쪽에서 진취를 점 점령해서 파고 뭐 해서 전투 준비를 할 수 있는 시간적인 여유를 확보해주는 n/ 전투였어요.
2155.154	2157.343	speaker#A	굉장히 /os1 중요하고 예. /oe 큰.
2155.918	2157.908	speaker#B	/os1 아 굉장히 중요해요. 네. /oe
2157.924	2160.520	speaker#B	그러 안하면 /os1 낙동강까지 /oe 막 쭉쭉 /os2 밀리니까. /oe
2158.484	2158.834	speaker#A	/os1 [네.(BC/continuer)] /oe
2160.032	2160.995	speaker#A	/os2 네. /oe 예예.
2161.000	2166.479	speaker#B	음 /os1 그래서 아 그렇게 /oe /os2 중요한 /oe 격전지였고 그 날 /os1 보니까 이 한미 /oe
2161.146	2162.796	speaker#A	/os1 들어오는 격전지 였군요. /oe
2163.735	2164.115	speaker#A	/os2 [네.(BC/continuer)] /oe
2165.270	2165.880	speaker#A	/os1 [음.(BC/continuer)] /oe
2166.513	2167.018	speaker#A	[네.(BC/continuer)]
2167.384	2175.218	speaker#B	어/ 그 군인들이 많이 참석도 /os2 하고. /oe 그 전투를 참여했던 분들이 미국에서 /os1 또 몇 명 오시고 그래서 참 /oe 의미있는
2170.389	2170.879	speaker#A	/os2 [네.(BC/continuer)] /oe
2172.989	2174.464	speaker#A	/os1 미국 예예. /oe
2175.261	2175.816	speaker#A	[네.(BC/continuer)]
2175.925	2186.459	speaker#B	아/ n/ 행사들하고요. 아 그리고 거기서 제가 한미 동맹에 대해서 정말 이거는 한미 동맹이라고 하는게 군사 동맹이라고 하기에는 /os1 그렇고 /oe 지금 어떤
2184.815	2185.370	speaker#A	/os1 [음.(BC/continuer)] /oe
2187.250	2203.197	speaker#B	어/ 어떤 뭐 정권에 동맹도 /os2 아니고 /oe 이거는 정말 한미 동맹을 n/ 쉽게 이야기하면 국민 동맹이다. /os1 어? 국민 /oe 동맹이다. 한국과 미국의 국민들이 같이 맺은 동맹이기 때문에 어떤 정권의 전유물이나 이런 건 아니다.
2190.540	2191.045	speaker#A	/os2 [음.(BC/continuer)] /oe
2195.335	2196.565	speaker#A	/os1 [음. 네네.(BC/continuer)] /oe
2203.392	2203.616	speaker#A	[네.(BC/continuer)]
2204.045	2207.287	speaker#B	앞으로 이제 지금 (70년)/(칠십 년) 다 되어 가니까.
2207.362	2207.721	speaker#A	[네.(BC/continuer)]
2207.864	2216.199	speaker#B	앞으로 또 (70년)/(칠십 년) /os1 정말로 /oe 변함없는 그런 한미 동맹이 됐으면 좋겠다고 제가 그 날 한미 동맹에 대한 의미를 /os2 강조했어요. /oe
2209.479	2209.839	speaker#A	/os1 [음.(BC/continuer)] /oe
2215.892	2225.687	speaker#A	/os2 네. /oe 그래서 그때 추모사를 그 날 하시면서 한미 동맹 잊지 말자 /os1 그런 말씀을 하셨었죠. /oe 그래서 굉장히 의미있는 격전지였다고 이제 설명을 해주셨는데
2219.602	2220.527	speaker#B	/os1 [예. 예.(BC/continuer)] /oe
2226.198	2243.460	speaker#A	그러면 n/ 이제 한미 동맹 여태까지 말씀하신 뭐/ (9. 19)/(구 일 구) 군사 합의 뭐 이런거랑 더불어서 현 정부가 평화체제를 구축하는데 대한 뭐/ 방법이나 절차에 대해서는 좀 어떻게/ 어떤 시각으로 바라보시나요? 좀 너무 빠르다.
2243.460	2249.000	speaker#A	아니면 어떤 방법이 잘못 좀 됐다. 어떤 생각을 가지고 계신지 궁금합니다.
2249.885	2265.135	speaker#B	남북관계나 /os1 평화 /oe 무드나 이런데 n/ 이거는 사실 저희가 지금 (70여년)/(칠십 여년) 되어가지 /os2 않아요? /oe 그러면 이 남북 분단의 상황이 (70년)/(칠십 년) 된거를 하루아침에 (1,2년)/(일, 이 년) 만에 무너트리기에는 굉장히 어렵다고 봐요. 저는.
2251.031	2251.426	speaker#A	/os1 [네.(BC/continuer)] /oe
2257.120	2257.440	speaker#A	/os2 [네.(BC/continuer)] /oe
2265.235	2265.570	speaker#A	[네.(BC/continuer)]
2265.709	2274.339	speaker#B	그만큼 우리 남북이 치열하게 거기서 대치를 해 온 그 상황에 어떻게 하 (1,2년)/(일, 이 년)안에 무너지겠어요.
2275.479	2286.017	speaker#B	그러고 /os1 거기에 /oe 이제 정말 중요할 것을 알아야 될 것은 국제 관계를 알아야 돼요. /os1 특히 /oe 미국이 도움이 없이는 남북 관계는 절대로 n/ 잘 될 수 /os2 없다. /oe
2275.969	2276.174	speaker#A	/os1 [네.(BC/continuer)] /oe
2281.284	2281.819	speaker#A	/os1 [음.(BC/continuer)] /oe
2285.479	2285.989	speaker#A	/os2 [네네.(BC/continuer)] /oe
2288.207	2305.141	speaker#B	정전협정이 이뤄지고 남북이 갈라진 것도 다 미국과 강대국들하고 다 된거 아니에요? /os1 그럼 /oe 지금 미국이 남북 관계를 도와주지 않으면 되는게 아무것도 /os2 없습니다. /oe 근데 문제는 현 정부가 미국한테 반미정부로 찍혀 있어요 제가 보기에는.
2293.872	2294.192	speaker#A	/os1 [네.(BC/continuer)] /oe
2299.042	2300.097	speaker#A	/os2 [음음.(BC/continuer)] /oe
2305.146	2321.531	speaker#B	본인들은 아니라고 그러고 n/ 남북 북 저 저/ 미국 관계가 좋다고 그러는데, 제가 보기에는 미국의 조야나 그 본류들하고는 완전히 지금 이 각을 세우고 있는 형국이에요. /os1 그래서 굉장히 /oe 미움받아요. /os1 미움 /oe 받아서
2318.652	2319.447	speaker#A	/os1 [음.(BC/continuer)] /oe
2320.642	2321.057	speaker#A	/os1 [네.(BC/continuer)] /oe
2322.197	2341.012	speaker#B	어 문대통령께서 미국에 가셔도 정말 대우를 /os2 안해줘요. /oe 그러다보니까 일본도 그냥 우숩게 알고 우리를 중국도 우숩게 알고, /os1 러시아까지 이 (4개국)/(사 개국)하고 /oe 이렇게 외교가 나빠 나빠 나뻐 본 적이 역사상 /os2 없었어요. /oe
2327.502	2328.087	speaker#A	/os2 [음.(BC/continuer)] /oe
2332.652	2334.122	speaker#A	/os1 [음음.(BC/continuer)] /oe
2340.392	2341.002	speaker#A	/os2 [음.(BC/continuer)] /oe
2341.218	2347.553	speaker#B	그 중에서도 미국은 어떤 경우든 앞으로도 그러고 과거에도 그랬지만 앞으로도 정말 잘 지내야 됩니다.
2348.112	2348.437	speaker#A	[네.(BC/continuer)]
2348.527	2367.996	speaker#B	이 그러고 미국이 지금 (70여년)/(칠십 여년)간 우리를 세계 (10위)/(십 위)로 만들게 해준 /os2 장본인이에요. /oe 그거에 대한 고마움도 알아야 /os2 돼고. /oe 또 앞으로도 그 미국에 세계 경영에 우리가 합류를 해서 같이 정말 동반자가 되서 걸어가는 그런 /os1 지혜로움을 /oe 보여야지,
2355.152	2356.017	speaker#A	/os2 [음음. 네.(BC/continuer)] /oe
2357.657	2358.042	speaker#A	/os2 [네.(BC/continuer)] /oe
2365.987	2366.592	speaker#A	/os1 [음.(BC/continuer)] /oe
2368.002	2368.403	speaker#A	[네.(BC/continuer)]
2368.521	2376.136	speaker#B	미국 각을 세우고 /os1 말 안듣고 /oe 이래가지고 내 자존심만 세우겠다고 이건 외교를 모르는 사람의 /os2 얘기다. /oe
2370.052	2370.557	speaker#A	/os1 [음.(BC/continuer)] /oe
2375.583	2385.257	speaker#A	/os2 네. /oe 그니까 너무 미국과 대립각을 세우는 것보다는 북한만 너무 치중해서 생각하는 것보다는 이제 외교 부분을 좀 잘 /os1 신경을 써서 네. /oe
2384.008	2385.238	speaker#B	/os1 아 그럼요, 그럼요. /oe
2385.861	2396.157	speaker#A	어/ n/ 현 정부가 나아가야 갈 방향에 대해서 잘 말씀을 해주셨는데, 어/ 이제 한참 저희가 이제 국가 안보 얘기를 나눴습니다. 이제 조금 다시,
2396.541	2407.312	speaker#A	좀 밝고 가벼운 얘기를 돌아와서 의원님께서 이제 아무래도 군 전문가이시다 보니까 군인 가족도 굉장히 많이 생각해주시는 것 같더라구요. 그래서 군인 가족 복지.
2407.725	2417.593	speaker#A	좀 보훈 복지에 n/ 대해서 어떤 생각을 따로 갖고 계시는 것 같던데 n/ 어떤 이제 방향으로 나아가야 될지 그들이 정말 필요한건 어떤게 있을까요?
2417.760	2432.364	speaker#B	저 우리 국민이나 /os1 이제 유권자들이 /oe 알아야 될게, 이 선진국이고 정말 발전하고 세계의 그 모범이 되는 나라일수록, /os1 국가를 /oe 국가를 위해서 헌신하고 봉사하는 사람들에 대한 예우가, /os1 철저합니다. /oe
2418.755	2419.030	speaker#A	/os1 [네.(BC/continuer)] /oe
2425.760	2426.395	speaker#A	/os1 [음.(BC/continuer)] /oe
2430.980	2431.325	speaker#A	/os1 [네.(BC/continuer)] /oe
2432.441	2432.751	speaker#A	[네.(BC/continuer)]
2432.862	2446.729	speaker#B	n/ 아마 그런거 많이 보셨을 거에요. /os1 그서 그 미국 /oe 대통령이 월남이나 북한에서 유해 발굴 해가지고 사오고 있잖아요. /os1 돈을 /oe /os2 주고라도. /oe 끝까지 챙깁니다 국가가. /os1 거기서 /oe 국가란 무엇인가를 알게 돼요. 국민들이.
2433.937	2434.532	speaker#A	/os1 [맞습니다.(BC/affirmative)] /oe
2439.612	2439.757	speaker#A	/os1 [네.(BC/continuer)] /oe
2440.547	2440.832	speaker#A	/os2 [네.(BC/continuer)] /oe
2443.312	2443.602	speaker#A	/os1 [음.(BC/continuer)] /oe
2447.114	2457.435	speaker#B	그래서 죽음을 불사하고 /os2 가고. /oe 그래서 n/ 그런 유해가 들어올 때 n/ 우리나라는 대통령이 나와 보지도 않잖아요. n/ 미국 대통령이 현장에 나와요.
2449.114	2449.514	speaker#A	/os2 [네.(BC/continuer)] /oe
2457.540	2468.593	speaker#B	공항에 /os1 나와서 /oe 그막 비오는 날이래도 거기 서서 조국을 위해서 수 십년 동안 어디 /os1 묻혀 있다가 /oe 돌아오는데 거기에다 그런 예우를 해줘 그러니까.
2457.565	2458.810	speaker#A	/os1 [어. 네.(BC/continuer)] /oe
2464.365	2464.920	speaker#A	/os1 [음.(BC/continuer)] /oe
2469.124	2476.756	speaker#B	저는 여러가지를 느꼈어요. /os1 제가 /oe 딸이 졸업한다고 그 미국에 한번 갔는데 아틀란타공항에서 막 누가 박수를 쳐요.
2470.664	2470.844	speaker#A	/os1 [네.(BC/continuer)] /oe
2476.812	2477.162	speaker#A	[네.(BC/continuer)]
2477.717	2497.479	speaker#B	n/ 그게 이렇게 /os2 보니까 /oe 아프카니스탄에 참전하고 돌아오는 병사가 /os1 배낭을 /oe 메고 올라와요. 그 그걸 n/ 박수를 쳐요. /os2 국민들이. 아까 /oe 뭐 대통령이 또 공항까지 나와서 그 유해를 /os1 정말 /oe 맞이하듯이 몇 십년 지나도 미국은 찾아옵니다.
2478.707	2478.932	speaker#A	/os2 [네.(BC/continuer)] /oe
2483.727	2484.042	speaker#A	/os1 [음.(BC/continuer)] /oe
2488.586	2489.586	speaker#A	/os2 [네. 어.(BC/continuer)] /oe
2492.787	2493.097	speaker#A	/os1 [네.(BC/continuer)] /oe
2497.501	2497.951	speaker#A	[네.(BC/continuer)]
2498.289	2516.135	speaker#B	그러니까 n/ 죽음을 불사하고 가는 거에요 국가의 부름을 /os2 받으면. /oe 그런 나라가 돼야 돼요. 근데 왜 군인 가족을 n/ 제가 에/ 관심을 갖고 지난 번에 저 저 국회에서도 토론회도 하고 /os1 군인 가족을 /oe 어떻게 할까 하는 n/ 이유는 이 평시에 /os2 군은. /oe
2501.879	2502.209	speaker#A	/os2 [네.(BC/continuer)] /oe
2510.824	2511.334	speaker#A	/os1 [네.(BC/continuer)] /oe
2515.764	2516.129	speaker#A	/os2 [네.(BC/continuer)] /oe
2516.261	2536.135	speaker#B	가정이 안정이 돼야 군인들이 업무에 전념을 해요. /os1 그거 잘해야 /oe 됩니다. 그러고 이제 군인 가족이나 군인들이 아까 미국 얘기를 해서 참 죄송스럽지만, 이제 우리나라는 세계 (10위)/(십 위) 됐으니까 먹고 사는데 별 문제 없잖아요. /os1 그러면 /oe 정말 국가를 위해서 헌신한 군인들 특히 /os2 군인들. /oe
2521.428	2522.448	speaker#A	/os1 [맞습니다. 네.(BC/affirmative)] /oe
2531.712	2532.052	speaker#A	/os1 [네.(BC/continuer)] /oe
2535.751	2536.126	speaker#A	/os2 [네.(BC/continuer)] /oe
2536.572	2554.114	speaker#B	끝까지 찾아야 돼요 우리도. /os1 어디가도 /oe 외국가서 죽어도 안 돌아오고 실종되면 끝까지 찾는 /os2 그런 /oe 나라가 돼야 되고 그러고 이제 군인들은 뭐 무슨 화려한 무슨 재벌이 되고 싶니 그건 또 /os2 없어요. /oe 그 봉사하고 헌신한 죽음을 각오하고 전쟁터에서
2538.287	2538.552	speaker#A	/os1 [음.(BC/continuer)] /oe
2542.637	2542.877	speaker#A	/os2 [음.(BC/continuer)] /oe
2549.732	2550.112	speaker#A	/os2 [음.(BC/continuer)] /oe
2554.635	2567.656	speaker#B	음? /os1 하나밖에 없는 생명을 /oe 바치는 그런 입장은 뭐냐? 명예와 긍지와 자부심만 심어주면 돼요. /os1 응? /oe 그럴라면 어/ 정말 그/ 봉급만 가지고 살거든요?
2555.145	2555.840	speaker#A	/os1 [네네.(BC/continuer)] /oe
2561.995	2562.840	speaker#A	/os1 [음. 네.(BC/continuer)] /oe
2568.217	2579.945	speaker#B	/os1 그러면 /oe 그 사람들이 나중에 국가를 위해서 어떤 어떤 어떤 및 저 저/ n/ 그 전역하고 /os2 나면, /oe 정말 국가가 그 사람들이 여생을 보낼 수 있는 여건을 만들어줘야 된다고 봐요.
2568.222	2568.442	speaker#A	/os1 [네.(BC/continuer)] /oe
2575.352	2575.687	speaker#A	/os2 [네.(BC/continuer)] /oe
2580.083	2582.162	speaker#A	음/ 아 /os2 책임지고 /oe. 네.
2581.502	2585.999	speaker#B	/os2 예. /oe 근데 지금 군생활하고 나와도 집이 없는 사람들이 많아요.
2585.993	2587.638	speaker#A	음/ 안타까운. 네.
2588.072	2595.281	speaker#B	그러면 안돼죠. /os1 그러면 /oe 그 사람이 뭐를 믿고 /os1 정말 /oe 홀연히 죽음을 향해서 가겠어요.
2588.987	2589.437	speaker#A	/os1 [네네.(BC/continuer)] /oe
2591.442	2592.307	speaker#A	/os1 [음. 네.(BC/continuer)] /oe
2595.342	2595.851	speaker#A	[네.(BC/continuer)]
2596.395	2608.610	speaker#B	그래서 그런 긍지와 자부심을 가질 수 있도록 n/ 해줘야 되고 특히 군인 가족들 무슨 죄가 져서 막 n/ 이사를 (20번)/(이십 번)씩 (30번)/(삼십 번)씩 돌아다닙니까? /os1 군에서 /oe 그러면 애들 교육도 안되고,
2605.390	2606.805	speaker#A	/os1 이사가 잦죠 네. /oe
2608.645	2624.830	speaker#B	/os1 가정도 뭐, /oe 길에 다 깝니다 돈을 /os1 이사 /oe 비용으로. n/ /os1 아마 /oe 국민들이 어떻게 그걸 알아요. n/ 그래서 그런 것들을 의료문제 교육문제 주택문제, /os1 그 /oe 사람들이 정말 애로사항을 겪는 그걸 해주고.
2608.656	2609.951	speaker#A	/os1 [예. 음.(BC/continuer)] /oe
2611.885	2612.315	speaker#A	/os1 [음.(BC/continuer)] /oe
2613.640	2614.815	speaker#A	/os1 이사 비용 만만치 않죠. /oe
2621.775	2622.150	speaker#A	/os1 [음.(BC/continuer)] /oe
2625.196	2639.068	speaker#B	특히 n/ 인제 나중에 인제 군 생활 끝나고, /os1 그러고 /oe 나서 이제 어떻게 그 사람들이 여생을 정말 국가에 n/ 헌신한 만큼 대우를 받고 살아갈 수 있느냐. /os1 그걸 /oe 정말 국가가 책임져 줘야 한다고 /os2 생각을 해요. /oe
2628.490	2629.040	speaker#A	/os1 [음.(BC/continuer)] /oe
2635.976	2636.611	speaker#A	/os1 [네.(BC/continuer)] /oe
2638.750	2644.006	speaker#A	/os2 네. /oe 군인 뿐만 아니고 군인 가족의 노고와 애환도 조금 국가가 인정을 /os2 해줘야 되는. /oe
2643.468	2653.998	speaker#B	/os2 아니 군인 /oe 가족이 /os1 뭐 /oe 독립군 시절 같으면 나라를 구하겠다고 어? 생명을 바치지만 평시에 군은 이제 가정이 정말 자 제대로 /os1 안정되게 /oe
2644.814	2645.254	speaker#A	/os1 [네.(BC/continuer)] /oe
2653.383	2653.743	speaker#A	/os1 [네.(BC/continuer)] /oe
2654.434	2671.949	speaker#B	에/ 가족들이 살고 있어야 남편이 군에 가서 정말 어 또 업무에 /os2 전념하죠. 전투 준비를 하고 가족이 /oe 불안하면 살겠어요? /os1 아까 말씀드렸듯이 /oe 수없이 이사다니고 뭐/ 애들은 전학을 많이 다니니까. 친구가 /os2 없어요. /oe
2660.158	2663.158	speaker#A	/os2 전념을 할 수가 있죠. 네. 네네. 음. /oe
2664.934	2666.194	speaker#A	/os1 음. 가족은 예. /oe
2670.609	2671.944	speaker#A	/os1 [어어. 예. 맞아요.(BC/affirmative)] /oe
2671.958	2676.117	speaker#B	그러고 교 교과 과정이 다 달라가지고 /os1 제대로 /oe 연결도 /os2 안되고. /oe
2674.448	2674.808	speaker#A	/os1 [네.(BC/continuer)] /oe
2675.837	2680.238	speaker#A	/os2 엄청 /oe 세심하시게 다 그 가족들의 애환을 다 알고 계시네요 /os2 정말. 네. /oe
2679.407	2680.222	speaker#B	/os2 에/ 저는 그 /oe
2680.988	2700.437	speaker#B	그만큼 /os1 못만나고 또 /oe 관심을 못 갖는 대신 뭐 전방에서 /os2 외박나오거나 그럴때는 /oe 거기 담임 선생님 교장 /os1 교감 다 만나서 /oe 같이 밥도 먹고, n/ 그래서 /os1 당부를 하지요. /oe 공부 잘하는 것도 /os2 중요하지만 /oe 내 자녀가 정말 모범적인 /os1 학창시절을 /oe 좀 보내게 /os2 해달라고 사정하죠. /oe
2681.713	2683.108	speaker#A	/os1 [네. 네.(BC/continuer)] /oe
2686.163	2686.598	speaker#A	/os2 [네.(BC/continuer)] /oe
2688.768	2690.263	speaker#A	/os1 [어. 네.(BC/continuer)] /oe
2692.903	2693.583	speaker#A	/os1 [네.(BC/continuer)] /oe
2695.413	2695.848	speaker#A	/os2 [네.(BC/continuer)] /oe
2698.258	2698.863	speaker#A	/os1 [어.(BC/continuer)] /oe
2699.768	2700.368	speaker#A	/os2 [네.(BC/continuer)] /oe
2700.595	2712.543	speaker#A	아/ 어떻게 가족들이 정말 감동을 받을 것 같습니다. 정말 진짜 네. 그런 걸 다 알아주시니까. 해서 여러가지 뭐 이제 보안 발의도 하시고 활동도 하시고 하는데,
2713.230	2725.502	speaker#A	의원님께서 이제 임기 내에 꼭 마무리, 내가 이것만큼은 정말 마무리 짓고 싶고 좀 완성 짓고 싶은 현안이 있으신지 내가 책임지고 요거는 현안을 마무리 짓고 싶다 n/ 그런게 있으실까요?
2726.078	2732.924	speaker#B	어/ 지금 남아있는 것 중에서는 이제 방산비리를 어떻게 막을 것인가 관련된 법안
2732.974	2734.364	speaker#A	네. /os2 방산비리. /oe
2733.999	2744.277	speaker#B	/os2 그러고 /oe 연결해서, /os1 방사청장이 /oe 청문회 난 것 치곤 바로 들어가요. 그래서 한 (10명)/(열 명) 중에서 (7,8명)/(칠, 팔 명)이 불명예해서 스럽게 나가고 그래요. /os1 비리 관련 /oe
2735.634	2735.964	speaker#A	/os1 [네.(BC/continuer)] /oe
2743.714	2744.689	speaker#A	/os1 네. /oe 네.
2745.018	2750.440	speaker#B	그래서 인제 어/ 방사청장이 집행하는게 (17000000000000원)/(십 칠조 원) 정도 돼요. /os2 어마어마해요. /oe
2749.845	2751.555	speaker#A	/os2 네. /oe (17000000000000원)/(십 칠조 원). /os1 네. /oe
2751.197	2768.309	speaker#B	/os1 예. /oe 예 국방비가 (48000000000000)/(사십 팔조)인데 (17000000000000원)/(십 칠조 원)이면 얼맙니까? 굉장한 /os1 비중을 차지하잖아요. 그러면은 /oe 뭐 뭐/ 예산이 적은 경찰청장 이런 것들도 다 청문회 하는데 이거는 반드시 해서 정말 바른 사람이 들어와서 집행을 해야 되겠다. 그래서,
2756.452	2758.202	speaker#A	/os1 어마어마한, 그/ 음. /oe
2768.439	2768.819	speaker#A	[네.(BC/continuer)]
2768.906	2771.946	speaker#B	그거를 지금 냈는데 자꾸 결여돼요.
2771.946	2772.596	speaker#A	[아.(BC/continuer)]
2772.594	2786.329	speaker#B	정부에서 싫어해요. 그거 n/ 청문회 한다 그러면 자기들이 임명하고 싶은 사람은 /os2 못얻으니깐 그런지. /oe 인제 그런거 하나 있고 (2번째)/(두 번째) (1번째)/(첫 번째)로 더 중요한 것은 대통령 묘지나 병사 묘지나 (1평)/(한 평)으로 하자.
2776.630	2777.785	speaker#A	/os2 [아아. 네.(BC/continuer)] /oe
2786.620	2788.166	speaker#A	[아. 네. 맞습니다. 예.(BC/affirmative)]
2788.196	2806.125	speaker#B	죽어서도 /os1 이등병이냐. /oe 에? 그렇지 않아요? /os1 지금 /oe 국민 묘지 (4개)/(네 개) 대통령 돌아가신 (4개)/(네 개) 대통령 묘지의 (1년)/(일 년) 관리비가 (400000000, 5000)/(사억, 오천) 입니다. n/ 이게 되겠냐고요. 앞으로 더 대통령 돌아가실 숫자가 늘어나면 돈이 얼마냐고 /os1 그럼 /oe 후손들한테,
2788.721	2790.696	speaker#A	/os1 공통. 공평스럽게. /oe
2792.536	2793.071	speaker#A	/os1 [네.(BC/continuer)] /oe
2804.706	2805.051	speaker#A	/os1 [음.(BC/continuer)] /oe
2806.346	2806.666	speaker#A	[네.(BC/continuer)]
2806.991	2815.596	speaker#B	아 돌아가시고 나서 그런 부담주면 n/ 되나? 지금 뭐 저 공산주의 어떤 중국에 등소평이 같은 사람도 그냥 화장해서 뿌려버려라 이러는데
2815.657	2820.107	speaker#A	네, 해외에서도 공평하게 평수를 하고 있지 않나요?
2820.132	2831.482	speaker#B	제가 /os1 그거 다 /oe 분석해서 가지고 있기도 하고 지난번에 인제 어/ 주요 매체에 뛰어서 한 것도 있는데 미국도 (1. 3평)/(일 점 삼 평)이에요. /os1 또 영연방 국가가 (1. 5평)/(일점오 평)이에요. /oe
2820.277	2821.297	speaker#A	/os1 [그쵸. 네.(BC/affirmative)] /oe
2829.217	2830.652	speaker#A	/os1 음 똑같군요. /oe
2831.631	2832.331	speaker#A	한국만?
2832.833	2842.802	speaker#B	한국만 지금 막 (90평)/(구십 평) (100평)(백 평) 막 묘지 전체에 저/ 봉분만 빼면 그것도 막 몇 십 평이 되고 /os2 뭐 묘지 /oe 전체 묘역까지 하면 뭐,
2840.633	2841.103	speaker#A	/os2 [음.(BC/continuer)] /oe
2842.802	2843.282	speaker#A	[네.(BC/continuer)]
2843.281	2845.821	speaker#B	(200평)/(이백 평)도 있고 막 (100평)/(백 평)도 있고 그래요.
2845.864	2850.184	speaker#A	예예. 어떤 예. 말씀이신지 잘 알거 /os2 같습니다. 네. 음. /oe
2848.664	2855.937	speaker#B	/os2 저도 그래서 그냥 장군묘 /oe 안가고 그래 병사들한테 가가 가겠다고 아예 선포를 하고 제가 그걸 /os1 입법을 /oe 했어요.
2854.639	2855.384	speaker#A	/os1 [아/(BC/understanding)] /oe
2856.105	2857.331	speaker#A	아 /os2 그러셨어요. /oe
2856.979	2862.425	speaker#B	/os2 채명신 /oe 사령관이 그렇게 갔잖아요. /os1 저도 /oe 가겠다 병사들 없는 장군이 무슨 장군이야.
2858.584	2859.719	speaker#A	/os1 [네네네.(BC/continuer)] /oe
2862.469	2864.541	speaker#A	/os2 아. /oe 네네네.
2862.839	2863.629	speaker#B	/os2 죽어서도. /oe
2864.674	2869.104	speaker#B	그래서 저도 아예 그 얘기를 해야 설득력이 있을 것 같애서, /os1 저도 /oe 안가겠다.
2867.904	2868.379	speaker#A	/os1 [아.(BC/continuer)] /oe
2869.259	2874.404	speaker#A	아 /os2 그렇게 말씀을 하고. 아 먼저 그렇게 /oe 예예. /os2 그렇죠. /oe
2869.989	2872.749	speaker#B	/os2 어 병사들 같이 가겠다. 그럼요. /oe
2873.627	2877.867	speaker#B	/os2 아 죽어서 /oe 거기서 무슨 뭐 자꾸 돈 많이 들게 해요 /os2 후손들한테. /oe
2877.507	2880.117	speaker#A	/os2 네. /oe 훌룡한 생각을 갖고 계십니다. 정말. /os1 네. /oe
2879.652	2881.506	speaker#B	/os1 당연한 /oe 거에요. 훌룡한 것도 아니고
2881.522	2901.385	speaker#A	그러시군요. 국민들이 굉장히 믿음이 가고 의원님께 고맙다는 생각이 들 것 같습니다. 너무 마음을 잘 헤아려 주셔서 근데 이제 n/ 아까 세종시 얘기를 했었는데 이제 의원님께서 내년에 총선 출마가 유력하다는 그런 얘기를 들었습니다. 뭐 준비를 하고 계신건지 어떻게 준비를 하시는 건지.
2901.770	2916.568	speaker#B	기회가 주어진다면 나갈텐데 이제 공천 관련된 그런 또 인제 그런 절차도 있고. /os1 지금 /oe 뭐 나간다 안 나간다 말씀하는 것은 적절치 않은데 하여튼 그런 기회가 주어진다면 이제 가서 마지막 정말 /os1 그 /oe
2907.797	2908.212	speaker#A	/os1 [네.(BC/continuer)] /oe
2916.515	2916.795	speaker#C	/os1 [네.(BC/continuer)] /oe
2916.851	2933.479	speaker#B	지금까지는 중앙 /os2 정치에 /oe 안보가 너무 엄중해서 그러는데 /os1 인제는 /oe 그 세종시도 /os2 챙겨가면서 정말 /oe 아까 말씀드린대로 이/ 도시다운 /os2 도시. /oe 정말 인간의 행복을 추구할 수 있는 그런 도시 세계적인 명품 도시로.
2918.726	2919.161	speaker#A	/os2 [네.(BC/continuer)] /oe
2921.361	2921.721	speaker#A	/os1 [네.(BC/continuer)] /oe
2924.061	2924.441	speaker#A	/os2 [네.(BC/continuer)] /oe
2927.911	2928.206	speaker#A	/os2 [네.(BC/continuer)] /oe
2933.619	2934.064	speaker#A	[네.(BC/continuer)]
2934.135	2938.522	speaker#B	만드는데 좀 내 온 힘을 다 기울여 볼 /os1 생각도 /oe 있어요.
2937.750	2938.100	speaker#A	/os1 [네.(BC/continuer)] /oe
2938.673	2945.769	speaker#A	그렇게 되신다면 세종 시민들이 정말 자부심을 갖고 내가 세종시에 사는게 행복하다라는 생각을 갖고 살 수 있게 될 /os1 것 같습니다. /oe
2945.145	2953.652	speaker#B	/os1 뭐 그런 /oe 기대를 해도 좋을 겁니다. 왜냐하면 /os1 저는 /oe 직업정신이 아니고 무슨 뭐 정치논리도 아니고 /os1 이념 /oe 논리도 없고 오로지,
2947.402	2947.827	speaker#A	/os1 [네.(BC/continuer)] /oe
2951.701	2952.001	speaker#A	/os1 [네.(BC/continuer)] /oe
2954.280	2958.729	speaker#B	정말 음/ 군인 /os2 정신으로 /oe 정말 정직하게.
2956.715	2957.060	speaker#A	/os2 [네.(BC/continuer)] /oe
2958.800	2959.216	speaker#A	[네.(BC/continuer)]
2959.227	2965.656	speaker#B	시정도 이끌고 또 세종시를 위해서. /os1 이렇게 /oe 노력할 수 있는 /os1 자신이 /oe 있죠.
2962.507	2962.897	speaker#A	/os1 [네.(BC/continuer)] /oe
2964.427	2964.807	speaker#A	/os1 [네.(BC/continuer)] /oe
2965.862	2983.372	speaker#A	네. n/ 그래서 의원님께서 n/ 저희가 좀 아쉽지만 이제 마지막 질문이 남았습니다 이제. 저희 (JJC)/(제이 제이 씨)지방자치 티비랑 인연을 맺어온지 몇 년이 돼셨는데, /os1 어/ /oe 마지막 질문이 저희 시청자들에게 하시고 싶은 말씀이 있으시다면, n/
2977.662	2978.027	speaker#B	/os1 [음.(BC/continuer)] /oe
2983.875	2991.594	speaker#A	어떤 뭐 안보이야기도 좋으시고 뭐 이제/ 어/ 이제 국민을 위한 이야기도 좋으십니다, 어떠한 이야기를 해 주시고 싶으신가요? n/
2992.643	3007.620	speaker#B	아/ 여러분 정말 반갑습니다. 반갑고 제가 좀 여러가지 말씀을 드렸습니다만 지금 국가가 너무 어려움에 있고, 어/ 산업화 민주화를 거치면서 정말 제가 보기에는,
3008.104	3027.520	speaker#B	제 눈으로 보기에는 정말 전국 방방곡곡이 다 적폐로 그냥 쌓여 있어요. n/ 이걸 어떻게 정말 치울 수 있는 어? 지도자가 나와야 될 것인지 그런 생각도 하고 어/ 전반/ 지금 상황은,
3027.925	3047.145	speaker#B	어디 불평 불만 하는 것보다는 자기 위치에서 자기 위치에서 정말 최선을 다하는 것이 국가를 위한 일이 아닌가 저는 n/ 그래서 여러분들한테 꼭 다짐드리고 싶은 것은 지금까지도 그렇게 왔고 국민과 국가만 생각하고 의정 생활을 해왔지만 나머지 지금 기간도,
3047.706	3057.495	speaker#B	정말 그 다운 국회의원은 국회의원다운 정말 국민들이 볼 때 아 저런 분들은 정말 봉급을 더 줘야 되겠다.(3배)/(세 배)를 더 줘야 되겠다.
3057.892	3075.894	speaker#B	그런 국회의원이 될 수 있도록 정말 최선을 다해서 노력해가 해서, 정말 그 국민들 여러분들이 n/ 그 힘든 생활을 조금이라도 좀 더 편안하고 행복하게 해드릴 수 있는 그런 국회의원이 될 수 있도록 다짐을 드리고 에/ 인사말 맺겠습니다. 감사합니다.
3078.007	3097.406	speaker#A	아/ 정말 의원님이랑 얘기를 지금 계속 나눠 보니까 정말 뼛 속부터 저 국민의 국가 안보와 그리고 국민의 좀 복지 이런 거를 정말 정말 진심으로 신경을 써주시는 것 같아요. 진심으로. 그래서 앞으로도 이제 국민분들이 많은 사랑을 해주시고 응원을 해주실 것 같습니다. 그래서,
3097.751	3107.875	speaker#A	n/ 오늘 정말 바쁘신 와중에 정말 바쁘셨을텐데 와주셔서 너무 감사드리고요. 저희가 다음에 기회가 된다면 좀 자주 나와서 나오셔서 좀 뵐 수 있었으면 좋겠습니다.
3107.937	3108.826	speaker#B	n/ 네. /os1 감사합니다. /oe
3108.132	3109.267	speaker#A	/os1 감사합니다. /oe 네.
3113.270	3127.988	speaker#A	n/ 네. 오늘은 바른 미래당의 문무 겸비 국방안보 전문가이신 김중로 의원님을 모시고 이야기 나누는 시간 가져 봤습니다. 저희 앞으로 더 확 활발한 더욱 활발한 의정 활동을 기대하면서요. 더 인터뷰 마무리 짓도록 하겠습니다.
