0.028	10.150	speaker#A	그러면 이제 블로그도 이제/ 하나의 큰 도전이거든요. 웬만한 사람 하기도 힘들고 지속하기도 힘든데 이걸 해 내셨고. 그 다음에 이제/ 또 하나의 도전. 이제/ 강의를 하셨는데
10.479	21.583	speaker#A	우리가 이제/ 타인들 앞에 서서 이렇게 말을 한다는 것은 굉장히 두려운 /os2 일이에요. /oe 저도 일단 강의할 때 사람들 앞에선 굉장히 막 긴장되고 하는데 예전에 처음 할 때는 정말 죽을 것 만큼 /os2 힘들었어요. /oe
13.860	14.485	speaker#B	/os2 [네.(BC/continuer)] /oe
21.069	21.860	speaker#B	/os2 [어. 맞아요.(BC/affirmative)] /oe
21.854	27.638	speaker#A	아/ 난 죽을 거 같았어요. 나 차라리 지금 죽는 게 좋겠어. 나 음/이 정도까지 /os2 두려웠거든요? /oe 어 앵듀님도 /os2 그러셨나요? /oe
22.734	23.044	speaker#B	/os2 [아.(BC/continuer)] /oe
25.469	26.294	speaker#B	/os2 [예.(BC/continuer)] /oe
27.413	28.613	speaker#B	/os2 예. /oe 저도 그랬어요.
28.613	30.548	speaker#A	이 힘든 강의를 그런데 왜 또 도전하셨어요?
30.593	45.416	speaker#B	아 네 n/ 그니까 이제 저도 이렇게/ 말의 힘 글의 /os1 힘 /oe 이런 걸 이제/ 저도 책을 보고 배우게 /os2 되서 /oe 내가 아는거를 사람들에게 설명해 줄 수 있어야 진짜 아는 거다. /os2 그리고 /oe 그런 걸 설명해주기 위해 공부하는게 진짜 공부가 /os1 되겠더라고요. /oe
33.638	33.848	speaker#A	/os1 [음.(BC/continuer)] /oe
36.038	36.313	speaker#A	/os2 [네.(BC/continuer)] /oe
40.423	40.778	speaker#A	/os2 [음.(BC/continuer)] /oe
44.183	45.358	speaker#A	/os1 되죠. 음 /oe
45.416	58.750	speaker#B	또 사람들이 계속해서 저한테 이제/ 질문을 /os2 하니까 /oe 그거를 좀 제가 공부했던 /os2 방식대로 알려드리면 /oe 어떨까? 하는 생각으로 또 테스트 /os2 삼아 /oe n/ 도전해 봤죠. /os2 그런데 /oe 너무 많이 힘이 /os2 들더라구요. /oe
47.911	48.396	speaker#A	/os2 [음.(BC/continuer)] /oe
51.181	51.611	speaker#A	/os2 [음.(BC/continuer)] /oe
54.616	54.931	speaker#A	/os2 [음.(BC/continuer)] /oe
56.131	56.376	speaker#A	/os2 [네.(BC/continuer)] /oe
57.971	58.741	speaker#A	/os2 그렇게. 음 /oe
58.773	64.862	speaker#A	그렇죠. 많이 힘들죠. 정말 많이 힘들어요. 그렇지만 이거 이제/ 계속하시면서 또 많이 성장도 하셨지요?
64.863	65.564	speaker#B	그럼요. n/ 네.
65.584	73.295	speaker#A	그래요. 그러니까 우리가 살면서 다가오는 이런 문제들. 내가 넘어야 될 것들을 그냥 안해도 상관 없죠. 뭐/
73.295	76.913	speaker#A	/os1 강의 안해도 되고 /oe 블로그 n/ 안해도 되지만 그러면 성장은 거기인 것 같아요.
73.305	74.095	speaker#B	/os1 [네 맞아요.(BC/affirmative)] /oe
76.913	89.243	speaker#A	/os1 그렇지만, /oe 우리 앵듀님은 블로그도 도전했고 또 이 강의라는 어려운 것도 도전 하셔서 계속 이/ 성장해 가고 있는 거죠. 이제 (30대)(삼십 대)시니까 제 나이쯤 되면 이제/ 어마어마한 내공을 가지실 거 같아요.
76.928	77.608	speaker#B	/os1 [맞아요.(BC/affirmative)] /oe
89.312	98.833	speaker#A	자! 그리고 그 다음에 이제/ 도전한게 유튜브에요. 저도 돌이켜보면 처음에 유튜브 할 때 엄청나게 힘들었어요. 몇 번 하다가 너무 힘든거에요. 그래서 한 (6개월)/(육 개월)을 쉬었어요. n/ 나 못하겠다.
99.003	107.188	speaker#A	내가 찍은 /os1 걸 보니까는 못 보겠더라고요. /oe 그러다가 또 어찌어찌하다 (1)/(한) (2개)/(두 개) 올렸다가. 그러면서 저는 그렇게 한 (1년)/(일 년)동안은 방황을 많이 했어요.
99.763	101.798	speaker#B	/os1 [어. 어.(BC/continuer)] /oe
107.188	108.441	speaker#B	어 /os2 그러셨구나. /oe 아.
107.523	121.274	speaker#A	/os2 그만큼 많이 힘들었죠. /oe /os1 그리고 /oe 이제 그 뒤에 시작할 때도 역시 힘들었지만, 하 이제 한 번 해보자! 해보자! 해서 이제/ 왔는데 제가 해보니까는 유튜브는 정말 힘들어요. 그런데 이 또 힘든 도전. 또 왜 하셨어요?
108.503	109.533	speaker#B	/os1 [아.(BC/continuer)] /oe
121.274	125.754	speaker#B	아/ 그런데 저는 그래서 진짜 대단하시다고 /os2 생각하는 게 /oe 유튜브 하는 걸
123.384	123.954	speaker#A	/os2 [응.(BC/continuer)] /oe
125.755	126.055	speaker#A	[네.(BC/continuer)]
126.183	140.223	speaker#B	이제 그냥 시청만 하시는 분들은 이게 얼마나 힘이 들어가는 일인지 모르실 꺼에요. 그런데 저는 이제 유튜브를 제가 몇 번 찍고 /os2 해보고 /oe 나니까 그 뒤로는 너무 이제 n/ 이렇게 촬영을 와도 다 너무 감사한거에요. /os2 찍어주신 /oe 분들
134.730	134.970	speaker#A	/os2 [네.(BC/continuer)] /oe
139.263	140.338	speaker#A	/os2 [음. 그쵸.(BC/continuer)] /oe
140.341	157.302	speaker#B	감사 하고 /os1 편집도 /oe 얼마나 /os2 힘든지 아니까. /oe 그래서 이제 단희샘 이제/ 상담 왔을 때, /os2 유튜브라는 /oe 세상이 이제/ 새로 생겼고 여기 /os2 이런 일이 /oe 벌어지고 있다면서 /os1 또 /oe 제 세상을 /os2 열어주셨어요. /oe 그래서 아/ 유튜브도 한번 해봐야겠다. /os1 하고 이제/ /oe 무작정 이제/ 도전을 했는데,
140.796	141.006	speaker#A	/os1 [음.(BC/continuer)] /oe
141.896	142.386	speaker#A	/os2 [그쵸.(BC/affirmative)] /oe
145.701	146.001	speaker#A	/os2 [음.(BC/continuer)] /oe
148.051	148.456	speaker#A	/os2 [응.(BC/continuer)] /oe
149.266	149.446	speaker#A	/os1 [네.(BC/continuer)] /oe
150.611	150.861	speaker#A	/os2 [음.(BC/continuer)] /oe
153.021	153.456	speaker#A	/os1 [응.(BC/continuer)] /oe
155.380	155.690	speaker#A	[음.(BC/continuer)]
155.759	175.033	speaker#B	사실 또 어렵 많이 /os1 힘이 들고 어렵 또 /oe 저도 제가 이렇게 막 끼가 있는 사람이 /os2 아니더라고요. /oe 그래서 하나하나 찍는걸 제가 기획하고 촬영하고 또 /os2 편집하고 /oe 업로드 하려니까 너무 /os2 힘들었고 /oe 또 이제/ 하다 보니까 좀 세상이 저희가 듣고 싶어하는 얘기와 /os1 제가 /oe 하고 싶어하는 얘기가 /os2 다르더라고요. /oe
157.364	158.689	speaker#A	/os1 그쵸. 많이 힘들어요. /oe
161.344	161.789	speaker#A	/os2 [음.(BC/continuer)] /oe
165.964	166.369	speaker#A	/os2 [음.(BC/continuer)] /oe
168.179	168.689	speaker#A	/os2 [음.(BC/continuer)] /oe
173.139	173.319	speaker#A	/os1 [음.(BC/continuer)] /oe
174.804	176.457	speaker#A	/os2 그쵸? /oe 좀 어떤 갭이 /os1 있죠? /oe
175.893	185.365	speaker#B	/os1 예. 예. /oe 그래서 그거에 대한 이제/ 고민을 너무 많이 /os2 하다보니까 /oe 제가 다른 이제/ 하는 일도 많고 이것까지 이제/ 같이 가지고 /os2 가기가 너무 /oe 버거워서 /os1 지금은 /oe 이제/
178.623	178.988	speaker#A	/os2 [음.(BC/continuer)] /oe
183.173	183.498	speaker#A	/os2 [음.(BC/continuer)] /oe
184.263	184.458	speaker#A	/os1 [네.(BC/continuer)] /oe
185.464	202.074	speaker#B	이제/ 네. 항복. /os2 항복하고 일시중단을 /oe 한 상태이고 /os2 그래도 /oe 제가 이제 뭐 제가 조금 더 이제/ /os1 여유가 /oe 생기고 제가 더/ 내공이 /os1 쌓여서 /oe 시간이나 이런 에너지가 허락이 /os2 된다면 /oe 다시 이제 하고 싶은 제 (To do list)/(투 두 리스트)에요. 아직 /os1 있는 /oe 일이기도 해요.
186.344	187.174	speaker#A	/os2 [응. 응.(BC/continuer)] /oe
188.554	188.814	speaker#A	/os2 [예.(BC/continuer)] /oe
191.969	192.204	speaker#A	/os1 [응.(BC/continuer)] /oe
194.044	194.384	speaker#A	/os1 [응.(BC/continuer)] /oe
197.674	197.999	speaker#A	/os2 [응.(BC/continuer)] /oe
201.104	201.469	speaker#A	/os1 [그래요.(BC/continuer)] /oe
202.149	204.682	speaker#A	음 반드시 다시 해 내실 꺼에요. 지금 하시는 일이 너무 많아요.
204.682	205.082	speaker#B	[하아.(BC/assessment)]
205.082	221.077	speaker#A	지금 갓난 애기도 있고 (2)/(두) 아이의 엄마 잖아요? 그리고 지금 이제/ 책도 쓰시고 또 지금 고시원도 하나있고 또 하나 창업해서 그것 또 (2번째)/(두 번째) 오픈 중이고 강의도 하시고 진짜 몸이 (10개)/(열 개)라도 부족하기 때문에 에/ 하기 힘들죠. 이 유튜브는 정말 많은 에너지가 들어가기 때문에,
221.416	234.036	speaker#A	나중에 다른것들 시스템적으로 안정화 /os2 되시면 /oe 유튜브도 하셨으면 좋겠어요. 자! 그 다음에 이제 또 마지막 도전. 최근 도전중의 또 하나가 이 /os2 책쓰기. /oe 하 최고의 (personal branding)/(퍼스널 브랜딩)하는 방법이죠.
224.346	224.686	speaker#B	/os2 [네.(BC/continuer)] /oe
230.276	230.621	speaker#B	/os2 [네.(BC/continuer)] /oe
234.125	241.688	speaker#A	우리가 책을 쓰게 되면 네이버에서 내 이름을 검색을 하면 내가 딱 노출이 되요. /os1 어떻게 /oe 이렇게 책을 쓰시게 됐어요?
238.286	239.011	speaker#B	/os1 [오.(BC/assessment)] /oe
241.688	252.908	speaker#B	어/ 저는 이제/ 책을 써야겠다는 생각은 하고 /os2 있었는데 /oe 이제/ 되게 나중 /os1 일이라고 /oe 생각을 /os2 했어요. 근데 /oe 제가 이제/ 어떤 책 한권을 봤는데 그 책이 너무 /os2 좋아가지고 /oe
245.778	246.168	speaker#A	/os2 [네.(BC/continuer)] /oe
247.693	247.998	speaker#A	/os1 [응.(BC/continuer)] /oe
248.828	249.428	speaker#A	/os2 [응.(BC/continuer)] /oe
252.333	252.573	speaker#A	/os2 [네.(BC/continuer)] /oe
253.158	266.290	speaker#B	저는 이제/ 좋으면 좋다고 /os2 표현을 /oe 그러니까 표현을 좀 잘하는 /os2 편이거든요? /oe 근데 이제/ 좋아서 그냥 제가 이제/ /os2 블로그에 /oe 이제/ 책이 너무 좋다고 그 좋음을 그냥 있는 그대로 /os1 표현을 했거든요. /oe n/ 그런데 그게 기회가 돼서 /os1 연결이 /oe 돼서
255.053	255.318	speaker#A	/os2 [응.(BC/continuer)] /oe
256.623	256.973	speaker#A	/os2 [네.(BC/continuer)] /oe
259.433	259.793	speaker#A	/os2 [음.(BC/continuer)] /oe
262.472	263.542	speaker#A	/os1 [응. 네.(BC/continuer)] /oe
265.048	265.228	speaker#A	/os1 [네.(BC/continuer)] /oe
266.290	281.190	speaker#B	이제/ 그 출판사 대표님하고 또 /os1 인연이 됐고 /oe 출판사 대표님이 이제/ 제 블로그를 보시고 긍정에너지가 너무 좋은 키워드라고 /os2 생각한다. /oe 그래서 이런 긍정 에너지관련해서 책을 써보면 /os2 어떻겠냐? /oe 제안을 /os2 먼저해주셔서. 네. /oe
267.695	268.910	speaker#A	/os1 [음.(BC/continuer)] /oe
275.590	275.860	speaker#A	/os2 [네.(BC/continuer)] /oe
278.775	279.430	speaker#A	/os2 [아.(BC/understanding)] /oe
280.060	281.150	speaker#A	/os2 그래서 했구나. 네. /oe
281.605	290.595	speaker#B	제 긍정에너지에 대한 생각을 제가 이제/ 그 때부터 좀 /os1 집중해서 /oe 하기 시작했고 제가 이렇게 책을 써보니까 제일 /os2 좋은점은 /oe 제 생각이 정리가 돼서 너무 /os2 좋았어요. 네. /oe
284.155	284.790	speaker#A	/os1 [음.(BC/continuer)] /oe
287.580	288.055	speaker#A	/os2 [음.(BC/continuer)] /oe
289.675	290.530	speaker#A	/os2 [아 그렇죠. 네.(BC/affirmative)] /oe
290.815	291.144	speaker#A	/os1 [음.(BC/continuer)] /oe
290.933	306.983	speaker#B	/os1 그러니까 /oe 글로 어떻게 보면 제 살, 제가 이제 (2015년)/(이천 십 오 년)도 부터 이제/ 이런 생각들을 해서 이 단계 단계 /os1 별로 /oe 이제/ 과정을 밟아온 과정들을 세세하게 이 책에 /os2 담아본다면 /oe 이제/ 이런 과정을 겪고 계신 분들이, /os1 에게도 /oe 도움이 될 거라고 생각을 /os1 했고, /oe
296.839	297.084	speaker#A	/os1 [음.(BC/continuer)] /oe
301.093	301.338	speaker#A	/os2 [네.(BC/continuer)] /oe
304.948	305.213	speaker#A	/os1 [음.(BC/continuer)] /oe
306.518	306.958	speaker#A	/os1 [그렇죠.(BC/affirmative)] /oe
307.058	321.471	speaker#B	그리고 또 이제/ 그 출판사 대표님도 저에게 계속 해주신 /os2 이야기가 /oe 이제 긍정 이런 그러니까 먼저 긍정에너지를 이제/ 생각을 담아 /os1 놓으면 /oe 이 긍정에너지에 공감하는 사람들이 이 책을 /os1 보게 될 것이고 /oe 그것만으로도 너무 가치가 /os2 있는 일이다. /oe
310.358	310.748	speaker#A	/os2 [음.(BC/continuer)] /oe
314.893	315.538	speaker#A	/os1 [음.(BC/continuer)] /oe
317.968	319.178	speaker#A	/os1 [음. 네.(BC/continuer)] /oe
320.528	320.928	speaker#A	/os2 [음.(BC/continuer)] /oe
321.473	322.165	speaker#A	/os2 그러셨군요. /oe
322.165	323.562	speaker#B	/os2 네. /oe 해서 이 책을 /os2 쓰게 /oe 됐어요.
323.035	323.255	speaker#A	/os2 책 /oe
323.562	338.644	speaker#A	그래요. 짧게 마치셨지만 이게 참 대단한 n/ 노력이죠. 또 이건 좀 긴 여정이에요. /os1 그렇지만 /oe 이 책이 나왔고! 보세요 우리 앵듀님도 저기 이 책이 나온 게 어떻게 나왔다 그랬죠? 블로그에 내가 글을 /os2 썼는데 /oe 그 글을 본 출판사 대표님이 러브콜을 하신거죠?
328.792	329.107	speaker#B	/os1 [네.(BC/continuer)] /oe
334.967	335.202	speaker#B	/os2 [네.(BC/continuer)] /oe
338.644	339.015	speaker#B	네.
339.015	348.842	speaker#A	그리고 결국 이렇게 책을 내게 되고 그래서 이 블로그에 글을 쓴다는 거는 나한테 이런 수많은 기회들을 보신분을 통해서 가져오게 돼요. 투자자가 올 수도 있고.
348.842	349.528	speaker#B	[그쵸.(BC/affirmative)]
349.531	363.161	speaker#A	또 이렇게/ n/ 에/ 출판사에서 또 연락이 올 수도 있겠고 어/ 내가 생각지 못한 여러 기회들이 내가 쓴 블로그를 통해서 내 글을 보고 다가옵니다. 나한테. 어/ 온라인 세상에 이렇게/ 글을 쓰고 또 영상을 남기는 것들은
363.390	370.872	speaker#A	가장 좋은 투자인 거 같아요. /os1 어 /oe 내가 어떻게 살지 고민 안해도 그냥 쓰다 보면 이렇게 방법들을 다 가지고 옵니다. 가만히 있으면
364.895	365.320	speaker#B	/os1 [음.(BC/continuer)] /oe
370.872	377.812	speaker#A	그래서 여러분들이 /os1 글과 /oe 말 하는거 꼭 여러분들이 n/ 생활속에 가져오셨으면 좋겠어요. n/ 자 그러면
371.677	372.452	speaker#B	/os1 [네. 맞아요.(BC/affirmative)] /oe
378.132	390.962	speaker#A	어/ 이제/ 이 책에 이제/ 긍정이 열정을 나타낸다. 라고 했잖아요. /os1 그러니까 /oe 아까도 앞에서 얘기했지만 우리가 이런 긍정적인 마인드 또 긍정적인 태도만 같고 있다고 하면 세상에 못할 게 /os1 없죠. /oe
382.772	382.957	speaker#B	/os1 [네.(BC/continuer)] /oe
390.361	391.246	speaker#B	/os1 [네. 그쵸(BC/affirmative)] /oe
391.377	400.324	speaker#A	근데 말이 쉽지. 이런 /os1 긍정적인 /oe 생각을 유지하기가 정말 쉽지 /os2 않은데 /oe 이런 이제/ 긍정적인 생각. 아/ 어떻게 만들어가야 될까요?
392.832	393.302	speaker#B	/os1 [그쵸.(BC/affirmative)] /oe
395.822	396.207	speaker#B	/os2 [네.(BC/continuer)] /oe
400.325	408.290	speaker#B	네. /os2 저는 /oe 원래는 그러니까 원래도 좀 /os2 긍정적으로 /oe 생각했던 사람인데 그게 저의 강점인지는 /os2 몰랐고. /oe
400.619	401.329	speaker#A	/os2 긍정 /oe
404.410	404.700	speaker#A	/os2 [음.(BC/continuer)] /oe
407.480	407.945	speaker#A	/os2 [네.(BC/continuer)] /oe
408.290	426.029	speaker#B	다른 사람에게도 별로 관심이 없던 /os2 사람이어서 /oe 다른사람도 다 저처럼 생각하는 줄 /os2 알았어요. /oe 그런데 이제/ 긍정적인 생각하는게 되게 중요한다는 거를 책을 보고 알게 된 /os2 거에요. /oe 어/ 뭐/ 부자관련 책들 /os2 보면 /oe 다 공통적으로 들어가 있는게 긍정적인 /os2 마음가짐 /oe 중에서 되게 많이 공통적이잖아요.
411.226	411.516	speaker#A	/os2 [네.(BC/continuer)] /oe
413.460	414.145	speaker#A	/os2 [음/(BC/understanding)] /oe
417.945	418.295	speaker#A	/os2 [음.(BC/continuer)] /oe
420.405	420.805	speaker#A	/os2 [네.(BC/continuer)] /oe
423.245	423.615	speaker#A	/os2 [맞아요.(BC/affirmative)] /oe
426.354	443.499	speaker#B	그게 이제 왜 그런가 제가 또 곰곰히 생각을 /os2 했더니 /oe 이제/ 긍정적으로 생각을 해야 도전 할 수가 있고 /os1 뭔가를 /oe 해야 잘 할 수 있고 /os1 잘하니까 /oe 또 하고 또 하니까 되고 /os1 되니까 /oe 또 하고 이게 n/ /os1 선 선순환이 되는 거거든요. 에/ 그래서 /oe 보면은 주위에 하던 사람만 계속 뭔가를 /os1 하잖아요? 그쵸? /oe
428.764	429.074	speaker#A	/os2 [음.(BC/continuer)] /oe
431.684	431.879	speaker#A	/os1 [네.(BC/continuer)] /oe
433.254	433.409	speaker#A	/os1 [네.(BC/continuer)] /oe
435.504	435.799	speaker#A	/os1 [그쵸.(BC/affirmative)] /oe
436.754	439.239	speaker#A	/os1 그쵸. 그렇죠. 선순환이 만들어지겠죠? /oe
442.123	442.783	speaker#A	/os1 음. 네. 맞아요. /oe
443.820	450.510	speaker#B	그게 이제/ 그게/ 선순환을 만든 /os2 사람들은 /oe 이제/ 그 기, 궤도에 /os2 오른건데 /oe 그럴려면은 이제/ 그 시작점은
445.685	445.830	speaker#A	/os2 [음.(BC/continuer)] /oe
448.100	448.330	speaker#A	/os2 [음.(BC/continuer)] /oe
450.730	464.990	speaker#B	긍정적으로 생각을 먼저 해야 /os1 실행을 /oe 할 수가 /os2 있고 /oe 그 작은 성공을 처음 맛을 봐야 /os1 또 /oe 하고 싶은 이제/ 생각을 하게 /os2 되거든요? /oe 그러니까 이제/ 그 작은 성공을 계속해서 키워 /os2 나가면서 /oe 계속해서 뭔가를 도전을 해 보는 /os2 거에요. /oe
452.820	453.055	speaker#A	/os1 [음.(BC/continuer)] /oe
454.025	454.370	speaker#A	/os2 [네.(BC/continuer)] /oe
456.995	457.205	speaker#A	/os1 [음.(BC/continuer)] /oe
458.855	459.140	speaker#A	/os2 [네.(BC/continuer)] /oe
462.105	462.505	speaker#A	/os2 [음.(BC/continuer)] /oe
464.425	464.825	speaker#A	/os2 [음.(BC/continuer)] /oe
465.773	476.668	speaker#B	그리고 그럴려면은 자, 자기자신을 긍적적인 /os2 상태에 /oe 세팅을 해놔야 /os2 되는데 /oe 그럴려면 주위탓을 하지말고 내가 먼저 /os2 긍정을 /oe 뿜뿜해야 돼요.
470.528	470.833	speaker#A	/os2 [음.(BC/continuer)] /oe
471.873	472.178	speaker#A	/os2 [네.(BC/continuer)] /oe
475.468	475.783	speaker#A	/os2 [음.(BC/continuer)] /oe
476.751	477.325	speaker#A	음. /os2 뿜뿜. /oe
477.325	483.588	speaker#B	/os2 예 /oe 그래서 제 스스로가 긍정적인 상태에서는 남에게도 먼저 긍정적으로 /os1 다가 /oe 갈 여유가 /os2 생겨요 /oe.
482.230	482.480	speaker#A	/os1 [음.(BC/continuer)] /oe
483.250	484.010	speaker#A	/os2 [음. 그렇구나(BC/affirmative)] /oe
484.019	492.069	speaker#B	근데 이/ 긍정 아우라로 주변 사람들을 다 /os1 긍정으로 /oe 물들이게 /os2 하면서 /oe 이제/ 그 긍정 에너지를 점점 /os2 확산시켜 /oe 나가는 /os2 거죠. /oe
486.199	486.449	speaker#A	/os1 [음.(BC/continuer)] /oe
487.594	487.959	speaker#A	/os2 [네.(BC/continuer)] /oe
490.744	491.114	speaker#A	/os2 [음.(BC/continuer)] /oe
491.755	492.631	speaker#A	/os2 [네. 맞아요.(BC/affirmative)] /oe
492.631	503.140	speaker#B	저는 저 먼저 긍정적으로 생각하는게 무기라는 걸 깨닫고 /os1 부터는 /oe 이걸 좀 더 의식하고 /os2 훈련해서 /oe 매일같이 이제/ 기분을 제가 좋게 /os2 할려고 노력을 하고 /oe
496.026	496.781	speaker#A	/os1 [음.(BC/continuer)] /oe
498.601	498.976	speaker#A	/os2 [음.(BC/continuer)] /oe
501.846	502.816	speaker#A	/os2 [그러시구나.(BC/affirmative)] /oe
503.630	508.959	speaker#B	네, 또 기분이 안좋을 때도 많고. /os2 힘든 일도 /oe n/ 많고 /os1 걱정도 /oe 되게 많아요. /os2 그럴때는 /oe
506.105	506.355	speaker#A	/os2 [그렇죠.(BC/affirmative)] /oe
507.035	507.240	speaker#A	/os1 [음.(BC/continuer)] /oe
508.215	508.720	speaker#A	/os2 [맞아요.(BC/affirmative)] /oe
509.234	525.799	speaker#B	계속해서 저와 대화를 하죠. /os1 어 /oe 뭐 때문에 기분이 안좋지? /os2 뭐가 /oe 걱정 되지? 그럼 /os1 이 걱정을 /oe 해결 할려면 어떻게 해야 되지? 방법을 찾고 고민하고 /os1 하면서 /oe 저를 먼저 긍정적으로 만들고 제가 이제/ 기분이 좋으면 /os1 여유가 /oe 생겨서 주변사람들까지 이제/ 긍정으로 /os1 계속 이제 /oe 물을 들여가는 작업을 하고 있는 /os1 거 같애요. /oe
510.569	510.964	speaker#A	/os1 [음.(BC/continuer)] /oe
512.324	512.589	speaker#A	/os2 [네.(BC/continuer)] /oe
513.524	514.139	speaker#A	/os2 [어.(BC/continuer)] /oe
517.104	517.549	speaker#A	/os1 [음.(BC/continuer)] /oe
520.734	520.994	speaker#A	/os1 [네.(BC/continuer)] /oe
522.834	523.219	speaker#A	/os1 [음.(BC/continuer)] /oe
524.674	525.734	speaker#A	/os1 [음. 맞아요.(BC/affirmative)] /oe
526.281	541.689	speaker#A	그건 이제 노력이 필요한 거 같아요. 그래서 우리가 이제/ 긍정적인 에너지를 갖고 있으면 좋아 보이잖아요. 매력이. 긍정적인 사람만큼 매력적인 사람이 없는 거 같아요. 그럼 그런 매력적인 사람들 한테는 또 좋은 사람들이 모이잖아요. 그러니까 저절로 이 좋은 인맥이 또 /os2 형성이 되죠. /oe
540.286	541.541	speaker#B	/os2 [네. 맞아요. 네.(BC/affirmative)] /oe
541.689	548.562	speaker#A	그래서 이 긍정에너지 긍정적인 생각은 노력이 좀 필요한 거 /os2 같아요. /oe 이것도 습관인 거 같아요. /os2 그죠? /oe
546.554	546.869	speaker#B	/os2 [네.(BC/continuer)] /oe
547.794	548.584	speaker#B	/os2 네. 맞아요. /oe
548.646	552.481	speaker#A	그래서 긍정에너지. 우리 앵듀님 말씀하신대로 그렇게 한 번 만들어보시기 바랍니다.
552.880	565.411	speaker#A	어/ 우리가 지금 여러가지 얘기를 하고 있지만 결국 우리 앵듀님이 이렇게 많은 일을 해내고 또 앞으로 많은 일을 해낼 수 있는 가장 큰 힘 중에 하나는 결국 독서 책을 통해서 /os2 이런 것들을 /oe 더 알게 되신 거잖아요?
563.200	563.455	speaker#B	/os2 [네.(BC/continuer)] /oe
565.416	565.916	speaker#B	[네 맞아요.(BC/affirmative)]
565.919	576.409	speaker#A	어/ 생각도 바뀌고 태도도 /os2 바뀌고 /oe 관점도 /os2 바뀌고 /oe 책이 너무 중요한 거 같아요. 그래서 궁금한데 우리 앵듀님한테 내가 살면서 나한테 영향을 준 인생 책.
567.409	567.674	speaker#B	/os2 [네.(BC/continuer)] /oe
568.664	568.994	speaker#B	/os2 [네.(BC/continuer)] /oe
577.044	583.169	speaker#A	우리 시청자분들도 많이 궁금해 하실거 /os2 같은데, /oe 일단 한 (3개)/(세 개)정도 /os1 어/ /oe 소개 부탁드릴께요.
579.219	579.759	speaker#B	/os2 [음.(BC/continuer)] /oe
581.409	581.819	speaker#B	/os1 [네.(BC/continuer)] /oe
583.260	588.054	speaker#B	/os1 네 /oe 저는 초반에는 정말 /os1 책을 /oe 책만 계속해서 읽었거든요?
583.290	583.655	speaker#A	/os1 [음.(BC/continuer)] /oe
585.690	586.025	speaker#A	/os1 [음.(BC/continuer)] /oe
588.054	588.382	speaker#A	[네.(BC/continuer)]
588.382	597.656	speaker#B	이제/ 그/ 생각을 바꾸기 /os2 위해서 /oe 그리고 모든 지출이 다 저에게 의미가 없어진 /os2 거에요. /oe 가장 가치있는 일이 책이 가장 /os2 가성비가 /oe 좋다고 /os2 생각했어요. /oe
589.757	590.137	speaker#A	/os2 [응.(BC/continuer)] /oe
593.922	594.207	speaker#A	/os2 [네.(BC/continuer)] /oe
596.337	596.697	speaker#A	/os2 [음.(BC/continuer)] /oe
597.077	597.642	speaker#A	/os2 [맞아요. 네.(BC/affirmative)] /oe
597.958	602.888	speaker#B	누군가의 나보다 훨씬 더 좋은 생각을 하는 사람의 생각이 글로 담겨 있는 /os1 거잖아요. /oe
602.083	602.863	speaker#A	/os1 [음. 맞아요.(BC/affirmative)] /oe
603.023	610.302	speaker#B	그래서 그거를 읽음으로써 내가 그사람을 만날 수는 없지만 그 사람과 대화를 한다는 생각으로 /os1 책을 /oe 이제 막 정말 미친듯이 /os2 읽었거든요. /oe
607.968	608.218	speaker#A	/os1 [음.(BC/continuer)] /oe
609.763	610.223	speaker#A	/os2 [음.(BC/continuer)] /oe
611.184	624.741	speaker#B	근데 그래서 너무너무 좋은 책은 많고 사실 책 자체는 다 좋다고 생각을 /os1 해요. /oe 근데 이제/ 가장 좀 저에게 충격. 제 생각을 /os2 바꿔놓은 책을 /oe 제가 생각해 /os2 봤더니, /oe 이제/ (Robert Kiyosaki)/(로버트 기요사끼)의 부자들의 /os2 음모. /oe
615.435	616.020	speaker#A	/os1 [음. 네.(BC/continuer)] /oe
620.364	620.689	speaker#A	/os2 [음.(BC/continuer)] /oe
621.954	622.224	speaker#A	/os2 [네.(BC/continuer)] /oe
624.194	624.734	speaker#A	/os2 [아.(BC/assessment)] /oe
624.801	626.103	speaker#A	/os1 부자의 음모? 음. /oe
624.815	638.296	speaker#B	/os1 이 부자의 대해 네. /oe 읽고는 저는 이제 굉장히 긍정적으로 생각하는 /os2 사람들이였기 /oe 때문에 좀 너무 이거 시선이 삐딱한거 /os2 아닌가! /oe 이렇게까지 세상을 삐딱하게 살 필요가 있을까? 라고 굉장히 좀 책이 /os2 거북했어요. /oe
629.185	629.525	speaker#A	/os2 [음.(BC/continuer)] /oe
633.290	633.590	speaker#A	/os2 [네.(BC/continuer)] /oe
638.395	639.122	speaker#A	/os2 [아. 그러셨구나.(BC/understanding)] /oe
639.122	644.734	speaker#B	근데 보면은 거북한 책이 좀/ 제 생각을 바꾸기에는 도움이 되는 /os2 책들이더라고요. /oe
643.452	646.132	speaker#A	/os2 맞아요. 어. /oe 내가 뭔가 거북했을 때.
646.434	652.389	speaker#A	내 생각하고 다른 /os2 거잖아요. /oe 에/ 거기서 이제 충돌이 /os2 일어나는데, /oe 좀/ 거북한 책을 골라서 읽는 것도 좋은 거 /os1 같아요. 어 /oe
647.409	647.759	speaker#B	/os2 [네.(BC/continuer)] /oe
649.174	649.819	speaker#B	/os2 [네. 맞아요.(BC/affirmative)] /oe
651.638	653.961	speaker#B	/os1 네. 그게 /oe 더 성장하는 /os1 그래서 /oe
653.343	653.953	speaker#A	/os1 [맞아요.(BC/affirmative)] /oe
654.286	665.041	speaker#B	한/ 이/ 이사/ 그리고 막 저는 이제/ 부자도 굉장히 좋다고 생각하는 사람이였는데 너무 부자들에 대해서 막/ /os2 부자들을 /oe 음모론자처럼 /os2 몰아가니까 /oe 좀 불편 많이 했었는데 지금은 이제 이 책의
659.556	659.816	speaker#A	/os2 [음.(BC/continuer)] /oe
661.581	662.056	speaker#A	/os2 [음.(BC/continuer)] /oe
665.463	668.728	speaker#B	저자가 얘기하는 /os1 게 맞다는 거를 확신하고 있거든요. /oe
666.523	668.728	speaker#A	/os1 [음. 아. 그렇군요. 네.(BC/affirmative)] /oe
668.754	669.754	speaker#A	부자들들의 음모! /os1 또 /oe
669.658	674.838	speaker#B	/os1 제 /oe 생각. 불편했지만 제 생각을 확 바꿔주는 /os2 책이고, /oe (2번째)/(두 번째)는 이제 나는 이 일을 왜 하는가?
672.233	672.773	speaker#A	/os2 [음. 네.(BC/continuer)] /oe
674.950	676.093	speaker#A	/os2 아하. /oe 네.
675.245	675.530	speaker#B	/os2 [네.(BC/continuer)] /oe
676.143	684.633	speaker#B	이 책을 읽고는 왜가 중요한지를 /os2 알게 됐어요. /oe 그래서 굉장히 사소하게도 계속 제 일상에서 왜 /os2 라는 질문을 /oe 스스로에게 /os2 해요. /oe
678.378	679.293	speaker#A	/os2 [네. 네.(BC/continuer)] /oe
682.893	683.238	speaker#A	/os2 [음.(BC/continuer)] /oe
684.223	684.483	speaker#A	/os2 [네.(BC/continuer)] /oe
684.633	696.280	speaker#B	심지어는 설거지는 왜 하는가? n/ 하기 싫으면 이제/ 하기 싫으면 하기 /os1 싫잖아요. 귀찮으면, /oe 왜 하는가 /os1 그러면 /oe 그 왜에 대한 이유를 찾으면 좀더 뭔가 행동을 할 때 빨리빨리 정확하게
688.843	689.598	speaker#A	/os1 [네. 네.(BC/continuer)] /oe
691.023	691.263	speaker#A	/os1 [음.(BC/continuer)] /oe
696.280	697.168	speaker#A	/os2 [맞아요. 네.(BC/affirmative)] /oe
696.435	697.305	speaker#B	/os2 되는 거 같아요. 네. /oe
697.169	709.574	speaker#B	네. 그래서 계속해서 오늘도 인터뷰 오면서 /os1 그럼 나는 /oe 인터뷰에 왜 오지? 막 /os2 이런식으로 /oe 제 스스로에게 계속 왜라는 /os2 질문을 던지면서 /oe 좀 더 내가 이걸 왜하고 어떻게 해야 되는지에 대한 명확성을 /os1 가지고 /oe 갈려고 이제/ 노력을 하고 있는 /os1 것 /oe 같고요.
699.419	699.859	speaker#A	/os1 [음.(BC/continuer)] /oe
700.844	701.379	speaker#A	/os2 [음.(BC/continuer)] /oe
702.964	703.629	speaker#A	/os2 [음.(BC/continuer)] /oe
707.229	707.454	speaker#A	/os1 [네.(BC/continuer)] /oe
708.869	709.229	speaker#A	/os1 [네.(BC/continuer)] /oe
709.611	721.281	speaker#A	이 책에 보면 그런게 있더라고요. 그래서 이제/ 내가 왜 일을 하는가에 대해서 명확해지면 그/ 이제/ 뭔가 이렇게/ 계속할 수 있는 힘. /os2 그죠? (GRIT)/(그릿)이라고 /oe 하잖아요. 그 힘이 이제/ 이 왜에 대한 답을 찾으면
717.546	718.976	speaker#B	/os2 [아. 네.(BC/continuer)] /oe
721.321	731.471	speaker#A	포기하지 않고 꼭 이제/ 쭉 할 /os1 수 있다고 /oe 하더라고요. 그래서 저도 이책 읽어봤는데 너무 /os2 좋더라고요. 그래서 /oe 우리 시청자분들도 한 번 읽어보시기 /os1 바랍니다. /oe 자 그럼 또 마지막으로 한 권 더 /os2 소개시켜주세요. /oe
722.841	723.366	speaker#B	/os1 [아/(BC/understanding)] /oe
725.996	726.706	speaker#B	/os2 [아/(BC/understanding)] /oe
728.196	728.931	speaker#B	/os1 [음. 네.(BC/continuer)] /oe
730.866	740.591	speaker#B	/os2 아 그리고 이제 /oe (3권)/(세 권)보다 저는 /os1 이제 /oe (2권)/(두 권)이 /os1 이/ /oe 이/ (2개)/(두 개)는 저에게 생각을 약간 바꿔준 /os1 책이고 /oe 실질적으로 이제 도움이 됬던 책은 이제 단희님의 n/
732.901	733.301	speaker#A	/os1 [네.(BC/continuer)] /oe
733.871	734.086	speaker#A	/os1 [네.(BC/continuer)] /oe
736.831	737.121	speaker#A	/os1 [네.(BC/continuer)] /oe
740.596	743.512	speaker#A	n/ /os1 아/ 너무 쑥스러운데 네 /oe
741.125	752.915	speaker#B	/os1 아/ 예 여기두 /oe 제가 (2번)/(두 번)이나 나와요. /os1 제가 기뻐서 /oe 제가/ 이렇게 /os1 포스트잇까지 /oe 붙여놨는데 이 책이 어쨌든 n/ 되게 /os1 평범하셨잖아요. /oe 에/ 평범하셨던 분이
744.965	745.495	speaker#A	/os1 [음.(BC/continuer)] /oe
746.385	747.010	speaker#A	/os1 [음.(BC/continuer)] /oe
751.225	751.510	speaker#A	/os1 [네.(BC/continuer)] /oe
753.184	765.150	speaker#B	정말 (-)/(마이너스)에서 n/ 이렇게 (jump up)/(점프업)하신 이거에서 되게 저도 많이 동기부여를 /os2 받았고 희망을 /oe 얻었고 또 단계별로 잘 설명이 돼 있어서 공감이 되게 많이 /os1 갔어요. /oe 그래서
759.500	759.795	speaker#A	/os2 [음.(BC/continuer)] /oe
763.805	764.550	speaker#A	/os1 [음. 네.(BC/continuer)] /oe
765.215	777.466	speaker#B	제가 이제/ 뭐 할 때 벽에 부딪히고 /os1 할 때, /oe 이 책을 보면서 그럼 나는 지금 어디에 있나? /os1 앞으로 /oe 어떤 생각을 해야되나? 방향성을 잡을려고 한번씩 이제 /os1 읽는 /oe 저의 이제/ 실질적인 도움을 주는 /os1 책이에요. /oe
767.425	767.680	speaker#A	/os1 [음.(BC/continuer)] /oe
770.490	770.945	speaker#A	/os1 [음.(BC/continuer)] /oe
773.605	774.125	speaker#A	/os1 [음.(BC/continuer)] /oe
776.775	777.180	speaker#A	/os1 [음.(BC/continuer)] /oe
777.466	791.696	speaker#A	감사합니다. n/ 목소리가 좀 커졌네 에/ 그래요. 오늘 이제 앵듀님 모시고 그 긍정에너지들 옆에서 있기만 해도 막 느껴지거든요. 사람은 기의 흐름이 있는 거 같아요. 그래서 옆에 이런 분 옆에 있는 것 만으로도 힘이 막 힘이 생겨요.
791.855	806.166	speaker#A	그래서 여러분도 이런 긍정적인 에너지 갖고 있으면 좋은 분들이 /os1 끌려오고 /oe 또 나도 이런 긍정적 힘으로 어/ 이뤄낼 수 있는 것들이 너무 많거든요. 그런데 이런 긍정 에너지를 일정하게 해서 유지해야 된다는 게 되게 /os2 힘들잖아요. 그래서/oe
795.616	795.816	speaker#B	/os1 [네.(BC/continuer)] /oe
805.286	806.116	speaker#B	/os2 [그럼요. 네.(BC/affirmative)] /oe
806.244	817.556	speaker#A	이 책 읽어보시면 여러분들의 긍정에너지를 (1단계)/(한 단계) 레벨 업 할 수 있을 거에요. 그래서 그 힘으로 잘 사실 수 있으니까 긍정이 열정을 압도한다. 한번 읽어보시기 바랍니다. 오늘 이렇게 나와주셔서 감사합니다.
817.556	818.896	speaker#B	네 /os2 감사합니다. /oe
818.416	818.841	speaker#A	/os2 [네.(BC/continuer)] /oe
826.750	839.025	speaker#A	네! 오늘 정보 도움이 좀 되셨나요? 앞으로도 이런 정보 계속 받아 보실 분은요. 여기 구독 어/ 부탁드리고요. 그 다음에 에/ 오른쪽은 제가 추천하는 영상입니다. 꼭 (1번)/(한 번) 보시기 바랍니다.
