0.048	4.546	speaker#A	n/ 이미 (4월)/(사 월)부터 채권 시장은 핵심 테마 중에 하나가 연준에 대한 불신이에요.
4.546	5.032	speaker#B	n/ [음.(BC/continuer)]
5.032	9.546	speaker#A	n/ 진짜 니들 그렇게 할 수 있어? 그러면 사실 채권 시장 입장에서는 반대로 슬슬
10.397	17.804	speaker#A	n/ 매수 n/ 시점이 될 수도 /os2 있다. /oe 왜냐면 매파성 고점이란 이야기는 더 강해지지는 않을 거고 경기가 꺾일 거다라는 이야기기 때문에
11.677	11.992	speaker#B	/os2 [음.(BC/continuer)] /oe
17.804	18.291	speaker#B	n/ [음.(BC/continuer)]
18.291	28.804	speaker#A	n/ 아까 말씀드렸던 대로 점점 미국 장기채는 꽤나 좀 매력적으로 각 바뀌고 있는데 n/ 그거는 반대로 말하면 다른 자산 입장에서는 조금 불편한
29.118	29.606	speaker#B	n/ [그러겠죠.(BC/affirmative)]
29.621	30.420	speaker#A	n/ 장세인 거죠.
30.455	33.606	speaker#B	음. n/ 채권을 되게, 되게 싸게 살 수 있는!
33.606	34.263	speaker#A	n/ [예.(BC/continuer)]
34.263	40.407	speaker#B	n/ 기회가 계속 온다라는 거는 다른 자산 쪽에 돈이 흘러갈 여유를 주지 않는다!
40.407	40.929	speaker#A	n/ [맞습니다.(BC/affirmative)]
40.929	47.340	speaker#B	n/ 이렇게 보는 /os2 거잖아요? 그쵸? /oe
41.791	42.431	speaker#A	/os2 [네 맞습니다.(BC/affirmative)] /oe
42.709	47.294	speaker#C	n/ 네. 그중에 그러면 어/ 뭘 사면 돼요? n/
47.340	49.325	speaker#A	n/ 아/ 이게 이제
53.937	61.805	speaker#C	자! 강승원 저/ n/ 책임연구원님 모시도록 하겠습니다.(NH)/(엔 에이치)투자증권에서 오셨죠? /os2 어서 오십시오! 네. /oe 반갑습니다.
60.033	61.908	speaker#A	/os2 네. 안녕하세요. 네. /oe
61.985	67.225	speaker#B	n/ 연준 얘기를 진짜 집중적으로 좀 해봐야 될 것 n/ 같은데, /os1 그쵸? /oe
66.570	67.195	speaker#A	/os1 [음.(BC/continuer)] /oe
67.842	76.416	speaker#A	저에게 n/ 그/ 일단은 여기 아마 방송을 보시는 분들 대부분 주식에 덤 좀 더 /os2 관심이 많으신 분들이실거라 /oe
74.747	75.722	speaker#B	/os2 대부분! 네. /oe
76.507	76.767	speaker#B	[네.(BC/continuer)]
77.402	81.795	speaker#A	뭔가 주식 시장을 n/ 보실 때 어떤 도움을 드릴 수 있을 거 같냐면!
81.822	82.062	speaker#B	[음.(BC/continuer)]
82.333	86.783	speaker#A	되게 약간 채권 시장의 아픔을 n/ 공유하는게 제일 n/ 좋을 것 같은데 무슨 /os2 얘기냐면 /oe n/
85.718	86.652	speaker#B	/os2 진짜 아프죠. /oe 지금!
87.577	92.447	speaker#A	뭐 (4월)/(사 월)달에 뭐/ (NASDAQ)/(나스닥)이 역사상 (4번째)/(네 번째) 하락폭을 /os2 기록했다라고들 /oe 하지만
91.137	91.522	speaker#B	/os2 [네.(BC/continuer)] /oe
92.888	97.703	speaker#A	채권 시장은 지수 기준으로 (YTD)/(와이티드)로 n/ 연초 이후 (4월)/(사 월)까지 수익률이
98.025	101.440	speaker#A	역사상 가장 안 좋습니다. /os1 역사상 /oe 가장 안 좋고 n/
99.880	100.160	speaker#B	/os1 [예.(BC/continuer)] /oe
101.859	105.244	speaker#A	채권 시장의 교과서가 다시 쓰여지고 있다란 말씀을 /os1 드리는데 /oe
104.549	105.234	speaker#B	/os1 그러니까 /oe
105.716	116.045	speaker#A	저희가 교과서를 보면 (70년대)/(칠십 년 대)후반에 볼커라는 아저씨가 있었고 n/ 이 분이 물가 잡겠다고 채권 시장을 학살했다라는 /os1 채권 /oe 시장 대학살 /os1 뭐/ 이런 표현을 /oe
113.857	114.222	speaker#B	/os1 [네.(BC/continuer)] /oe
115.043	116.049	speaker#B	/os1 학살자죠. 학살자. /oe
116.541	119.617	speaker#A	쓰잖아요? 그때보다 훨씬 더 수익률이 안 좋습니다.
119.662	119.937	speaker#B	[어.(BC/continuer)]
120.244	126.041	speaker#A	n/ 아/ 올해 연초 이후 (4월)/(사 월)까지 미국 n/ 채권시장은 다시 한번 학살을 당했다고 보는데
126.042	126.437	speaker#B	[네.(BC/continuer)]
126.835	131.130	speaker#A	그러면 핵심은! 왜 그랬을까? 왜 우리가 당했을까라는 게 핵심인데
131.130	131.651	speaker#B	[음.(BC/continuer)]
131.961	139.554	speaker#A	이런 거죠. 보통 저 같은 채권쟁이도 그렇고 기자분들 중에 연준 정책을 전망하시는 분도 그렇고
139.554	140.016	speaker#C	[음.(BC/continuer)]
140.016	144.806	speaker#A	모든 연준을 보는 사람들이 공유하는 한 가지 중요한 기준이 /os2 뭐냐면 /oe
144.356	144.791	speaker#B	/os2 [네.(BC/continuer)] /oe
145.979	158.195	speaker#A	물가 때문에 금리를 올릴 수 있지! 그래도 적어도 중앙은행 입장에서 경기 침체를 각오하진 않을 거다! 그/ 흔히 말하는 /os2 경기 침체와의 /oe 거리두기를 하면서
156.020	156.449	speaker#C	/os2 [음.(BC/continuer)] /oe
159.220	163.503	speaker#A	금리를 올릴거야라는 /os1 게 /oe 기본적인, 저희가 가진 상식이에요.
161.085	161.520	speaker#C	/os1 [음.(BC/continuer)] /oe
163.503	163.908	speaker#B	[그렇죠.(BC/affirmative)]
163.908	167.903	speaker#C	n/ 경기 침체까지 떠 안으면서 /os2 금리 /oe 올리지 않을 거라는 /os1 거죠? /oe 네.
165.543	165.928	speaker#A	/os2 [맞습니다.(BC/affirmative)] /oe
166.822	167.337	speaker#A	/os1 맞습니다. /oe
168.029	176.009	speaker#A	그런데 채권 시장이 그 논리를 가지고 (3월)/(삼 월) 달에 그리고 (4월)/(사 월)달에 채권에 대해서 접근하다가 어디서 어긋났냐면
176.703	179.503	speaker#A	만약에 그런 논리가 통용되는 보통의 시장이라면
179.513	179.853	speaker#C	[으흠.(BC/continuer)]
180.007	181.637	speaker#A	금리의 고점은 어디서 잡히냐!
182.451	187.139	speaker#A	이 (level)/(레벨) 정도의 금리면 경기가 이제 꺾이기 시작합니다라고 판단이 들면!
187.139	187.479	speaker#B	[네.(BC/continuer)]
187.720	189.026	speaker#A	그때부턴 금리가 잡혀야 돼요!
189.026	189.351	speaker#B	[예.(BC/continuer)]
189.725	199.985	speaker#A	그런데 반대의 경우! 그니까 흔히 말하는 판때기가 바뀌는 건데 연준이 의도를 가지고 경기를 어쨌든 꺾어서라도 물가를 잡겠다라고 하는 (stance)/(스탠스)가 되면
199.985	200.317	speaker#C	[음.(BC/continuer)]
200.317	205.966	speaker#A	금리는 반대로 어디까지 올라가야 되냐면 경기를 분명하게 꺾는 (level)/(레벨)까지 올라가야 /os2 됩니다. /oe
205.472	205.972	speaker#C	/os2 [음.(BC/continuer)] /oe
207.186	212.936	speaker#A	그게! 볼커가 했던 거고 이번에 채권 시장이 경험했던 /os2 거예요. /oe 그니까 무슨 얘기냐면
211.151	211.455	speaker#C	/os2 /os2 [음.(BC/continuer)] /oe /oe
213.371	223.957	speaker#A	연준은 지금 굉장히 어려운 (dilemma)/(딜레마)에 빠진 게 그니까 쉽게 말씀드려서 뭐/ 경제에 대한 전문적인 지식이 없으셔도 간단하게! 대학생이다 생각해 보시면
224.710	232.150	speaker#A	경제에는 선행 지표가 있고 동행 지표가 있고 후행 지표가 있다! 근데 지금 상황은 실업률과 물가라고 하는
232.833	235.878	speaker#A	대표적인 후행 지표가 역사적으로 제일 /os2 뜨겁고 /oe
235.468	235.863	speaker#B	/os2 [네.(BC/continuer)] /oe
236.569	243.624	speaker#A	선행 지표는 계속 빠지고 있고 이런 상황에서 연준은 역사상 가장 빠른 속도의 긴축을 하려고 합니다.
245.138	254.313	speaker#A	그러면 누가 봐도! 누가 봐도! n/ 선행 지표는 안 좋고 후행 지표는 역사적으로 뜨거운데 긴축의 속도는 또 역사적으로 빨라!
255.281	257.546	speaker#A	누가 봐도 (hard landing)/(하드랜딩) 가능성을
257.690	258.010	speaker#B	[음!(BC/continuer)]
258.239	259.743	speaker#A	생각하지 않을 수 /os2 /os2 없는데! /oe /oe
259.384	259.729	speaker#B	/os2 [네.(BC/continuer)] /oe
259.713	260.037	speaker#C	/os2 [음.(BC/continuer)] /oe
260.411	272.466	speaker#A	연준은 중앙은행이다 보니까 (hard landing)/(하드랜딩)은 아니야란 이야기도 해야 되고 동시에 실제로 역사적인 수준의 인플레이션을 맞아서 역사적인 수준의 긴축도 동시에 /os2 해야되거든요? /oe
272.166	272.456	speaker#C	/os2 [네.(BC/continuer)] /oe
273.376	277.976	speaker#A	이 양가적인 미션이 있는 거예요. 이걸 이해해야 됩니다.(5월)/(오 월) (FMC)/(에프엠씨) 당일날!
278.704	296.813	speaker#A	시장에서 안도했던 이유는! 첫 번째, 두 번째 (mission)/(미션)! (hard landing)/(하드랜딩)을 부정하고 그래도 우린 인플레 잡을 수 있어! 이거 중에 (hard landing)/(하드랜딩)은 진짜 거리가 멀고 우리가 그 정도로 과도하게 긴축 안 해도 자연스럽게 몇 개월 안에 물가가 잡힐 거야라고 (call)/(콜)을 했거든요. 파월이!
297.549	307.088	speaker#A	무슨 얘기냐면! (cost)/(코스트) 없이 (no cost)/(노 코스트)로 모두가 만족할 만한 결과를 우리가 /os1 곧 /oe 볼 수 있다라고 하는
304.953	305.383	speaker#C	/os1 [음.(BC/continuer)] /oe
307.723	310.562	speaker#A	너무나 낙관 n/ 적인 이야기를 n/ 하니!
310.562	310.958	speaker#B	[음.(BC/continuer)] n/
311.008	314.248	speaker#A	시장 입장에서는 그런가?라고 하면서
314.312	314.678	speaker#B	[네.(BC/continuer)]
314.678	319.198	speaker#A	안도감이 있었지만, 어제 바로 시장의 판단은! 아닐 것 같다!
319.445	319.750	speaker#B	[음.(BC/continuer)]
320.105	324.745	speaker#A	그니까 이미 (4월)/(사 월)부터 채권 시장은 핵심 테마 중에 하나가 연준에 대한 불신이에요.
324.838	325.114	speaker#B	[음.(BC/continuer)]
325.376	326.696	speaker#A	진짜 니들 그렇게 할 수 있어?
327.260	327.601	speaker#C	[응.(BC/continuer)]
328.278	331.603	speaker#A	그런 것들이 어제도 결국은 나타났다고 보구요
331.881	334.931	speaker#C	엊그제랑 어제랑 뭐가 달라진 건지가 /os2 혹시 있나요? /oe
334.466	334.931	speaker#A	/os2 [맞아요.(BC/affirmative)] /oe
335.328	337.458	speaker#A	그게 핵심이죠! 하루 만에 뭐가 /os2 달라졌기 /oe 때문에
336.888	337.163	speaker#C	/os2 [네.(BC/continuer)] /oe
337.630	337.920	speaker#B	[음.(BC/continuer)]
338.023	341.433	speaker#A	첫날은 일단은 (75bp)/(칠십 오 비피)가 치워진 것에 대한 만족!
341.789	342.058	speaker#C	[네.(BC/continuer)]
342.406	346.851	speaker#A	그런데 이제 판단해야 되잖아요. 그러면 그게 진짜로 효과를 가져올 거냐, /os1 채권 /oe 시장의 안정을 가져올 거냐?
345.521	345.711	speaker#C	/os1 [음.(BC/continuer)] /oe
346.869	347.359	speaker#C	[음.(BC/continuer)]
347.414	351.109	speaker#A	근데 곰곰히 생각해 봤더니 n/ (75)/(칠십 오)는 없어졌대.
351.169	351.449	speaker#C	[예.(BC/continuer)]
351.790	357.075	speaker#A	원래는 (50, 50)/(오십, 오십).(2번)/(두 번) 정도 왔었는데 파월이 (50, 50, 50)/(오십, 오십, 오십) (3번)/(세 번) 가능하대!
357.372	357.697	speaker#C	[음.(BC/continuer)]
357.813	361.063	speaker#A	(75)/(칠십 오)가 없어졌대? (50)/(오십)이 (1번)/(한 번) 더 늘었으니
361.959	363.709	speaker#A	사실은 (75bp)/(칠십 오 비피) 효과가 있는 거거든요?
363.923	364.183	speaker#B	[음.(BC/continuer)]
364.738	368.493	speaker#A	그니까 파월이 얘기한 거에 대해서 처음에는 어느 정도 신뢰를 주다가
369.114	370.834	speaker#A	이게 진짜 될까?라는 질문에
371.015	371.334	speaker#C	[음.(BC/continuer)]
371.480	372.845	speaker#A	아니다!라는 판단을 내린 거죠.
372.898	373.440	speaker#B	n/ [음.(BC/continuer)]
373.440	376.385	speaker#A	실제로 저희가 (12월)/(십이 월), (3월)/(삼 월) 다 보면
376.424	376.850	speaker#C	[네.(BC/continuer)]
377.678	383.508	speaker#A	(FMC)/(에프엠씨) 당일날 시장 반응과 정반대 반응이 한/ 두 달 정도 핵심 테마가 됩니다.
383.649	383.894	speaker#B	[음.(BC/continuer)]
383.928	384.174	speaker#C	/os1 [음.(BC/continuer)] /oe
384.083	384.818	speaker#A	/os1 그 /oe 지금도
386.374	391.177	speaker#A	하루 만에 뭐가 바뀌었을까라는 것은 충, 특별한 지표가 발표됐다거나
391.278	391.563	speaker#C	[네.(BC/continuer)]
391.724	393.796	speaker#A	어떤 총재의 (comment)/(코멘트)가 있었다거나가 아니라
393.796	394.116	speaker#C	[음.(BC/continuer)]
394.269	398.308	speaker#A	시장이 판단하는 시간이 걸린 것 같아요. /os1 이거 /oe 진짜 될 수 있나?
396.804	397.074	speaker#B	/os1 [음.(BC/continuer)] /oe
398.690	399.001	speaker#B	[음.(BC/continuer)]
399.026	401.126	speaker#A	그 지금까진 연준의 의도를 읽고
401.213	401.531	speaker#C	[음.(BC/continuer)]
401.576	405.579	speaker#A	연준의 메시지를 읽는게 지금까지 채권 시장과 연준의 관계였는데
405.579	405.843	speaker#C	/os1 [네.(BC/continuer)] /oe
405.799	406.074	speaker#B	/os1 [음.(BC/continuer)] /oe
406.420	412.615	speaker#A	연준이 보낸 메시지가 뭐지? 지금 어떤 관계가 됐냐면! 시장이 계속 연준을! 니들 진짜 이거 할 수 있어?
412.867	413.157	speaker#B	[음.(BC/continuer)]
413.446	414.786	speaker#A	의심하는 관계가 된거예요.
415.786	425.923	speaker#A	이런 과정에서 파월이 너무나 (cost)/(코스트) 없이 모든게 된다고 하니 일단은 조금 안심하다가, 아닌 것 같다! 어떻게 이런 상황에서 (cost)/(코스트) 없이?
426.959	430.984	speaker#A	물가를 안정시켜? 그러면 /os1 (cost)/(코스트)가 /oe 있을 거다! 그(cost)/(코스트)는 뭐냐면
429.104	429.464	speaker#B	/os1 [음.(BC/continuer)] /oe
431.426	434.511	speaker#A	경기를 꺾는 (level)/(레벨)까지 금리가 올라갈 수 밖에 없어!
434.718	434.938	speaker#B	[음.(BC/continuer)]
434.987	435.862	speaker#A	경기는 꺾일거야!
436.196	436.598	speaker#C	/os1 [음.(BC/continuer)] /oe
436.536	444.021	speaker#A	/os1 실제로 /oe 어제 보시면 영국이 금리 올리면서 내년 전망치를 (-)/(마이너스) 성장으로 전망을 바꿨어요.
444.234	444.753	speaker#B	[음.(BC/continuer)]
444.834	445.868	speaker#C	[아.(BC/understanding)]
445.868	454.687	speaker#A	그 얘기는 뭐냐면 우리에겐 (cost)/(코스트)가 있을 수밖에 없다라는 거죠. /os1 그러면 /oe 채권 시장 입장에서 (cost)/(코스트)가 발생하는 (level)/(레벨)까지 금리를 밀어버리자
449.813	450.553	speaker#C	/os1 [음.(BC/continuer)] /oe
454.834	455.149	speaker#B	[음.(BC/continuer)]
455.295	458.420	speaker#A	경기가 눌리는 국면까지 금리를 올린 거고
458.511	458.835	speaker#B	[음.(BC/continuer)]
458.834	462.540	speaker#A	그럼 당연히 주, 위험 자산 /os2 입장에서는 /oe 경기가 눌릴 거니까
460.854	461.429	speaker#C	/os2 [음.(BC/continuer)] /oe
462.609	463.045	speaker#C	/os1 [네.(BC/continuer)] /oe
462.799	463.044	speaker#B	/os1 [음.(BC/continuer)] /oe
463.031	463.855	speaker#A	안 좋게 반응을 한 거죠.
464.276	464.645	speaker#B	[음.(BC/continuer)]
465.824	475.654	speaker#B	그래서 어제, 어제 이제 (Market)/(마켓) (comment)/(코멘트) 중에 하나가 뭐였냐면, 예를 들면 뭐/ 이런 얘기를 했다는 거예요.(LE)/(엘이), (LEK)/(엘이케이) 증권의 프랭크 데이비스 수석 (Managing Director)/(매니징 디렉터)는
475.988	488.560	speaker#B	하루가 얼마나 큰 차이를 만들어 내는가라며 어제 사람도 일부 예측 가능성과 안전성을 보여준 연준의 코멘트로 해석을 했다.(75bp)/(칠십 오 비피) 없다는 얘긴데? 그러나 지금은 이는 커다란 속임수처럼 보인다.
488.687	501.155	speaker#B	이게 이제 시장 참여자들! 죽기, 채권 시장 주변에 있는 사람들이 n/ 얘기하는, 그니까 신뢰를 못 하겠다라는 게 아니라 n/ 이건 의도된 속임수 같은 거다! 이렇게 이제 해석을 했다라는 거예요. /os2 월가에서 /oe 에?
500.439	500.989	speaker#A	/os2 [그쵸그쵸.(BC/affirmative)] /oe
501.397	502.922	speaker#A	약간 (headfake)/(헤드페이크) 같은 거죠.
502.967	503.596	speaker#B	/os2 [예예예.(BC/continuer)] /oe
503.364	505.209	speaker#C	/os2 그 /oe 해석에 다들 그럼 동의를 했다는 거예요?
505.743	514.973	speaker#A	동, 그니까 (100%)/(백 퍼센트) 동의라는 건 없겠지만 /os1 일단 /oe 시장에서는 그쪽 가능성을 조금 더 높게 본 거죠. 그니까 이 속임수라는 게 n/ /os1 네. 이거는 /oe 조금 말씀드려야 될 것 같은 게
508.358	508.588	speaker#C	/os1 [어.(BC/continuer)] /oe
512.458	512.868	speaker#C	/os1 [음.(BC/continuer)] /oe
515.796	520.695	speaker#A	연준이랑 시장이 포커를 치는 n/ 게 아니기 때문에 의도를 갖고 속임수를 준다는 게 /os2 아니라 /oe
520.455	520.726	speaker#B	/os2 [응.(BC/continuer)] /oe
521.165	524.679	speaker#A	저희가 연준이 처한 입장을 이해하자라는 거죠. 어떤 거냐면
524.679	525.132	speaker#C	[네.(BC/continuer)]
525.132	537.257	speaker#A	중앙은행가가 우리가 경기 침체를 유도해서라도 물가를 잡겠다란 (call)/(콜)를 내면 그거는 중앙은행 정책 기반자가 (stagflation)/(스태그플레이션)을 인정하는 꼴이고
537.267	537.717	speaker#B	[그렇죠.(BC/affirmative)]
537.888	544.093	speaker#A	곧, 경기 침체가 올 수밖에 없다라는 걸 인정하는 꼴이고 본인들의 (1년)/(일 년)간의 정책 실기를 인정하는 꼴입니다.
544.179	544.434	speaker#C	[음.(BC/continuer)]
544.830	556.616	speaker#A	그래서! 저희가 말씀드리는 건 연준이 속이고 있다라는 코멘트가 아니라 연준은 할 수 있는 말과 할 수 없는 말이 있는데 할 수 있는 말은 잘 될 거야라는 말 밖에 못하겠지.
556.771	557.056	speaker#B	[음.(BC/continuer)]
557.338	558.859	speaker#A	다만 우리가 해석해야 되는 건
558.833	559.153	speaker#C	/os2 [으흠.(BC/continuer)] /oe
559.059	561.513	speaker#A	/os2 진짜 /oe 잘 될지에 대해서 고민해 보자라는 거고
561.513	561.788	speaker#B	/os1 [음.(BC/continuer)] /oe
561.648	561.943	speaker#C	/os1 [네.(BC/continuer)] /oe
562.330	569.979	speaker#A	아무래도 그 단어가 (fake)/(페이크)란 단어가 들어가다 보니까 야 연준이 무슨 시장이랑 카드 치는 것도 아니고 그렇게 하겠어라고들 /os2 많이 질문을 /oe /os2 주시는데 /oe
568.525	569.035	speaker#C	/os2 [음.(BC/continuer)] /oe
569.660	569.970	speaker#B	/os2 [음.(BC/continuer)] /oe
570.564	583.331	speaker#A	저희는 그런 거죠. 결국은 정책 당국자의 말은 어쩔 수 없이, 다분히 정치적인 의도를 가질 수밖에 없는 것이고 n/ 우리가 읽어야 될 건 그/ 외면에 드러난 말이 아니라
583.481	583.682	speaker#B	[음.(BC/continuer)]
583.682	587.427	speaker#A	내면에 그 진짜 가능할지에 대한 고민! 이게 더 중요 n/ 하다라는
587.427	592.296	speaker#B	근데 이제 마켓에서 아전인수를 한 거냐? /os2 예를 들어 /oe (75bp)/(칠십 오 비피) 없다라는 /os2 얘기 /oe
590.372	590.852	speaker#A	/os2 [응응.(BC/continuer)] /oe
591.677	592.267	speaker#C	/os2 [음.(BC/continuer)] /oe
592.296	604.726	speaker#B	사실은 n/ 전달할려고 했던 거는 (50bp)/(오십 비피)씩 계속 올린다라는거였을 수도 있는데 이걸 마켓에서 (75bp)/(칠십 오 비피)가 없다라는, 하기야 n/ 뭐/ 워낙 강하게 그 날 얘기 /os1 했기 /oe 때문에 거기에 딱
602.791	603.136	speaker#A	/os1 [예.(BC/continuer)] /oe
605.442	611.752	speaker#B	봉 방점을 좀 모든 언론이 다 (75bp)/(칠십 오 비피) 없어졌다라는 /os2 거에 /oe 에/ 그/ 헤드라인을 잡았잖아요?
608.787	609.452	speaker#C	/os2 [음.(BC/continuer)] /oe
612.125	618.739	speaker#B	근데 사실은 (steel)/(스틸)! 우린 (50bp)/(오십 비피)씩 계속 올릴 거다. /os2 라는 /oe 얘기하고 똑같은 /os2 얘기인 건데 /oe
615.995	616.440	speaker#A	/os2 [그렇죠.(BC/affirmative)] /oe
618.182	618.772	speaker#A	/os2 [맞습니다.(BC/affirmative)] /oe
619.030	633.720	speaker#B	에/ 그러니까 이제 그게/ 그/ (75bp)/(칠십 오 비피)에 대한 강한 발언이 의도된 건지 여부를 떠나서 마켓에서도 n/ 너무 아전인수 격으로 그저께 너무 큰 기대와 환호를 한 거 아니냐, n/ 이게 반성도 있었던 것 같아요.
633.728	637.968	speaker#A	그쵸. 그니까 (75bp)/(칠십 오 비피)라는 너무 자극적인 (headline)/(헤드라인)에
637.980	638.437	speaker#B	[음.(BC/continuer)]
638.437	644.087	speaker#A	시장이 너무 관심이 좀 많았던 것 같애요. 그니까 이게 심지어 (75bp)/(칠십 오 비피)를 제일 먼저 했던 블라드도
644.164	644.443	speaker#B	[음.(BC/continuer)]
644.443	646.233	speaker#A	(50bp)/(오십 비피) 인상에 동의했네?
646.443	646.738	speaker#B	[네.(BC/continuer)]
646.885	651.718	speaker#A	야 우리가 너무 긴장했었나 보다 생각을 했던 건데, 그것도 어느 정도 의견 /os2 맞는데 /oe
651.415	651.705	speaker#C	/os2 [음.(BC/continuer)] /oe
651.718	651.988	speaker#B	[네.(BC/continuer)]
652.536	654.262	speaker#A	근데 그렇다고 딱히 달라지는 건 또 뭐야?
654.615	654.860	speaker#B	[음.(BC/continuer)]
655.699	658.689	speaker#A	그렇다고 진짜로 완화로 돌아갈 건 아닌 것 같고
658.789	659.023	speaker#B	/os1 [네.(BC/continuer)] /oe
658.919	659.194	speaker#C	/os1 [네.(BC/continuer)] /oe
659.619	671.606	speaker#A	그니까 이런 거죠. 그니까 (3대)/(세 대) 맞을 거 (2대)/(두 대) 맞았다고 행복해하던 게 엊그제 n/ 모습인 거고 /os1 아! /oe 우리가 계속 맞긴 하는구나를 깨달은 게 /os2 이제 어제, /oe 오늘 새벽장 /os2 이었던 /oe 거죠.
665.624	665.979	speaker#C	/os1 [음.(BC/continuer)] /oe
668.664	669.334	speaker#C	/os2 [음. 음.(BC/continuer)] /oe
670.759	671.024	speaker#C	/os2 [음.(BC/continuer)] /oe
671.606	675.122	speaker#B	채권 시장이 장 중에 (3. 1)/(삼 점 일)이 /os2 넘어갔었죠? /oe
674.046	675.036	speaker#A	/os2 네. 맞습니다. 네네. /oe
675.122	692.750	speaker#B	그 의미를 좀 얘기를 해 주세요. 왜냐면 이제 n/ 저도 간헐적으로 채권 시장이, 뭐/ 아까 말씀하신 것처럼 학살 이게 그/ 채권 n/ 채권 수익은 (2가지)/(두 가지)거든요. 하나는 그냥 (3%)/(삼 퍼센트)에 내가 사면 꼬박꼬박 (3%)/(삼 퍼센트)를 받는 이자의 캐리! 그걸 캐리 수익이라고 그러고 이제
693.173	703.778	speaker#B	(1가지)/(한 가지)는 이제 채권 수익률이 떨어지면서 채권 가격이 높아지는, 그걸 먹는 건데 캐릴 하고 있기 때문에 주식하고는 좀 /os2 다르죠. 네. /oe
703.038	703.494	speaker#A	/os2 [네. 맞습니다.(BC/affirmative)] /oe
704.093	709.189	speaker#B	주식은 배당을 안 할 수도 있고 할 수도 있는데 /os2 이건 /oe 약정 내 의한 어차피 나오는 거니까
706.078	706.573	speaker#A	/os2 [네네네.(BC/continuer)] /oe
709.244	712.997	speaker#B	채권에서 (-)/(마이너스) n/ 나는 거는 굉장히 어려운 거란 말이야.
712.997	713.861	speaker#A	/os2 [맞습니다.(BC/affirmative)] /oe
713.222	718.153	speaker#B	/os2 근데 그게 /oe 뭐/ (10%)/(십 퍼센트) 이상 하루에 뭐/ (5%)/(오 퍼센트)씩 움직이고 그르더라 어제 같은 경우에
718.995	721.551	speaker#A	n/ 그쵸. 이게 어제 같은 경우에 분명히
721.551	721.931	speaker#B	[예.(BC/continuer)]
722.020	723.482	speaker#A	뭐/ 캐리 이걸 떠나서
723.482	723.822	speaker#B	[네.(BC/continuer)]
723.966	730.096	speaker#A	아까 말씀하셨던 대로 연준의 어떤 치골피가 없다라는 걸 환호했던 사람들이
730.205	730.485	speaker#B	[에.(BC/continuer)]
730.650	733.374	speaker#A	빠르게 (long)/(롱) 잡았던 걸 다 이제 토해내면서
733.374	733.669	speaker#B	[네.(BC/continuer)]
733.806	737.651	speaker#A	금리가 급등했다가 장 막판에 다시 (3. 02)/(삼 점 영 이) 정도로 돌아왔는데요
737.651	738.031	speaker#B	[네.(BC/continuer)]
738.244	740.209	speaker#A	(3%)/(삼 퍼센트)가 주는 메시지가 /os2 뭐냐면 /oe
740.010	740.375	speaker#B	/os2 [예.(BC/continuer)] /oe
741.085	748.310	speaker#A	이런 겁니다. 지금 기준 금리를 연준이 올릴 거야! 근데 진짜 무섭게 말한 거는 /os1 필요하다면 /oe
747.210	747.530	speaker#C	/os1 [음.(BC/continuer)] /oe
748.460	748.735	speaker#B	[음.(BC/continuer)]
749.229	752.523	speaker#A	우리가 생각하는 적정 금리 이상으로 올릴 거야!라고 이야기를 했어요.
752.734	755.514	speaker#A	/os1 진짜로 /oe 우리가 많이 필요하다면
752.744	752.963	speaker#B	/os1 [음.(BC/continuer)] /oe
755.635	755.880	speaker#C	[음.(BC/continuer)]
755.882	759.086	speaker#A	금리 가지고 너희를 망가뜨릴 수 있다! 얘길 한 건데
759.091	759.311	speaker#B	[음.(BC/continuer)]
759.759	770.117	speaker#A	그 여기서 시장의 고민은 야, 그럼 얘네들이 판단하고 있는 중립 금리 수준이 어딜까? 그니까 어디가 적정 금리로 보고 있을까? 그걸 알아야 여기서 (+@)/(플러스 알파)까지 올린다가 되는 거잖아요?
770.117	770.577	speaker#B	/os2 그렇죠. /oe
770.237	770.557	speaker#C	/os2 네. /oe
771.216	779.781	speaker#A	그래서 그거를 추정해 볼 수 있는 방법 중의 하나가 연준이 (survey)/(서베이) 같은 걸 해서 적정 기준 금리를 발표를 합니다!
779.882	780.192	speaker#B	/os1 [음.(BC/continuer)] /oe
779.897	780.162	speaker#C	/os1 [음.(BC/continuer)] /oe
780.755	785.409	speaker#A	그게 이번 기자회견에서 당연히 물어봤어요. /os1 니들이 /oe 생각하는 적정이 얼마야?
783.660	784.125	speaker#B	/os1 [네.(BC/continuer)] /oe
785.504	785.774	speaker#B	[음.(BC/continuer)]
786.045	795.133	speaker#A	그랬더니 되게 넓게 야, 그거 나도 잘 모르겠는데 대략 (2)/(이)에서 (3%)/(삼 퍼센트) 사이야! 너무 (broad)/(브로드)하게 얘기를 한 거예요.
795.210	795.616	speaker#B	/os1 [응.(BC/continuer)] /oe
795.235	795.515	speaker#C	/os1 [음.(BC/continuer)] /oe
795.893	806.356	speaker#A	근게 그게 근거가 뭐냐면 실제로 제가 방금 말씀드렸던 연준 위원들 (survey)/(서베이)를 보면 딱 (2)/(이)에서 (3)/(삼)이 (range)/(레인지)인데 (2)/(이)를 찍은 사람은 (1명)/(한 명)밖에 없구요.
806.401	806.723	speaker#C	[네.(BC/continuer)] n/
806.723	812.182	speaker#A	(3)/(삼)을 찍은 사람도 (2명)/(두 명)밖에 없습니다. /os1 대부분의 /oe (10)/(열), (15명)/(열 다섯 명) 중에 (12명)/(열 두 명)은
808.758	809.118	speaker#C	/os1 [음.(BC/continuer)] /oe
813.033	816.245	speaker#A	(2. 5%)/(이 점 오 퍼센트)에서 (2. 375)/(이 점 삼 칠 오) 사이로 찍어놨어요.
816.260	816.844	speaker#C	[음.(BC/continuer)] n/
817.034	830.585	speaker#A	그러면 굉장히 높은 불확실성이 있지만, 시장 참가자들 볼 때는 지금까지의 실마리로 보아 대략 (2. 5%)/(이 점 오 퍼센트) 언저리를 마음으로, 중립 금리로 생각하고 /os1 있을 텐데 /oe
829.950	830.895	speaker#B	/os1 [음. 음.(BC/continuer)] /oe
831.015	834.260	speaker#A	지금 파월의 (call)/(콜)은 그것보다 더 올리겠다며
834.453	834.838	speaker#C	[음.(BC/continuer)]
835.036	843.303	speaker#A	그럼 어찌 됐든 (2. 5%)/(이 점 오 퍼센트)보다 위쪽일 가능성이 높고 지금 추정치의 최상단이 (3%)/(삼 퍼센트)니
843.354	843.604	speaker#B	[음.(BC/continuer)]
844.249	850.064	speaker#A	일단은 (3%)/(삼 퍼센트)까지는 기준 금리를 밀어 올릴 가능성에 대해서는 염두해 두자.
850.176	850.466	speaker#B	[음.(BC/continuer)]
851.224	858.061	speaker#A	금리 인상 (cycle)/(사이클)에서 (10년)/(십 년) 금리의 고점은 이번 (cycle)/(사이클)의 기준 금리 고점과 똑같거든요? 항상?
858.247	858.617	speaker#B	[네.(BC/continuer)] n/
858.817	865.862	speaker#A	그럼 (10년)/(십 년) 금리가 어제 (3%)/(삼 퍼센트) 일부 뚫었던 거는 이제 n/ 흔히 말하는 손절 분량이 나온 /os2 거고 /oe
865.272	865.797	speaker#C	/os2 [음.(BC/continuer)] /oe
866.005	878.067	speaker#A	다시 (3%)/(삼 퍼센트) 돌아와서, (3%)/(삼 퍼센트)가 막혔잖아요? (3%)/(삼 퍼센트)의 이윤은! 시장의 판단은! 어쨌든 연준은 중립 금리 이상으로 금리를 올릴 수밖에 없어! 그 정도의 각오 없이 물가는 못 잡아!
878.598	891.173	speaker#A	그런 데 우리가 볼 때 얘들이 생각하는 적정 금리? 대략 (2. 5%)/(이 점 오 퍼센트) (around)/(어라운드)야. 그럼 (2. 5%+@)/(이 점 오 퍼센트 플러스 알파)! 지금 연준 추정이 상당히 (3%)/(삼 퍼센트)니까, 일단 (10년)/(십 년) 금리는 (3차)/(삼 차)까지는 밀어올리고 보자!
891.988	897.958	speaker#A	그래서 지금 채권 시장의 (position)/(포지션)은 명확해요! 연준은! 경기를 어느 정도 꺾지 않고서는
897.958	898.163	speaker#B	[음.(BC/continuer)]
898.438	899.754	speaker#A	물가를 잡아낼 수 없을 거다!
899.754	899.979	speaker#B	[음.(BC/continuer)]
900.340	904.775	speaker#A	그러면 (10년)/(십 년) 금리의 (Valuation)/(밸류에이션)은 경기를 꺾는 (level)/(레벨)까지 올라와 있습니다.
905.273	909.513	speaker#A	성장 전망치는 향후에도 /os1 지속적으로 /oe 하향 조정될 가능성이 높다고 봐요.
907.363	907.808	speaker#C	/os1 [음.(BC/continuer)] /oe
910.234	919.073	speaker#B	그러면 제가 이제 궁금한 거는 채권 매니저들이 어제 어떤 (position)/(포지션)을 했냐면 일단 팔고 보자! /os1 그런 상황이잖아요? /oe
918.087	918.817	speaker#A	/os1 일단 손절! 네. /oe
919.546	931.921	speaker#B	그러면 이제 연기금이라든지 큰 보험회사라든지 이런 장기 채권을 사야 되는 매니저의 입장, (portfolio)/(포트폴리오)매니저의 입장에서 보면 n/ 야, (3. 1%)/(삼 점 일 퍼센트)? 일단 걷어야지. /os2 사야지. /oe
931.284	931.914	speaker#A	/os2 매력적이죠. /oe
932.502	934.718	speaker#B	/os1 이런 /oe 게 분명히 있었을 거란 /os1 말이야. /oe
932.512	932.832	speaker#C	/os1 [음.(BC/continuer)] /oe
934.187	934.687	speaker#A	/os1 [맞습니다.(BC/affirmative)] /oe
934.708	935.063	speaker#C	/os1 [음.(BC/continuer)] /oe
934.718	944.421	speaker#B	/os1 그럼에도 /oe 불구하고 그냥 (cell off)/(셀오프)가 나온, 나온다는 것은 단기적으로 보면 연준의 어떤 (stance)/(스탠스)의, 확실한 무언가 읽었을 것이다. /os1 그쵸? /oe
943.661	944.286	speaker#C	/os1 [음음.(BC/continuer)] /oe
944.787	964.079	speaker#B	그것을 포함하는 얘기는 그/ 그 하루 전날 (75bp)/(칠십 오 비피)를 안 한다라는 강한 얘기를 했음에도 불구하고 그런 거라는 얘기는 아, 이 인플레이션에 대한 연준의 (stance)/(스탠스)는 확실하다! 에/ 지금 말씀하시는 게 경기를 꺼, 경기를 훼손시키면서까지도
964.382	971.302	speaker#B	할 수 있다라는 거를 읽었을 것이다. /os1 왜냐면 /oe 굉장히 저렴하게 살 수 있는 기회였는데도 그걸 던져 버리는 거잖아요?
966.767	967.287	speaker#A	/os1 [맞습니다.(BC/affirmative)] /oe
971.447	977.174	speaker#A	근데 아마 반대로 어제는 순서가 반대일 것 같아요. /os1 말씀하신 /oe 대로 모두가 다 던져서 (3. 1)/(삼 점 일)까지 밀었고
974.132	974.482	speaker#B	/os1 [네.(BC/continuer)] /oe
977.174	977.464	speaker#B	[음.(BC/continuer)]
977.715	979.375	speaker#A	말씀하신 대로 연기금이나
979.375	979.670	speaker#B	[음.(BC/continuer)]
979.853	985.384	speaker#A	대형 손보사! 외국계 중앙은행들 입장에서 (3. 1)/(삼 점 일)까지 밀리면 이건 저가매수 기회다!
985.543	985.835	speaker#B	[음.(BC/continuer)]
985.835	990.005	speaker#A	그래서 (10)/(십), 그래서 장 중에 시가보다 한 (16bp)/(십 육 비피) 이상 올라갔다가
990.130	991.166	speaker#B	다시, 다시 빠졌다?
991.166	994.691	speaker#A	한 (7)/(칠), (8)/(팔) (bp)/(비피) 밀렸, 그/ 다시 쭉 내려온 게
995.403	999.888	speaker#B	자, 이제 고런 상황이 반복되면은 사실은 채권을 못 팔죠.
999.888	1000.520	speaker#A	[네, 맞습니다.(BC/affirmative)]
1000.520	1004.458	speaker#B	계속 털리는 거니까, /os2 어/ /oe 아, 그래 올라와! 그럼 계속 /os2 받아줄게. /oe
1001.985	1002.505	speaker#A	/os2 [네네네.(BC/continuer)] /oe
1003.990	1004.450	speaker#A	/os2 [네. 맞습니다.(BC/affirmative)] /oe
1004.458	1011.788	speaker#B	이런 세력들이 있다라는 거는 n/ 그래서 사실은 실세 금리 기준으로 지금 강승원 연구원께서도 그런 늬앙스신 것 같은데,
1012.145	1018.785	speaker#B	아, (10년)/(십 년)짜리 국채 금리는 대충 고점 부근이다. /os2 라고 /oe 생각하시는 /os2 거죠? /oe
1017.265	1017.845	speaker#A	/os2 [네 맞습니다.(BC/affirmative)] /oe
1018.430	1019.070	speaker#A	/os2 예. 맞습니다. /oe
1019.377	1024.697	speaker#B	/os1 그러면 /oe 금리가 올라가지고 에/ 예를 들면 주식 시장을 제약하는 국면은
1019.407	1019.872	speaker#C	/os1 [음.(BC/continuer)] /oe
1025.064	1029.086	speaker#B	그다지 크게 신, 크게 고려치 않아도 된다는 얘기일 수도 /os1 있는데? /oe
1028.468	1032.758	speaker#A	/os1 여기서 /oe 금리 레벨이 더 올라가긴 어렵다고는 봐요. /os1 근데 이제 문제는 /oe
1031.768	1032.418	speaker#C	/os1 [음음.(BC/continuer)] /oe
1033.261	1038.916	speaker#A	그러면 이 상황에서 다른 것들이 나오기 시작하죠.(6월 1일)/(유월 일 일)부터 (QT)/(큐티)가 시작되면서
1038.926	1039.256	speaker#B	[음.(BC/continuer)]
1039.734	1046.348	speaker#A	흔히 말하는 달러의 조달 환경 자체는 금리가 올라가지 않더라도 더 압박을 받을 수밖에는 없습니다.
1046.348	1046.653	speaker#B	[네.(BC/continuer)]
1047.009	1050.194	speaker#A	어쨌든 달러를 연준이 금융 시장에서 회수하니까요
1050.234	1050.579	speaker#B	[예.(BC/continuer)]
1050.723	1059.895	speaker#A	말씀하신 대로 금리가 오르는 것도 뭐/ 자본 투자자 입장에서는 내가 자본의 비용이 올라가는 거니까 힘든 거고! (P)/(피)가 올라간 효과!
1060.144	1060.384	speaker#B	[에.(BC/continuer)]
1060.589	1065.265	speaker#A	근데 문제는 이제 연준이 유동성을 회수해야 되는 거가 있어서
1065.265	1065.610	speaker#B	[음.(BC/continuer)]
1065.968	1075.035	speaker#A	금리가 더 장기 금리 기준으로서 큰 타격을 주진 않겠지만 n/ 아무래도 (QT)/(큐티)의 영향력은 오히려 더 부각될 수밖에 없다. 그래서
1075.035	1075.395	speaker#B	[음.(BC/continuer)]
1075.759	1081.203	speaker#A	지금은 조금 사실은 전반적으로 성장을 계속해서 제약하는
1081.203	1081.463	speaker#B	/os1 [음.(BC/continuer)] /oe
1081.368	1081.633	speaker#C	/os1 [음.(BC/continuer)] /oe
1081.615	1083.960	speaker#A	일방향으로 가고 있지 않나 지금 이렇게 보고 있습니다.
1083.987	1084.487	speaker#B	/os1 [음.(BC/continuer)] /oe
1084.042	1084.452	speaker#C	/os1 [네.(BC/continuer)] /oe
1084.838	1091.387	speaker#C	연준은 이제 앞으로는 할 일들이 다 인제 정해진 거예요? 아니면 그 외에 예상 못 한 일들 더 할 수도 있어요?
1091.386	1097.516	speaker#A	어느 정도 정해진 것 같아요. 일단은 /os1 (6월달)/(유 월 달), /oe (7월달)/(칠 월 달) 얘기한 대로 (20)/(이십), (50bp)/(오십 비피)씩 올릴 거고
1093.166	1093.561	speaker#C	/os1 [응.(BC/continuer)] /oe
1097.913	1099.718	speaker#A	당장 다음 달부터 (QT)/(큐티)할 거고!
1099.781	1100.157	speaker#C	[네.(BC/continuer)]
1100.157	1111.876	speaker#A	(9월)/(구 월)에도 (50bp)/(오십 비피)나 (25bp)/(이십 오 비피) 금리를 올릴 거고 이제 그러면서 실제로 물가가 (2분기)/(이 분기)에 (peak out)/(피크 아웃) 하고 나면 (4분기)/(사 분기)정도 가면 /os1 잠깐 /oe 쉴 수는 있을 것 같은데
1110.156	1110.480	speaker#C	/os1 [음.(BC/continuer)] /oe
1111.876	1112.525	speaker#B	[음.(BC/continuer)]
1112.525	1123.125	speaker#A	그전까지는 계속해서 긴축 일변일 것 같습니다. 특히나 (9월)/(구 월)달에 미국에 중간 선거가 있기 때문에 금융 시장에 스트레스를 준다면
1123.895	1132.608	speaker#A	(8)/(팔), (9)/(구 월) 달에 주기에는 너무 불편해요. 아마도 지금! (6월)/(유 월)! 이럴 때가 지금은 좀 주더라도 n/ 괜찮다.
1133.386	1143.363	speaker#A	/os1 일 것 같아서 /oe 지금이 아마도 연준의 매파적인 경향에 계속해서 고점을 향해 가고 있다. 이렇게 좀 보고 있습니다. /os2 그러면 /oe 사실 채권 시장 입장에서는 반대로
1133.412	1134.692	speaker#C	/os1 [음음.(BC/continuer)] /oe
1141.806	1142.246	speaker#C	/os2 [음.(BC/continuer)] /oe
1143.886	1149.187	speaker#A	슬슬 매수 시점이 될 수도 있다. /os1 왜냐면 /oe 매파성 고점이라는 이야기는
1146.567	1147.292	speaker#C	/os1 [음.(BC/continuer)] /oe
1149.569	1152.706	speaker#A	더 강해지진 않을 거고 경기가 꺾일 거다라는 이야기기 때문에
1152.706	1153.192	speaker#B	[음.(BC/continuer)] n/
1153.193	1163.662	speaker#A	아까 말씀드렸던 대로 점점 미국 장기채는 꽤나 좀 매력적으로 각 바뀌고 있는데 n/ 그거는 반대로 말하면 다른 자산 입장에서는 조금 불편한
1163.941	1164.416	speaker#B	[그러겠죠.(BC/affirmative)]
1164.441	1165.086	speaker#A	장세인 거죠.
1165.285	1168.405	speaker#B	음. 채권을 되게, 되게 싸게 살 수 있는!
1168.405	1168.920	speaker#A	[예.(BC/continuer)]
1169.167	1175.322	speaker#B	기회가 계속 온다라는 거는 다른 자산 쪽에 돈이 흘러갈 여유를 주지 /os2 않는다! /oe
1175.204	1175.745	speaker#A	/os2 [맞습니다.(BC/affirmative)] /oe
1175.744	1176.904	speaker#B	이렇게 보는 거잖아요. 그죠?
1176.598	1177.078	speaker#A	/os2 네. 맞습니다. /oe
1176.899	1177.339	speaker#C	/os2 [네.(BC/continuer)] /oe
1177.364	1184.569	speaker#B	그 자산이 대표적인 게 이제 주식이고 주식 내에서도 성장주! 이렇게 돼 있는 거네요.
1184.937	1187.362	speaker#A	오/ 보통 이제 일반, 일반으로는 그렇죠.
1187.526	1192.475	speaker#A	/os1 근데 /oe 아마 연준이 제일 원하는 거는 주식보단 부동산을 잡는 게 목표일 /os2 텐데 /oe
1187.541	1188.181	speaker#B	/os1 [음.(BC/continuer)] /oe
1192.201	1192.451	speaker#B	/os2 [음.(BC/continuer)] /oe
1192.868	1195.083	speaker#A	그게 사실 최근 물가의 근원이니까
1195.204	1195.495	speaker#B	[음.(BC/continuer)]
1195.495	1197.540	speaker#A	사실 그거가 그렇게 쉬운 일은 아니거든요.
1197.561	1197.881	speaker#A	/os1 이게 /oe
1197.596	1197.850	speaker#B	/os1 [음.(BC/continuer)] /oe
1198.246	1202.947	speaker#A	미국도 우리나라 비슷하게 공급 부족이 좀 있어서 n/ 렌트비가 쉽게 잡히지 않을 /os2 겁니다. /oe
1202.556	1202.896	speaker#C	/os2 [아/(BC/understanding)] /oe
1202.947	1207.213	speaker#A	/os1 그래서 /oe 단순히 몇 개월 정도 하고 말 거야 이렇게는 못할 것 같애요.
1202.957	1203.367	speaker#B	/os1 [음.(BC/continuer)] /oe
1207.213	1211.642	speaker#B	자, (scope)/(스코프)를 살짝 옮겨서 우리나라 (10년)/(십 년) 국채 금리가 얼마죠? 현재?
1211.944	1213.878	speaker#A	n/ 아/ 이제 (3. 4)/(삼 점 사)까지 올라와 있구요.
1213.878	1214.233	speaker#B	[예.(BC/continuer)]
1214.604	1223.318	speaker#A	저희가 이 정도 레벨이면은 그니까 흔히 말해서 n/ 그/ (2011년)/(이천 십 일 년) 레벨로 거의 복귀하고 있는 거 같애요.
1223.317	1223.907	speaker#B	n/ (10년)/(십 년) 전?
1224.288	1230.663	speaker#A	그쵸. 왜냐면 똑같애요. 이게 미국 같은 경우에는 (1970년대)/(천 구백 칠십 년대) 물가로 돌아왔구요.
1231.215	1238.525	speaker#A	한국은 (2011년도)/(이천 십 일 년도) 물가 수준으로 돌아왔으니 다 과거에 우리나라 기준 금리 (2. 5)/(이 점 오)?
1238.844	1246.130	speaker#A	(3년)/(삼 년) 금리 (3. 3)/(삼 점 삼)이었던 (2011년)/(이천 십 일 년) 레벨로 거의 복귀를 해 왔습니다. /os1 굉장히 /oe 한국도
1244.709	1245.129	speaker#B	/os1 [음.(BC/continuer)] /oe
1246.983	1264.407	speaker#A	(2011년)/(이천 십 일 년)이라고 하면은 그냥 심플하게 한국 채권 시장의 메인 테마가 물가였을 때예요. 그때도 유가가 (130불)/(백 삼십 불) 가고 전세 가격이 폭등하면서 우리나라 물가가 심지어 월간 기준 (5%)/(오 퍼센트) 숫자도 n/ 봤던 땐데 그때와 지금 유사할 정도로 가격이 싸져 있습니다.
1264.563	1273.520	speaker#B	음, /os1 그 /oe 어떻게 봅니까? 지금 그/ 이창용 그/ 신임 한국은행 총재가 이제 조만간 이제 (FMC)/(에프엠씨)
1265.178	1265.953	speaker#C	/os1 [음.(BC/continuer)] /oe
1273.520	1273.817	speaker#A	[네.(BC/continuer)]
1273.817	1278.767	speaker#B	저/ 금융, 금통위를 주재하게 돼 있잖아요? 없이도 한 번 올렸단 /os1 말이에요? /oe
1278.022	1278.747	speaker#A	/os1 [네. 맞아요.(BC/affirmative)] /oe
1278.765	1296.192	speaker#B	주로 이런 상황! 미국의 (big step)/(빅 스텝)이 최소한 (3번)(세 번)? 이렇게 진행되는 그런 상황에서 이창용 총재도 n/ 본인이 주재하는 첫 번째 (FMC)/(에프엠씨), 저/ n/ 금통위에서 한 번 더 올릴 가능성에 대해서 채권 시장이 어떻게 보고 계신지요?
1296.192	1299.032	speaker#A	일단은 이번 주 (CPI)/(씨피아이)가 굉장히 서프라이즈였어요.
1299.078	1299.300	speaker#B	[음.(BC/continuer)]
1299.300	1303.810	speaker#A	한국 (CPI)/(씨피아이)가 이번주에 시장 전망치를 거의 (0. 5%p)/(영 점 오 퍼센트 포인트) 이상!
1304.306	1305.941	speaker#B	많이 /os2 올랐답니다. 음. /oe
1304.729	1310.994	speaker#A	/os2 비트를 했습니다. /oe 이게 유가도 유가지만 저희가 (1달러)/(원 달러) 환율이 워낙 올라오다 보니까
1311.250	1311.895	speaker#B	/os2 수입 물가 /oe
1311.390	1313.295	speaker#A	/os2 수입 물가 /oe 가 워낙 강해져서
1313.295	1313.665	speaker#B	[예.(BC/continuer)]
1313.885	1317.590	speaker#A	예상보다 훨씬 높은 수준의 물가 상승률을 기록을 해서
1317.589	1317.954	speaker#B	[예.(BC/continuer)] n/
1318.376	1322.362	speaker#A	저희 같은 경우에는 올해 (1번)/(한 번) 정도 더 인상하고 마무리를 봤는데
1322.362	1322.723	speaker#C	[네.(BC/continuer)]
1322.723	1324.728	speaker#A	아마도 (2번)/(두 번) 정도 더 인상을 할 것 같구요.
1324.728	1324.968	speaker#B	[음.(BC/continuer)]
1325.529	1330.666	speaker#A	(5월)/(오 월) 회의에서 인상은 피할 수 없을 것 같다. /os1 정도로 /oe 생각하고 있습니다. 네. /os2 그래서. /oe
1328.349	1329.704	speaker#B	/os1 음. 아 올린다? /oe
1330.419	1330.659	speaker#B	/os2 [네.(BC/continuer)] /oe
1331.467	1348.288	speaker#A	근데 이제 어떤 생각이냐면 한국 같은 경우에는 n/ 어떤 고민을 해야 되냐면 지금까지는 한국은 수출 국가이지 않습니까? 그래서 이런 생각을 해 보시면 그/ 금통위에서 계속 이런 이야기를 해요. 야, 우리나라가 선제적으로 금리를 올렸는데도
1348.288	1348.661	speaker#C	[음.(BC/continuer)]
1348.661	1352.668	speaker#A	수출이 좋아서 경기가 나쁘지 않아. 근데 그게 당연한 얘긴 게
1352.668	1352.958	speaker#B	[음.(BC/continuer)]
1353.222	1360.962	speaker#A	수출 국가는 우리나라 국민들의 수요가 그렇게 n/ 중요하지 않습니다. 저희들의 물건을 사 주는 고객들은 n/ 바깥에 있으니까!
1361.032	1361.372	speaker#C	[음.(BC/continuer)]
1361.569	1365.649	speaker#A	그런데 한국은행이 금리 올린다고 미국인들이나 유럽인들이 힘들진 않죠.
1366.629	1369.894	speaker#A	저희들의 금리 인상은 대외 수요에 큰 영향을 주지 않습니다.
1369.894	1370.234	speaker#B	[네.(BC/continuer)] n/
1370.552	1375.832	speaker#A	지금부터 문제는 우리들의 핵심 고객들의 긴축이 본격화돼요.
1376.002	1376.327	speaker#B	[음.(BC/continuer)]
1376.640	1382.360	speaker#A	당장 이번 (4월달)/(사 월 달) 수출 보셔도 (18개월)/(십 팔 개월)만에 중국 수출은 (-)/(마이너스)로 /os2 갔고 /oe
1382.264	1382.687	speaker#B	/os2 그랬어요. /oe
1383.026	1392.758	speaker#A	(2번째)/(두 번째)로 큰 고객은! 미국이 본격적인 긴축에 나섰고! 유럽도 금리를 올린다고 하고! 영국은 심지어 내년 전망치를 /os1 (-)/마이너스를 꺾었고 /oe
1391.593	1393.123	speaker#B	/os1 (-)/(마이너스)고 네. /oe
1394.135	1401.739	speaker#A	장사를 하는 사람들은 장사하는 집안이 허리띠를 졸라매는 게 중요한 게 아니라 고객들이 허리띠 졸라매면 진짜 힘들어지는 거예요.
1402.536	1417.044	speaker#A	저희는 이제부터 본격적으로 경기 하방 압력에 대한 조금 더 n/ 한 단계 더 나아간 논의가 있을 거로 보고요. 이미 시장에서는 (2)/(이)에서 (3회)/(삼 회) 정도의 금리 인상을 이미 선반영하고 있고!
1417.206	1417.466	speaker#B	[음.(BC/continuer)]
1417.759	1425.239	speaker#A	저희는 그중에서 (2회)/(이 회) 정도를 보고 있기 때문에 선반영 (level)/(레벨) 감안하면 한국은 미국보단 조금 더 빨리 고점 잡힐 수 있다.
1425.305	1425.590	speaker#B	[음.(BC/continuer)]
1426.094	1434.019	speaker#A	한국은 수출 국가이기 때문에 다른 나라가 조금이라도 긴축, 수요 꺾이는 모습들이 확인되면 가장 먼저!
1435.092	1439.832	speaker#A	수출 경로를 통해서 n/ 경기가 안 좋아지기 /os2 시작해서 /oe /os1 뭐 /oe
1438.552	1438.927	speaker#B	/os2 [음.(BC/continuer)] /oe
1439.653	1441.160	speaker#B	/os1 그때는 /oe 금리 못 올린다는 거잖아요?
1441.160	1445.840	speaker#A	그쵸. 그래서 저는 (2번)/(두 번)정도 올리고 그 이후에는 n/ 쉴 거다라고 보고 있습니다.
1445.869	1450.770	speaker#B	사실 지금 금리를 올릴 수 있는 것도 우리나라 선수출이 나쁘지가 않다라는 거잖아요? n/
1450.770	1451.085	speaker#A	[그쵸.(BC/affirmative)]
1451.256	1468.545	speaker#B	에/ 뭐/ 경제 성장률에 차지하는 게 이제 뭐 여러가지 있잖아요. 뭐/ 투자도 있고 소비도 있고, n/ 우리나라 수출이 있는데 그거는 이제 무역 역조인데 왜 그 (GDP+)/(쥐디피 플러스)냐? 양으로 하는 겁니다 여러분. 고거는. 무역 역조는 금액 베이스잖아요?
1468.545	1468.904	speaker#C	[네.(BC/continuer)]
1468.904	1478.289	speaker#B	예. 우리나라 이제 뭐/ (4월달)/(사 월 달)에도 n/ 무역 역조가 되는데 근데! 수입 물가 올라가지고 그런 거지. 그 (GD)/(쥐디), (GDP)/(쥐디피) (Gross)/(그로스)는 양으로 하는 거거든. 수출량!
1478.937	1480.203	speaker#C	수출량이라는 게 뭐예요?
1480.203	1484.191	speaker#B	아/ 그니까 예를 들면 뭐 기존에는 얘는 반도체를 (10개)/(열 개)를 수출했다.
1484.206	1484.421	speaker#C	[네.(BC/continuer)]
1484.722	1489.607	speaker#B	그러면 인제 예를 들면 (12개)/(열 두 개) 수출하고 또 수입하는 게 있을 거 아니예요?
1489.651	1489.890	speaker#C	[음.(BC/continuer)]
1489.890	1495.390	speaker#B	수출, 수입에 순 수출의 어떤 그 차이 양을 얘기하는 거거든.(product)/(프로덕트)이기 때문에!
1495.870	1498.073	speaker#C	어. /os1 아니 /oe 그걸 계산할 수가 있어요?
1496.400	1496.745	speaker#B	/os1 [예.(BC/continuer)] /oe
1498.104	1499.224	speaker#B	당연히 계산할 수 있죠.
1499.274	1500.849	speaker#A	그니까 이/ 그게 방법이 /os2 있는데 /oe
1500.598	1500.878	speaker#C	/os2 [네.(BC/continuer)] /oe
1500.953	1504.411	speaker#A	수출하는 물량을 무게! 무게 단위로도 하구요.
1504.411	1505.489	speaker#C	어. /os2 그래요? /oe
1505.130	1509.733	speaker#A	/os2 예. /oe 그런 식으로 해서 그니까 뭐가 이게 /os2 중요하냐면! /oe 수출 물량과 단가를 곱해서 이제
1507.340	1507.705	speaker#C	/os2 [예.(BC/continuer)] /oe
1509.833	1514.253	speaker#A	기업들이 PQ/ (피큐)하는 /os2 것처럼 /oe 일단 성장률은 (Q)/(큐)가
1511.463	1512.298	speaker#C	/os2 [음/(BC/understanding)] /oe
1514.553	1518.374	speaker#A	중요하구요. /os1 근데 /oe 저희가 보는 (headline)/(헤드라인) 지표는 (P)/(피)가 곱해져 있는 숫잡니다.
1515.258	1515.593	speaker#C	/os1 [음네.(BC/continuer)] /oe
1518.433	1523.063	speaker#A	그래서 /os1 무역수지 /oe 적자네? 그거는 왜냐면 수입 단가가 너무 높아져서!
1519.128	1519.658	speaker#C	/os1 [아.(BC/continuer)] /oe
1523.266	1523.702	speaker#C	[그렇죠.(BC/affirmative)]
1523.712	1528.551	speaker#A	그런데 왜 수출이 우리나라 성장에 기여하고 있어? 어쨌든 (Q)/(큐)는 아직까지 상승이거든요.
1528.551	1528.926	speaker#B	[음.(BC/continuer)]
1529.105	1535.105	speaker#A	그런데 반대로 말하면 예를 들어서 이제 하반기에 유가가 좀 안정화가 되고
1535.160	1535.460	speaker#C	[음.(BC/continuer)]
1535.744	1540.784	speaker#A	그럼 수출 단가 효과가 좀 떨어지고 아까 말씀드렸던 주요국의 긴축으로 인해서
1541.680	1547.360	speaker#A	(Q)/(큐)까지 줄어들게 되면 한국에 대해서는 메인으로 비빌 언덕이라고 한 수출이
1547.546	1547.781	speaker#B	[어.(BC/continuer)]
1548.104	1552.645	speaker#A	생각보다 빠르게 안 좋아질 가능성은 있다! 그러면 /os2 한국은행의 /oe 최선의 전략은
1551.409	1551.604	speaker#B	/os2 [음.(BC/continuer)] /oe
1553.240	1555.600	speaker#A	그나마 비빌 언덕 있을 때 빨리 올려두고 /os2 쉬는거. /oe
1555.448	1558.303	speaker#B	/os2 그러겠죠. /oe 아니 그래서 이제 그런 얘기를 드리는 거예요.
1558.303	1562.193	speaker#C	수출할 때 그러면 무게도 재고, 개수도 세고?
1562.604	1566.124	speaker#A	개수가 아니라 아니라 정확히 말하면 무게 기준으로 보신다면, n/ 톤당 기준으로 보시면 /os2 됩니다. /oe
1565.687	1566.866	speaker#C	/os2 김 같은 /oe 거 어떡해 김?
1567.083	1570.942	speaker#A	그런 거는 다 컨테이너 (box)/(박스)에 들어가지 않습니까? /os1 그래서 /oe 그거 상태로 재 버립니다.
1569.218	1569.468	speaker#C	/os1 [네.(BC/continuer)] /oe
1571.166	1572.462	speaker#C	[아 n/ 그래요?(BC/request confirmation)]
1572.503	1577.988	speaker#A	톤당 수출액! n/ 뭐/ 이런 식으로 해서 /os1 그래서 /oe 이게 만약에 그렇게 안 하면
1574.423	1575.088	speaker#C	/os1 [아/(BC/understanding)] /oe
1578.436	1581.579	speaker#A	예를 들어서 제가 핸드폰을 파는 국간데
1581.579	1581.984	speaker#C	[음.(BC/continuer)]
1582.094	1585.564	speaker#A	뭐/ 공급 쪽 (shork)/(샥)에 의해서 이것만 갑자기 단가가 확 올랐어요.
1585.662	1585.957	speaker#C	[음.(BC/continuer)]
1586.099	1590.689	speaker#A	그래서 갑자기 수출이 뭐/ (2배)/(두 배) 이상 늘어나는 것 같은데 알고 보니까 내 후세에는 큰 영향이 없어!
1590.847	1591.818	speaker#B	그렇죠. /os1 저걸 마, /oe
1591.312	1591.802	speaker#A	/os1 이런 거를 /oe
1591.819	1595.454	speaker#B	저걸 만드는데 예를 들어 가격이 올랐다가 고용을 더 하는 게 아니잖아.
1595.691	1598.390	speaker#C	그 금액으로 만 할 때 그런 문제점이 있다는 /os2 거예요? /oe
1598.391	1598.720	speaker#A	/os2 그쵸. /oe
1599.145	1601.682	speaker#B	/os1 거기다가 /oe 우리는 순 수출을 보는 거거든.
1599.145	1599.635	speaker#C	/os1 [어.(BC/continuer)] /oe
1601.761	1603.126	speaker#A	/os2 그러다 보니까 /oe
1601.961	1603.111	speaker#C	/os2 수익 대비 /oe 수출
1603.437	1609.354	speaker#A	/os2 이제 /oe (headline)/(헤드라인) 지표랑 실제 성장에 도움이 되는 물량 지표를 저희가 나눠서 보는데
1603.867	1604.382	speaker#C	/os2 [어.(BC/continuer)] /oe
1609.354	1609.939	speaker#C	[네.(BC/continuer)]
1609.941	1613.479	speaker#A	(4월)/(사 월)달엔 심지어 물량 지표로 (yy)/(와이 와이)로 (-)/(마이너스)로 반전을 했습니다.
1613.479	1614.255	speaker#B	/os1 [음.(BC/continuer)] /oe
1613.614	1614.259	speaker#C	/os1 [네네.(BC/continuer)] /oe
1614.255	1622.633	speaker#A	그래서 드는 생각은 아까도 뭐/ 방금도 말씀하셨지만 한은의 (best choice)/(베스트 초이스)는! /os1 정확히 /oe 말하면 (best)/(베스트)가 아니라 유일한 선택은
1620.480	1620.690	speaker#B	/os1 [응.(BC/continuer)] /oe
1622.633	1622.898	speaker#B	[음.(BC/continuer)]
1623.126	1625.261	speaker#A	비빌 언덕이 있을 때 빨리해 놓고 쉰다!
1626.118	1633.589	speaker#B	펀드 매니저들! 채권 매니저들 제일 많이 만나시잖아요? 우리나라 채권 매니저들은 뭐래요? 지금, 채권, 채권 (bargain)/(바겐) 헌팅 할 때라고 /os2 합니까? 아니면 /oe
1633.281	1642.176	speaker#A	/os2 근데 /oe 이게 저희가 예를 들어 이런 거 있잖아요. 저희가 뭐/ 책에서 보면 막 금융 위기 때 싸게 사서 돈 많이 버신 분들 /os1 책 /oe 보면
1641.356	1641.586	speaker#B	/os1 [네.(BC/continuer)] /oe
1642.477	1645.635	speaker#A	모두가 다 그렇게 할 수 있을 것 같지만 막상 그정도 가격이 n/ 되면
1645.660	1646.025	speaker#B	[음.(BC/continuer)]
1646.078	1656.048	speaker#A	손이 안 나가거든요? 지금 채권시장도 그래요. 채권 시장이 누가 봐도 싸다! 이건 오케이. 싸다는 건 동의! /os1 근데 /oe 어떤 게 문제가 되냐면! 이런 거죠
1653.723	1654.273	speaker#B	/os1 [음.(BC/continuer)] /oe
1656.104	1656.349	speaker#B	[음.(BC/continuer)]
1656.498	1665.208	speaker#A	오히려 개인투자가가 아니라 운용하시는 분들 입장에서는 되게 합리적이라 생각했는데 이런 거예요. 저희 (3명)/(세 명)이 매니전데
1665.208	1665.453	speaker#B	[네.(BC/continuer)]
1665.856	1667.846	speaker#A	시장 가격이 다 싸다는 건 셋 다 동의해!
1667.899	1668.375	speaker#B	/os1 [음.(BC/continuer)] /oe
1668.074	1668.374	speaker#C	/os1 [음.(BC/continuer)] /oe
1668.375	1677.665	speaker#A	그럼 어떤 판을 내릴 수 있냐면 내가 굳이 여기서 (1등)/(일 등)할 필요가 없으면 남이 사는 거 보고 사도 어차피 늦지 않다!
1677.818	1678.384	speaker#B	/os1 [음.(BC/continuer)] /oe
1678.133	1678.393	speaker#C	/os1 [아.(BC/continuer)] /oe
1678.384	1684.588	speaker#A	모두가 다 싸다는 거에 동의하면 누구 좋으라고 내가 가격을, 흔히 말하면 지지해 주면서 사냐?
1684.780	1685.060	speaker#B	[음.(BC/continuer)]
1685.075	1685.805	speaker#C	/os1 [음.(BC/continuer)] /oe
1685.688	1692.928	speaker#A	/os1 남이 /oe 사는 거 보고 사도 적어도 시장 대비론 (outperform)/(아웃퍼폼) 할 정도의 가격이라면 오히려 먼저 사진 않으시더라구요.
1693.173	1693.458	speaker#B	[음.(BC/continuer)]
1693.509	1701.279	speaker#A	그리고 이, 여기까지 오면서 사실은 손절을 감내해 온 물량, 그/ 손해를 감내를 해 왔기 /os2 때문에 /oe
1700.934	1701.269	speaker#B	/os2 [음.(BC/continuer)] /oe
1701.915	1706.525	speaker#A	지금은 다들 가격이 어느 정도 고점 부근에 와 있는 건 같은데
1706.525	1706.815	speaker#B	/os1 [음.(BC/continuer)] /oe
1706.670	1707.095	speaker#C	/os1 [음.(BC/continuer)] /oe
1707.285	1722.677	speaker#A	(position)/(포지션)이 깨끗한 상태에서 이런 렝어 (level)/(레벨)이라면 사겠으나! 이미 상당 부분 손실을 안고 있고 그리고 모두가 다 싸다는 거에 동의하면 남이 사는 거 보고 사도 n/ 어차피 난 시장 대비론 이길 수 있다면 일단은 n/ 기다려보자!
1722.677	1725.242	speaker#C	/os2 채권 /oe 매니저 말씀하시는 거죠? /os2 이거 /oe 음.
1722.827	1723.187	speaker#B	/os2 [음.(BC/continuer)] /oe
1724.036	1724.531	speaker#A	/os2 맞습니다. /oe
1725.248	1726.938	speaker#B	증권사들도 채권 많이 하죠?
1727.078	1727.518	speaker#A	많이 하죠.
1727.908	1731.178	speaker#B	증권사들 수지가 그것 땜에 안 좋아졌다는 얘기들이 많아요.
1731.399	1732.374	speaker#A	뭐 /os2 그런 /oe
1731.973	1733.223	speaker#B	/os2 채권 /oe 채권 평가손!
1733.410	1740.415	speaker#A	어/ 그런 부분에 대해서는 다 공개된 정보는 아니기 /os2 때문에 /oe 제가 그 부분은 이제 뭐/ 따로 안 하니까 /os2 해서 /oe n/
1736.845	1737.125	speaker#B	/os2 [음.(BC/continuer)] /oe
1739.900	1740.110	speaker#B	/os2 [음.(BC/continuer)] /oe
1740.508	1746.614	speaker#A	그 부분을 제가 말씀드리기 어렵지만 일단은 꼭 증권사가 아니라 전반적인 채권 운용 사이드, 전반적인 고민이
1746.614	1746.909	speaker#B	[음.(BC/continuer)]
1747.277	1751.255	speaker#A	가격만 두고 (play)/(플레이)를 하기에는
1751.265	1751.580	speaker#B	[네.(BC/continuer)]
1751.784	1754.253	speaker#A	모든 채권 운용하시는 분들의 (position)/(포지션)이
1754.254	1754.524	speaker#B	[네.(BC/continuer)]
1754.785	1757.570	speaker#A	어느 정도 (step)/(스텝)이 꼬인 부분들이 쪼끔 있습니다.
1757.609	1757.829	speaker#B	[네.(BC/continuer)]
1757.822	1765.952	speaker#A	그래서 그런 부분들 때문에 쉽게 손은 나가지 않는? 그니까 n/ 사실은 저/ 어떻게 보면 전형적인 약세장의 모습인 거죠.
1766.118	1766.353	speaker#B	/os1 [네.(BC/continuer)] /oe
1766.298	1766.653	speaker#C	/os1 /os1 [음.(BC/continuer)] /oe /oe
1766.358	1768.249	speaker#A	/os1 쉽게 /oe 손이 안 나가는
1768.941	1771.251	speaker#B	지금 분위기 굉장히 안 좋죠? 채권
1771.607	1772.037	speaker#B	/os1 그 /oe
1771.916	1779.421	speaker#A	/os1 그쵸. /oe 저는 이제 가끔 (4월)/(사 월)달 (NASDAQ)/(나스닥) 하락이 역사상 (4번째)/(네 번째)다 이런 얘기를 하면, /os1 저는 /oe 어떤 말씀드리냐면 n/ 그 정도로 이제 울면 안 된다.
1776.551	1776.781	speaker#B	/os1 [네.(BC/continuer)] /oe
1779.864	1788.984	speaker#A	진짜 힘든 걸 보려면 여기 시장 한 번 n/ 와봐야 된다고 얘기를 드립니다. 그니까 (70년대)/(칠십 년 대) 이후로 미국 채권 시장 역사상 가장 수익률이 안 좋았고
1789.543	1792.288	speaker#A	우리나라도 (KIS)/(키스) 채권 지수 수익률 기준으로 제일 안 좋았거든요?
1792.384	1792.654	speaker#B	[예.(BC/continuer)]
1793.358	1797.128	speaker#A	역사상 이 정도 (shock)/(샥)을 본 분은 없다!
1797.838	1798.838	speaker#A	/os1 그러면 /oe 얼마나 힘들까?
1797.854	1798.289	speaker#C	/os1 그 /oe
1798.838	1801.365	speaker#C	금리가 지금 뭐/ (3%)/(삼 프로) /os2 라면서요? /oe
1800.873	1803.298	speaker#B	/os2 아니 근데 /oe 워낙, (1%)/(일 프로)에서 (3%)/(삼 프로) 된 거니까 n/
1803.500	1803.819	speaker#A	[그쵸.(BC/affirmative)]
1803.818	1810.207	speaker#C	그래도 그렇지 /os1 그게 /oe 역사상 그 정도로 평가받을 만한, 그 정도로 지금 안 좋다구요? /os2 채권이? /oe
1804.918	1805.243	speaker#B	/os1 [예.(BC/continuer)] /oe
1810.067	1811.082	speaker#A	/os2 그쵸. /oe 그쵸
1811.389	1811.689	speaker#B	[에.(BC/continuer)]
1812.375	1814.307	speaker#A	/os1 그니까 /oe 이게 시작점이라는 게 /os2 중요하니까요. /oe
1812.395	1812.860	speaker#C	/os1 이게 뭐 /oe
1814.087	1824.105	speaker#B	/os2 그러니까 /oe 사실은 채권 투자 안 하고 있는 사람들은 제가 뭐 (1,2달)/(한 두 달) 전부터 말씀드리지만 그 쪽 시장을 계속 열심히 보셔야 된다니까 /os1 굉 /oe, n/ 왜냐하면 지금 다 학살 당하고 있는데
1821.466	1821.841	speaker#C	/os1 [음.(BC/continuer)] /oe
1824.412	1829.322	speaker#B	우린 지금 채권 하나도 없는 /os2 거예요. /oe 그러면 당연히 n/ 돈을 갖고 있든 없든 간에
1826.043	1826.558	speaker#C	/os2 [예예.(BC/continuer)] /oe
1829.886	1837.927	speaker#B	저 쪽 시장을 보면서 어/ 어디가 고점이지? 우리는 언제 먹어야 되지? 이거 생각해야 될 때라는 거. 그래서 제가 질문이 자, 국채가 (3. 4)/(삼점사) /os2 라매요? /oe
1837.891	1838.281	speaker#C	/os2 [어.(BC/continuer)] /oe
1838.539	1846.549	speaker#B	그러면 이제 은행채는 그거보다 좀 높을 거고, 그 은행채보다 떨어지는 뭐/ 여전채 같은 건 더 높을 거고, 그다음에 회사채는 더 높을 거잖아요?
1846.941	1851.489	speaker#B	이 신용, 신용 간 (spread)/(스프레드)는 갭, 많이 벌어지고 있어요? 어떻습니까?
1851.539	1854.660	speaker#A	그쵸. 저희가 아무래도 국채시장이 안정, 그니까 순서 상
1854.660	1854.940	speaker#B	[에.(BC/continuer)]
1855.048	1858.954	speaker#A	국채 시장이 안정화되지 않았는데 신용시장이 먼저 안정되긴 당연히
1858.954	1859.478	speaker#B	[그러겠죠.(BC/affirmative)]
1859.478	1865.343	speaker#A	어렵죠. 그래서 여전히 신용시장은 굉장히 많이 벌어져 있고 그래서 말씀하신 /os2 대로 /oe 이 시장에 참가하지 않는
1863.298	1863.633	speaker#B	/os2 [음.(BC/continuer)] /oe
1865.553	1865.842	speaker#B	[에.(BC/continuer)]
1865.842	1868.235	speaker#A	흔히 말하는 (portfolio)/(포트폴리오)가 채권 쪽에는 깨끗한
1868.234	1869.734	speaker#B	개인 투자자들 대부분 /os2 그렇거든요. /oe
1869.530	1874.010	speaker#A	/os2 그분들 /oe 입장이라면 꽤나 매력적으로 보일 수 있을 것 같애요.
1874.119	1874.669	speaker#B	/os2 그래서 이제 /oe
1874.284	1874.714	speaker#A	/os2 분명히 /oe
1875.186	1885.220	speaker#B	우리가 이제 주식 시장에서도 n/ 야, 정프로 그/ 정프로 (portfolio)/(포트폴리오) 제가 이제 (credit)/(크레딧)을 다뤘던 저로서는 야, 저런 주식은 어떻게 사냐 이런 주식을 막 사고 있다고
1885.220	1885.650	speaker#C	[네.(BC/continuer)]
1885.650	1897.649	speaker#B	근데 채권시장에는 n/ 주식 시장의 관점에서 절대, 아/ 절대는 아니지, 자연스럽게 거래하는 것들도 채권시장에서는 약간 위험한 채권들도 많잖아요.
1897.649	1898.104	speaker#A	[맞습니다.(BC/affirmative)]
1898.104	1904.754	speaker#B	그죠? 근데 이제 주식의 관점에서 보면 야, 저런 채권은 부도 안 날 것 같은데 하는 채권들의 가격이 굉장히 많이 빠져 있어.
1905.061	1905.761	speaker#A	/os2 [맞습니다.(BC/affirmative)] /oe
1905.491	1916.134	speaker#B	/os2 있으니까 /oe 그러니까 (3%)/(삼 퍼센트) 이러지만 우리가 살 수 있는 채권의 가격은, 채권의 수익률은 지금 (5%)/(오 퍼센트), (6%)/(육 퍼센트), (7%)/(칠 퍼센트) 다 나오는 것도 있단 말이에요.
1916.368	1924.927	speaker#A	예, 그런 식의 논의가 나오고 있고 실제로. /os1 그래서 /oe 저도 말씀드리는 거는 어느 정도 이제 고점 부근에 와 있는 것 같다, /os1 다른 /oe
1919.343	1919.583	speaker#B	/os1 [음.(BC/continuer)] /oe
1924.183	1924.548	speaker#B	/os1 [응.(BC/continuer)] /oe
1925.526	1929.989	speaker#A	그니까 크로셋의 관점에서 다른 자산 대비로도 수익에 대한 기대값을 높이고 있기 /os2 때문에 /oe
1929.746	1929.991	speaker#C	/os2 [음.(BC/continuer)] /oe
1929.989	1930.234	speaker#B	[네.(BC/continuer)]
1930.734	1932.458	speaker#A	안전 자산인 채권이 이런
1933.473	1940.177	speaker#A	평가를 받는 게 되게 이례적인 일이거든요. /os1 그만큼 /oe 상당히 거친 조정을 이미 거쳐 왔고
1936.058	1936.413	speaker#B	/os1 [네.(BC/continuer)] /oe
1940.177	1940.612	speaker#B	/os1 [에.(BC/continuer)] /oe
1940.292	1940.597	speaker#C	/os1 [에.(BC/continuer)] /oe
1940.839	1948.714	speaker#A	이게 뭐/ 딱 끝났다라고 보기에는 좀 어렵겠지만 일정 부분 거의 이제 /os1 팔부능선을 /oe 넘었 n/ 다라고 생각을 하고 있습니다.
1946.679	1947.324	speaker#C	/os1 [음.(BC/continuer)] /oe
1948.745	1949.195	speaker#B	[음.(BC/continuer)]
1949.249	1953.474	speaker#C	가격이 이렇게 매력적이면 채권 개인들은 이제 채권 (ETF)/(이티에프) 뭐/ 이런 거 할 거 아니예요?
1953.639	1954.799	speaker#A	네 그쵸. /os2 이틈을 타 /oe
1954.333	1958.229	speaker#C	/os2 이 중에서 /oe 그러면 지금은 장기 채권, (ETF)/(이티에프) 이게 더 유리한 겁니까?
1958.465	1959.576	speaker#A	전 그렇게 생각하고 있습니다.
1959.576	1965.581	speaker#C	당연히 지금은 /os2 (ETF)/(이티에프). /oe 그중에 그러면 어/ 뭘 사면 돼요?
1960.141	1960.606	speaker#B	/os2 [음.(BC/continuer)] /oe
1965.640	1974.428	speaker#A	n/ 이게 이제 저희 같은 경우에도 애초에 (ETF)/(이티에프), 저희 계열사도 많아서 제가 여기서 막/ 뭐가 이게 말씀드리기 조금 n/ 애매한 부분이 /os1 있는데 /oe
1973.989	1978.061	speaker#C	/os1 되게 많네요. /oe 뭐가. 보니까 (20개)/(스물 개) 정도가 /os2 채권 관련 /oe (ETF)/(이티에프)가 우리나라에 있는 것 /os2 같은데 /oe
1976.069	1976.554	speaker#A	/os2 [네.(BC/continuer)] /oe
1977.784	1981.338	speaker#A	/os2 그런데 /oe 저희 같은 경우에는 일단 장기 쪽 ETF는 /os1 선호! /oe
1981.008	1981.913	speaker#B	/os1 [음. 음. (BC/continuer)] /oe
1981.693	1983.244	speaker#C	/os1 해외 /oe 쪽이에요? 아니면 우리나라 쪽이에요?
1983.245	1986.057	speaker#A	국내 해외 다 장기를 /os1 선호하고 있습니다. 네. /oe
1984.990	1986.540	speaker#C	/os1 같이 움직일 거니까. 어//oe
1986.777	1990.748	speaker#A	그래서 장기 쪽 (ETF)/(이티에프)에 대해서는 긍정적으로 생각하고 있습니다.
1990.788	1991.813	speaker#B	/os1 [음.(BC/continuer)] /oe
1990.923	1998.646	speaker#C	/os1 음. /oe 그러면 이 친구는 예를 들어 금리가 뭐/ 앞으로 내려갈 때 이제 올라가는 거죠?
1998.953	1999.333	speaker#A	그쵸.
1999.510	2001.024	speaker#C	금리가 /os2 내려갈 /oe
2000.230	2000.990	speaker#A	/os2 [맞습니다.(BC/affirmative)] /oe
2001.024	2005.338	speaker#C	때가 언제쯤부터 내려갈 거로 /os2 예측을 조심히 /oe
2004.134	2011.412	speaker#A	/os2 그니까 일단은 /oe 분명한 거는 한국이 (5월)/(오 월), 미국은 (6월)/(유 월) 정도면은 어느 정도 고점을 잡아갈 거라고 생각하고 /os2 있고 /oe
2010.641	2011.337	speaker#C	/os2 [아 그렇습니까?(BC/request confirmation)] /oe
2011.412	2021.620	speaker#A	실제로 미국 (ETF)/(이티에프), (TMF)/(티엠에프) 같은 거 보시면은 차트가 진짜 이렇게 막/ n/ 박살 나 있습니다. 그거 보시면은 아, 채권 산 사람들이 왜 힘들다고 n/ 얘기하는지 /os1 알 것 같다. /oe 느끼실 것 같애요.
2019.844	2020.719	speaker#C	/os1 [음.(BC/continuer)] /oe
2023.274	2027.874	speaker#B	구체적인 뭐/ 종목 얘기는 원래 /os1 뭐/ 잘 /oe 안하는 게 이제 채권가의 저거이기 때문에
2024.649	2025.024	speaker#C	/os1 [네.(BC/continuer)] /oe
2028.199	2042.323	speaker#B	근데 어쨌든! 여러분들이 한 번 생각해 보십시오. 여러분들이 채권을 n/ 가 갖고 있지 않다면 굉장히 큰 기회가 올 겁니다. 왜냐면 날고 긴다는 채권 매니저들이 학살이라는 표현을 쓸 정도로 n/ 어려운 거니까! 그런데 n/ 사실은
2042.962	2057.538	speaker#B	여러분들도 채권을 많이 갖고 계세요. 뭐냐면 여러분들의 예금도 채권이거든요. 예를 들면 여러분들의 그/ 그/ 예금 중에 (3년)/(삼 년) 만기 (5년)/(오 년)만기 예금을 들고 계시다면 n/ (3년)/(삼 년) 만기 (5년)/(오 년)로 채권을 사신 거나
2057.989	2071.404	speaker#B	거의 같은데 유동성이 없는 채권을 사신 거거든요? 그니까 n/ 사실은 그런 분들은 사실 굉장히 손해 보고 있는 거예요. 왜냐면 지금으로서는 뭐 (5%)/(오 퍼센트) 받을 n/ 수 있는 금리를 예전에 (2%)/(이 퍼센트)로 지금 (fix)/(픽스)해 놓은 거기 때문에
2071.404	2071.774	speaker#C	[음.(BC/continuer)]
2071.910	2076.025	speaker#B	그런 분들은 사실 장기 채권 사서 물린 채권매니저하고 똑같은 상황
2076.024	2076.474	speaker#A	[맞습니다.(BC/affirmative)]
2076.456	2087.366	speaker#B	인데, 다행스럽게 여러분들의 예금이 예를 들어 요구불 예금이라든지 혹은 수시입출금 성격의 n/ (cma)/(씨엠에이)라든지 (rp)/(알피)라든지 이런 걸로 갖고 계시다면
2087.895	2097.270	speaker#B	에/ 주식과 함께 장기 채권의 기회를 노려볼 만한 충분한 이유가 현재 벌어지고 /os2 있다. /oe 이렇게 보시면 될 /os2 것 같아요. /oe
2095.410	2095.715	speaker#C	/os2 [음.(BC/continuer)] /oe
2096.516	2109.743	speaker#C	/os2 아니 근데 지금 이제 /oe 제가 뭘 하나 열어 놓고 보고 있는데, 장기 종합 채권이에요. 액티브 근데 어/ 한 (3년)/(삼 년)전에 한 (10만 원)/(십만 원)이었다가 쭈욱 내려와서 지금 (88,000)/(팔만 팔천)원이에요?
2109.923	2110.133	speaker#B	[음.(BC/continuer)]
2112.306	2113.271	speaker#C	이게 학살 맞습니까?
2114.373	2122.830	speaker#A	그게 한국은 (ETF)/(이티에프)로 보시면은 /os1 거래량이 /oe 워낙 없어서 (pricing)/(프라이싱)이 안되는데 만약에 지금 혹시 (TMF)/(티엠에프) 한 번 보시면
2117.723	2117.953	speaker#C	/os1 [네.(BC/continuer)] /oe
2122.830	2123.185	speaker#C	[네.(BC/continuer)]
2123.690	2139.024	speaker#A	미국 쪽은 거래량이 많아서 가격 형성 기능이 좀 좋은데, 보시면 실제로 학살이라고 보실 수 있을 것 같구요. 근데 현실은 그/ 특정 상품의 가격 하락 폭을 가지고 시장의 학살 여부를 논의하기는 좀 어려울 것 같애요. /os1 근데 /oe
2138.714	2139.019	speaker#C	/os1 [예.(BC/continuer)] /oe
2139.430	2145.991	speaker#A	저도 제가 말씀드린 학살의 그 기준은 미국의 대표적인 국채 지수인 (Bloomberg Total Return)/(블룸버그 토탈 리턴) 지수 기준으로
2146.167	2146.472	speaker#C	[음.(BC/continuer)]
2146.632	2151.876	speaker#A	볼커 때가 분기당 수익률이 제일 안 좋을 때가 (5. 1)/(오점일) (-)/(마이너스) /os2 였는데 /oe
2151.032	2151.582	speaker#C	/os2 (-)/(마이너스) /oe
2151.916	2156.896	speaker#A	이번에 (-)/(마이너스)(5. 4)/(오점사)까지 나왔으니 미국 역사상 지수 수익률 기준으로는 가장 안 좋다,
2157.118	2157.413	speaker#B	[응.(BC/continuer)]
2157.792	2163.861	speaker#A	n/ 그런데 이전 /os2 하락폭, 아 이전 /oe 하락을 학살이라 했으면 새로운 학살이 있었던 게 맞죠.
2159.497	2159.897	speaker#B	/os2 [음.(BC/continuer)] /oe
2163.861	2169.591	speaker#B	음. 근데 이제 n/ 저, 저, 저 채권은, 저 /os2 채권 아까 /oe 거기에 /os1 이자가 /oe 포함된 걸 거라고
2166.861	2167.196	speaker#C	/os2 [음.(BC/continuer)] /oe
2167.911	2168.191	speaker#C	/os1 [네.(BC/continuer)] /oe
2169.774	2170.319	speaker#A	아/ 그니 예.
2170.552	2175.487	speaker#B	아까 내가 얘기한 캐리가 포함된 거라고. 그러니까 가만히 있으면 /os2 연에 /oe (3%)/(삼 퍼센트) 받는 건데
2173.962	2174.292	speaker#C	/os2 [예.(BC/continuer)] /oe
2175.648	2175.878	speaker#C	[예.(BC/continuer)]
2176.156	2179.456	speaker#B	그걸 감안하고도 (-10)/(마이너스 십) 몇 (%)/(퍼센트) 났다는 거죠.
2179.511	2180.656	speaker#C	(3년)/(삼 년) 동안
2181.157	2183.582	speaker#B	아니 정프로는 이해를 해. 정프로는 원래 n/ (3개월)/(삼 개월)에
2183.791	2184.150	speaker#C	/os2 아니 /oe
2183.986	2184.156	speaker#B	/os2 사 /oe
2184.854	2188.474	speaker#C	이거 갖고 학살이라고 그러면 n/ 내 계좌는 다 벌써 /os2 학살에 /oe
2188.249	2189.474	speaker#B	/os2 안전 /oe 자산이니까
2189.871	2190.541	speaker#C	/os1 [아.(BC/understanding)] /oe
2189.925	2193.580	speaker#A	/os1 근데 말씀하신 /oe 대로 실제로 채권은 지수 기준으로 애초에 n/
2193.580	2193.790	speaker#B	[에.(BC/continuer)]
2193.833	2194.905	speaker#A	(-)/(마이너스)가 거의 안 나요.
2194.905	2195.531	speaker#B	안 나게 돼있지.
2195.531	2198.266	speaker#A	거의 안 납니다. /os1 역사적으로 /oe (-)/(마이너스)가 난 적이
2196.196	2196.566	speaker#B	/os1 왜냐면 /oe
2198.791	2200.951	speaker#A	미국같이 역사가 오래된 국가도
2201.031	2201.361	speaker#C	[음.(BC/continuer)]
2201.466	2203.315	speaker#A	(5번)/(다섯 번)이 안 됩니다. n/ 그런데 나온 거예요.
2203.313	2213.167	speaker#C	그니까 만약에 그 얘기는 n/ 다시 지금 우리가 아/ 학살 됐어! 이 정도면 가격이 좋아! 라고 들어가더라도 (3년)/(삼 년) 열심히 올라봐야 (10%)/(십 프로) 아니냐는 거에요?
2213.564	2214.824	speaker#C	n/ 그럴 것 /os2 같으면 /oe
2214.714	2223.794	speaker#A	/os2 맞습니다. /oe 그래서 기대수익률 /os2 관점에서는 /oe 개인 투자자분들께 국채 기준으로는 매력적인, 으로 안 느껴지실 것 같애요.
2216.849	2217.229	speaker#C	/os2 [어.(BC/continuer)] /oe
2223.878	2228.693	speaker#A	/os1 다만 이제 /oe 저희가 주로 상대하는 기관 분들 입장에서는 그 정도면 사실은
2223.924	2224.864	speaker#C	/os1 [음.(BC/continuer)] /oe
2229.451	2234.322	speaker#A	굉장히 높은 수익률이기 때문에 /os2 말씀드린 거고, 네. /oe 아까 말씀하셨지만
2230.927	2233.251	speaker#C	/os2 아 그렇습니까? 아. 기관 입장에선? /oe
2234.639	2238.560	speaker#A	신용물 같은 거는 훨씬 더 수익률이 높을 거라서
2238.560	2239.089	speaker#B	/os1 [그렇죠.(BC/affirmative)] /oe
2238.590	2239.035	speaker#C	/os1 [음.(BC/continuer)] /oe
2239.089	2242.144	speaker#A	그런 쪽에서 조금 개인 분들은 /os2 보시는 거죠. /oe
2240.677	2250.263	speaker#B	/os2 아유 만약에 /oe 내가 어떤, 어떤 회산데, 회사채인데 n/ 부도 안 난, 부도 안 난다는 개런티가 있는데 지금 한 (8%)/(팔 퍼센트) 준단 말이야. 예를 들면 연에,/os1 (10년)/(십 년) /oe 동안!
2249.332	2249.897	speaker#C	/os1 [음.(BC/continuer)] /oe
2250.866	2256.043	speaker#B	(100%)/(백 퍼) 그거 n/ 사죠. /os1 내가, /oe 내가 (1억)/(일 억)을 맡기면 아니 내가 내, 예를 뭐
2252.217	2253.352	speaker#C	/os1 [음/(BC/understanding)] /oe
2256.043	2262.353	speaker#B	네/ (1억)/(일 억)을 맡기면 (1년)/(일 년)에 (800만)/(팔백 만)원 씩 꼬박꼬박 주는 거예요. /os2 그것도 /oe (3개월)/(삼 개월)에 (1번)/(한 번)씩! 분할해서!
2259.579	2260.159	speaker#C	/os2 [네. 예.(BC/continuer)] /oe
2262.916	2266.632	speaker#B	복리로 계산해 보면 엄청난 수익이 나죠. n/ 자, 요 정도 하시죠?
2267.146	2267.687	speaker#C	/os2 알겠습니다. /oe
2267.560	2268.552	speaker#A	/os2 알겠습니다. /oe n/
2268.552	2277.781	speaker#C	자, 오늘 우리 (NH)/(엔 에이치)투자증권에 강승원 책임 연구원과 함께 (FMC)/(에프엠씨) 이야기 그리고 /os1 지금 현재 /oe 채권 시장에 관련된 /os1 이야기까지 /oe 함께 들어 봤습니다.
2273.882	2274.342	speaker#B	/os1 [음.(BC/continuer)] /oe
2275.362	2275.917	speaker#B	/os1 그니까요. /oe
2277.872	2279.122	speaker#C	오늘 고생 많으셨습니다.
2279.162	2279.792	speaker#A	네. /os2 감사합니다. /oe
2279.574	2280.414	speaker#C	/os2 네. 고맙습니다. /oe
2280.996	2289.336	speaker#C	n/ 저희 신과 함께에서 가장 고정 팬층이 탄탄한 음. 바로 그 (program)/(프로그램)이죠?
2292.186	2296.803	speaker#D	n/ 전 세계 이야기 돌아다니면 아/ 정말 내가 무식하고 무식하고 무식하구나
2296.802	2302.341	speaker#E	n/ 아이 뭐/ 또 그럴 필욘 없죠. /os2 그래도 /oe 이렇게 또 알다가 또 오른쪽 귀로 들어가면 또 왼쪽 귀로 흘러나가는 게
2298.528	2299.153	speaker#C	/os2 [음.(BC/continuer)] /oe
2302.341	2304.596	speaker#E	n/ /os1 저희 기억력이고 /oe 또 인생이지 않습니까?
2302.351	2303.011	speaker#C	/os1 [음.(BC/continuer)] /oe
2314.214	2315.949	speaker#F	n/ 이 저자는 이제 핵심이 뭐냐!
2315.949	2316.108	speaker#C	[예.(BC/continuer)]
2316.108	2318.315	speaker#F	n/ 라고 하면은 인적 자본! 즉, 노동자!
2318.313	2319.114	speaker#G	n/ 사람이 똑똑해야
2319.116	2325.925	speaker#F	n/ 사람이 똑똑해야 된다. 자기가 쭉 여러 나라를 연구해 보니까 /os1 중진국 /oe 덫에 걸리는 나라들하고 그렇지 않은 나라들하고는 그런 면에서 좀 차이가 /os2 있더라. /oe
2321.695	2322.320	speaker#C	/os1 [음.(BC/continuer)] /oe
2325.875	2326.360	speaker#G	/os2 [음.(BC/continuer)] /oe
2326.322	2329.144	speaker#F	n/ 지나고 생각을 해 보면 사회적 수준이 높아져야
