0.455	20.332	speaker#A	그럼 이제, 좀/ 다음 이제 어떻게 보면 (chapter)/(챕터)로 좀/ /os2 넘어 가봐도 /oe 괜찮을 것 같은데, 그러면 어쨌든, 대형 건축사 사무소에 다니고 계신 거잖아요. 우리가 일반적으로 말하면 아는 사무소잖아요. n/ 근데, 그런 규모의 사무소를 선택해서 가게 된 뭐/ 아까 말씀하신 뭐/ /os2 거리라든가 n/ /oe 
3.975	4.170	speaker#B	 /os2 [예.(BC/continuer)] /oe 
20.110	20.295	speaker#B	 /os2 [예.(BC/continuer)] /oe 
20.357	31.009	speaker#A	그런 거를 /os2 제외하고 /oe 이제 어떻게 보면 직업적으로 건축 안에서 봤을 때 선택하게 된 계기가 있다면 n/ 뭐/ 어떤 계기가 /os2 있을지 뭐 설명을 좀. /oe 
22.447	22.647	speaker#B	 /os2 [네.(BC/continuer)] /oe 
29.392	47.289	speaker#B	 /os2 네. 어/ /oe n/ 그니까 지금도 되게 이게 독특하기도 해요. /os1 그니까 /oe 지금은 전혀 다른 도시와 공동 주택 설계를 하고 있지만, 전 전통 건축을 전공을 /os2 했거든요. /oe 그래서 또 당연히 한옥 설계를 하는 그런 전통 목구조 기반의 사무실로 갈 것 같았고,
34.580	34.860	speaker#A	 /os1 [네.(BC/continuer)] /oe 
41.075	41.615	speaker#A	 /os2 [네.(BC/continuer)] /oe 
47.376	49.904	speaker#A	저도 /os2 그러실 줄 알았어요. 원래는. /oe 
48.032	49.582	speaker#B	 /os2 [예. 예예예.(BC/continuer)] /oe 
49.953	52.145	speaker#B	그런 쪽의 설계에 관심이 많았었죠.
52.263	52.730	speaker#A	[네.(BC/continuer)]
52.778	63.235	speaker#B	근데 이제 커리큘럼 상 이제 (5학년)/(오 학년) /os1 과정 /oe (5년)/(오 년) 과정의 일반 설계를 이제 배우고 하다 보니깐, 그/ 거/ 전통 건축 자체가 일반 설계를 아예 모르고 하는 게 아니잖아요.
55.024	55.444	speaker#A	 /os1 [음.(BC/continuer)] /oe 
63.265	63.634	speaker#A	[그쵸.(BC/affirmative)]
63.660	69.082	speaker#B	똑같이 설계 과정을 이수하면서, 추가적으로 그런 목구조에 대한 지식을 습득하다 /os1 보니까. /oe 
68.556	68.831	speaker#A	 /os1 [음.(BC/continuer)] /oe 
69.510	86.997	speaker#B	당연히 일반 설계에 대한 그/ 지식도 갖추어져 있었고, 고민도 있었구요. 그래서 예전에 학생 때 그/ 설계와 디테일에 관심이 많았는데, /os1 (4)/(사) /oe (5)/(오) 학년을 거치면서 이런 도시 설계나 졸업 작품으로 공동 주택 설계를 한 번 해보게 되면서 /os1 이 쪽에 /oe 또 관심이 갔던 거 같아요.
78.670	78.975	speaker#A	 /os1 [네.(BC/continuer)] /oe 
84.775	85.225	speaker#A	 /os1 [네.(BC/continuer)] /oe 
87.464	92.878	speaker#B	그서 결과적으로 인제 우리가 말하는 그 (community)/(커뮤니티)가 무엇인가에 대한 고민들을 좀
93.527	113.458	speaker#B	이제 저의 건축관에 /os1 그런 것들이 /oe 자리를 잡게 되었고, n/ 지금도 그 관심이 /os2 여전하고요. /oe 그래서 제 건축으로 얘기를 하자면 그/ (community)/(커뮤니티)를 구현한다는 게 중요한 /os2 관점으로 /oe n/ 제 건축관으로 자리를 잡게 됐는데, n/ 이런 고민 속에서 제가 인제 하고 싶은 설계를 취업 준비를 하면서 고민을 하긴 했죠.
95.097	95.422	speaker#A	 /os1 [어.(BC/continuer)] /oe 
98.942	99.677	speaker#A	 /os2 [음/(BC/understanding)] /oe 
105.827	106.212	speaker#A	 /os2 [예.(BC/continuer)] /oe 
113.930	132.050	speaker#B	사실 그 고민들이 한 (1여 년)/(일 여 년) 전부터 이제 계속돼 있었고, 한 (4학년)/(사 학년) 정도부터 그래서 그 과정에서 지원을 하게 된 게 또 정림건축이기도 해요. /os1 그니까 /oe 대형 사무소 중 유일하게 그 당시에 아마 유일했던 것 같고, 지금은 다른 부분도 있는데, 그 문화 재단, 정림건축 문화 재단을 운영하면서
123.685	124.165	speaker#A	 /os1 [음.(BC/continuer)] /oe 
132.645	151.664	speaker#B	또 이제 그/ 사회에 공헌한다는 그런 관점도 마음에 들었고요, /os1 그런 것들이 어떻게 보면 /oe (community)/(커뮤니티)의 근간이라는 생각을 했고, /os1 건강한 /oe 공간을 만든다는 그 회사의 핵심 가치, /os1 그런 가치 지향적인 /oe 방향성 또 그/ 조직 설계를 지향하면서 저희를 표방하는 단어 중에 하나가 아뜰리에 집단이에요.
136.415	137.665	speaker#A	 /os1 [음/(BC/understanding)] /oe 
139.555	140.100	speaker#A	 /os1 [어.(BC/continuer)] /oe 
143.140	144.180	speaker#A	 /os1 [음/(BC/understanding)] /oe 
151.664	167.033	speaker#B	 /os1 그래서 각각의 팀과 /oe 그 소들이 다 이제 하나의 /os2 아뜰리에로서 작용을 한다라는게 /oe 저희의 정체성이기 때문에 이런 팀원들과 독자적인 설계를 그/ 존중을 해준다는 것 /os1 그리고 그 핵심 /oe 가치 중에 하나지만 함께 일한다는 점.
151.753	153.039	speaker#A	 /os1 [음/(BC/understanding)] /oe 
156.459	157.829	speaker#A	 /os2 [아/(BC/understanding)] /oe 
163.605	164.650	speaker#A	 /os1 [음/(BC/understanding)] /oe 
167.378	167.973	speaker#A	 /os1 [음.(BC/continuer)] /oe 
167.623	178.755	speaker#B	/os1 이것이 /oe 되게 여러모로 저한텐 매력적으로 다가왔고, /os1 제가 /oe 지향하는 그/ (community)/(커뮤니티)를 구현하기에 괜찮은 환경이라는 생각이 들어서 /os1 정림건축을 선택을 /oe 했어요.
171.523	171.808	speaker#A	 /os1 [네.(BC/continuer)] /oe 
176.772	177.858	speaker#A	/os1 [음.(BC/understanding)] /oe
178.871	184.664	speaker#A	오/ n/ 되게 예. 또 /os2 말씀 /oe 아/ n/ 예 아
181.586	183.001	speaker#B	 /os2 여기까지가 /oe 공식적인 답변
184.718	195.166	speaker#B	 n/ 그렇다고 해면 예 당연히 /os1 예 /oe . 이런 것도 있고 네. 당연하게도 인제 현실적인 /os2 측면에서 /oe 또 고민을 많이 하게 됐는데, 아까 말씀드렸다시피 인제 그/
186.223	188.348	speaker#A	 /os1 [네. 그쵸. 네.(BC/affirmative)] /oe 
190.703	191.178	speaker#A	 /os2 [네.(BC/continuer)] /oe 
195.552	212.263	speaker#B	 n/ 출퇴근하는 /os1 거리도 /oe 있었고, 또 비교적 더 나은 조건으로 내가 이제 첫 사회에 발을 디딜 수 있다는 점이 /os1 더 매력적이기도 /oe 했어요. /os2 당연한 얘기잖아요. /oe 그래서 인제 공공연하게 그런 설계 일이 업무 강도가 높고 그런
196.412	196.892	speaker#A	 /os1 [네.(BC/continuer)] /oe 
203.567	204.082	speaker#A	 /os1 [음.(BC/continuer)] /oe 
205.117	206.232	speaker#A	 /os2 [그쵸. 네.(BC/affirmative)] /oe 
213.244	227.188	speaker#B	이렇게 열악한 조건에서 /os1 n/ 일을 /oe 할 수밖에 없는데, 그/ 나은 조건에서 출발을 할 수 있다는 것 /os1 근데 그 와중에 /oe 이런 /os1 개념적인 게 /oe 예. 설계관과 맞닿아 있는 /os1 그런 회사를 /oe 선택을 할 수 있었다는 게 큰 장점인 거 같아요.
214.734	215.064	speaker#A	 /os1 [네.(BC/continuer)] /oe 
218.504	219.269	speaker#A	 /os1 [그쵸. 네.(BC/affirmative)] /oe 
220.609	222.059	speaker#A	 /os1 [예예예.(BC/continuer)] /oe 
223.514	224.179	speaker#A	 /os1 [음.(BC/continuer)] /oe 
227.188	232.057	speaker#B	 /os1 전 /oe 지금도 굉장히 만족스럽게 /os1 일을 /oe 하고 있구요. 예/ .
227.193	227.648	speaker#A	 /os1 [오.(BC/continuer)] /oe 
229.988	230.388	speaker#A	 /os1 [예.(BC/continuer)] /oe 
232.057	248.201	speaker#A	사실 제가 이제 이거는 개인적인 이야기일 수도 있지만, 저희 학교 (curriculum)/(커리큘럼) 상 대형 건축사 사무소를 준비하는 과정이 쉽지가 않잖아요. /os1 이/ 지금은 /oe 이제 어떻게 바뀌었을지 모르겠지만, 저희 당시에는 (9월)/(구 월)이 전시였기 /os2 때문에 /oe n/ 
241.447	242.022	speaker#B	 /os1 [맞습니다.(BC/affirmative)] /oe 
247.397	248.047	speaker#B	 /os2 [맞습니다.(BC/affirmative)] /oe 
248.283	265.506	speaker#A	대형 건축사 사무소를 준비하기 위한 그/ 시간이 사실 /os2 애매해요. 근데 /oe 그럼에도 불구하고 그 바쁜 시간을 짬을 내서 /os1 준비를 /oe 또 하신 /os2 거였잖아요 /oe . 그/ 사실 아시겠지만, 더 많은 대다수의 학생들이 준비를 사실 /os2 못하잖아요. /oe 
252.278	252.832	speaker#B	 /os2 [맞아요.(BC/affirmative)] /oe 
256.908	257.138	speaker#B	 /os1 [음.(BC/continuer)] /oe 
258.243	258.458	speaker#B	 /os2 [예.(BC/continuer)] /oe 
264.943	265.423	speaker#B	 /os2 [맞습니다.(BC/affirmative)] /oe 
265.656	269.377	speaker#A	네. 그런 과정들에 대해서 간단하게 설명해 주시면 좋을 것 /os2 같아요. /oe 
269.031	287.148	speaker#B	 /os2 그/ /oe 현찬님이 말씀하신 그 어려운 점이 그러니까/ 졸업 전시를 준비를 /os2 하면서 /oe 회사 지원을 해야 하는 자소서와 포트폴리오가 동시에 병행이 돼야 된다는 점이 /os1 당연히 /oe 어려움이죠. 그러니까 그런 것들에서 인제/ 대형 사무소를 지원할 기간들을 놓치는 친구들도 많았어요.
273.851	274.486	speaker#A	 /os2 [네.(BC/continuer)] /oe 
279.136	279.531	speaker#A	 /os1 [네.(BC/continuer)] /oe 
287.674	304.971	speaker#B	 n/ 네, 이 졸업 작품을 준비하는 과정이 당연히 좀/ 고통의 연속이었죠. 스스로 한계도 많이 /os2 느끼고 /oe 현찬님도 아시겠지만, 이제/ 한 학기 동안 진행했던 설계를 뒤엎고 n/ 방학 때 /os1 인제 두 달 /oe 여 동안 새로 인제/ 설계를, 졸업 전시를 준비하던 과정이었어요. 당시 상황은
293.124	293.644	speaker#A	 /os2 [네.(BC/continuer)] /oe 
299.049	299.394	speaker#A	 /os1 [예.(BC/continuer)] /oe 
305.437	318.782	speaker#B	네. 예전에 n/ 인제 학교 특성상 (2학기)/(이 학기) 초반에 시작을 하기 때문에, (2달)/(두 달) 만에 바싹 준비를 해야 했고, 실제로도 그/ 전시장에 작품 전시를 해놓고, 그날 면접장에 가야 하는 /os1 상황이기도 /oe 했어요.
317.257	317.662	speaker#A	 /os1 [예.(BC/continuer)] /oe 
319.144	336.247	speaker#B	 n/ 네. 다만 이제/ 저는 조금 나았던 점은 준비를 스스로 해놨던 점이 있었죠. 그까/ 오래전부터 제 포트폴리오에 /os1 대한 구상을 /oe 해놨었어요. 그/ 저학년부터 설계를 이제/ 하던 과정, 이 과제와 더불어서 내가 어떤 건축을 할 것인가라는 그 기준이 /os2 있었고 /oe 
327.089	327.474	speaker#A	 /os1 [음.(BC/continuer)] /oe 
335.819	336.254	speaker#A	 /os2 [네.(BC/continuer)] /oe 
336.308	352.230	speaker#B	그에 맞춰서 인제/ 목표 설정을 했던 것이에요. n/ /os1 또 /oe 인제 그렇기 때문에 학년이 지날수록 그고민과 결과물이 /os1 발전하는 /oe 걸로 포트폴리오에 담길 수가 있었고, 그/ 쉽게 제 자신의 작품과 제 자신을 설명할 수 있는 상황이었어요.
339.073	339.803	speaker#A	 /os1 [음.(BC/continuer)] /oe 
344.063	344.998	speaker#A	 /os1 [음/(BC/understanding)] /oe 
352.453	371.906	speaker#B	 /os1 실제 /oe 그 포트폴리오 구성 자체는 인제/ 졸업 작품을 제외하곤 준비가 돼있는 상황이었어요. /os1 그 잠깐 /oe (4학년)/(사 학년) 때 사실 학교에서 미리 요청을 하고 제출을 하라고 하긴 하는데, 대부분 좀/ 이렇게 짜집기 해서 급급하게 내긴 하지만, /os1 저는 /oe 그 순서나 이런 것들을 좀/ 어느 정도 구상을 해서 졸업 설계 전에 준비를 해놓은 상황이었구요.
352.483	352.978	speaker#A	 /os1 [음/(BC/understanding)] /oe 
357.518	358.403	speaker#A	 /os1 [오우(BC/assessment)] /oe 
365.938	366.348	speaker#A	 /os1 [네.(BC/continuer)] /oe 
371.954	372.433	speaker#A	[네.(BC/continuer)]
372.433	387.930	speaker#B	그래서 인제/ 마지막 졸업작품은 실제로 최종본으로 싣지도 못했죠. /os1 그렇지만, /oe 충분히 제가 생각했던 그/ 제 고민들과 결과물이 잘 담겼고 그걸 가지고 저를 설명할 수 있었기 때문에 그/ 좋은 결과로 이어졌다고 생각을 해요.
376.636	377.251	speaker#A	 /os1 [음.(BC/continuer)] /oe 
387.930	390.545	speaker#A	 /os1 (respect)/(리스펙) /oe 합니다.
389.585	389.990	speaker#B	 /os1 그래서 /oe 
390.691	391.625	speaker#C	(respect)/(리스펙트)!
392.140	407.148	speaker#B	근데 뭐/ 그게 그/ 막/ 깊게 준비를 했다기보다는 /os1 아시겠지만, /oe 뭐/ 예를 들면, 작품의 제목을 맞췄던 /os2 부분들이다든가, 일반적인 /oe 제목들이 아니라 /os1 약간 /oe 궁금증을 자아낼 수 있고, /os2 약간 내 작품을 의 /oe 은유화해서
396.740	396.975	speaker#A	 /os1 [네.(BC/continuer)] /oe 
400.355	401.155	speaker#A	 /os2 [예예.(BC/continuer)] /oe 
402.925	403.380	speaker#A	 /os1 [음.(BC/continuer)] /oe 
405.290	406.305	speaker#A	 /os2 [음/(BC/understanding)] /oe 
407.515	420.562	speaker#B	어떤 이미지와 어떤 결과물을 만들고자 하는지를 이렇게 제목들에 담았던 /os1 그게 가장 컸었고, /oe /os1 또 인제 /oe 고민하는 건 스튜디오의 주제랑 별개로 내가 이번 학기에는 요런 시도를 한번 해봐야지 했던 /os1 것들? /oe 
412.205	413.160	speaker#A	 /os1 [아. 네네네.(BC/continuer)] /oe 
413.770	414.570	speaker#A	 /os1 [음/(BC/understanding)] /oe 
420.150	420.550	speaker#A	 /os1 네. /oe 
420.605	432.209	speaker#B	그런 것들이 개괄적으로 준비가 돼있었죠. /os1 결국에는 /oe 마지막에 가서 다 인제 구성을 인제 얹기만 하면 되는 상황이긴 했는데, /os1 고렇게 /oe 준비를 했던 것
423.875	424.755	speaker#A	 /os1 [음/(BC/understanding)] /oe 
430.463	430.933	speaker#A	/os1 [네.(BC/continuer)] /oe
433.144	436.566	speaker#A	그게 /os2 이제 아주 /oe 주요한 관점일 수 /os2 있겠네요. /oe 
433.678	433.894	speaker#B	/os2 [네.(BC/continuer)] /oe
436.158	436.549	speaker#B	/os2 [그렇죠.(BC/affirmative)] /oe
437.289	442.704	speaker#A	그게 여러분, 이렇게 해야 합니다. n/ 미리 /os1 n/ 준비가 되어 /oe 있어야 합니다. n/ 
440.924	441.529	speaker#B	 /os1 너무 너무. /oe 
442.704	452.084	speaker#B	 n/ 아/그렇게 들릴까 봐 걱정을 했는데 그냥 살짝 생각은 /os1 해보세요. /oe /os1 결국에는 /oe 내가 어떤 사람인가를 한번 n/ 이렇게 보여주는 부분이다 보니까
446.874	446.999	speaker#A	 /os1 [네.(BC/continuer)] /oe 
447.729	447.959	speaker#A	 /os1 [네.(BC/continuer)] /oe 
452.204	464.476	speaker#A	그러니까 /os1 이게 /oe 갑작스럽게 (1달)/(한 달) 만에 준비하는 나의 그 이야기들은 티가 날 수 밖에 /os2 없다고 생각을 해요. /oe 매 학기마다 내가 고민했던 것들에 대한 그 /os2 제목 /oe 
452.700	452.930	speaker#B	 /os1 [네.(BC/continuer)] /oe 
459.129	459.769	speaker#B	 /os2 [맞습니다.(BC/affirmative)] /oe 
464.269	464.469	speaker#B	 /os2 [네.(BC/continuer)] /oe 
464.569	477.437	speaker#A	그런 것들은 사실은 갑자기 내가 취업 준비한다고 해서 나오는 건 아니라고 생각하거든요. 물론, 그게 뭐/ 잘 맞아서 우연치 않게 뭐/ 될 수도 있겠지만, 이야기를 들어보면은 그런 건 /os2 아니거든요. /oe 
477.174	477.339	speaker#B	 /os2 [음.(BC/continuer)] /oe 
477.531	489.678	speaker#A	저도 대형 사무소를 가지는 못했지만, 그 과정에 대해서 후회는 없는 게, 그 과정에 매번 충실하고 내가 하고자 했던 것들을 어/ 진짜 끝까지 다 해냈던 그 과정들이 /os2 있었기 땜에 /oe 
488.721	489.506	speaker#B	 /os2 [그렇습니다.(BC/affirmative)] /oe 
490.169	498.037	speaker#A	사실 그거에 대한 아쉬움은 없거든요. 그런 관점으로 봤을 때, 달랐던 점은 저는 포트폴리오를 미리 준비하지 않았습니다. n/ 
498.290	517.388	speaker#A	 /os1 그니까 그때 말씀하셨죠, /oe (4학년)/(사 학년) 마칠 때 학교에 제출해야 /os2 됐던 포트폴리오는 /oe 거의 제가 봐줄 수 없을 정도로 급급하게 그냥 짜집기 했던 /os1 그게 /oe 제 케이스였어요. 그래서 나중에 이제 졸전이 끝나고 준비를 시작하다 보니깐 애초에 지원 자체를 할 수가 없었어요. /os1 저는. /oe 
498.420	499.050	speaker#B	 /os1 [네네.(BC/continuer)] /oe 
501.900	502.235	speaker#B	 /os2 [예.(BC/continuer)] /oe 
507.305	507.675	speaker#B	 /os1 [네네.(BC/continuer)] /oe 
516.715	517.360	speaker#B	 /os1 [그렇습니다.(BC/affirmative)] /oe 
517.388	532.533	speaker#A	그게 이제 학교 특성마다 n/ 뭐 (5월)/(오 월), 막/ (6월)/(유 월)에 이제 /os2 졸작을 /oe 끝내시는 분들 그나마 /os2 조금 여건이 나을 수 있는게 /oe 어/ 저희는 특히 열악했던 조건이었기 때문에 /os1 예 지금은 달라졌으니까. 네. /oe 
521.773	521.913	speaker#B	 /os2 [음.(BC/continuer)] /oe 
523.588	525.828	speaker#B	 /os2 이렇게 (1학기)/(일 학기)에 마무리하는 /oe 
529.632	532.408	speaker#B	 /os1 지금은 그래요. 달라졌어요. 예. 네. /oe 
532.533	546.783	speaker#A	그래서 어떻게 보면 그때 경쟁으로 봤을 때 좀/ 타이밍도 잘 맞았고, /os1 준비도 /oe 어느 정도 /os2 되어있었고, /oe 그래도 또 졸작도 잘 끝났고, 저 전시할 때 영상이 있거든요. 그 영상을 찾아가 /os2 보시면, /oe 
537.383	537.863	speaker#B	 /os1 [맞습니다.(BC/affirmative)] /oe 
539.003	539.248	speaker#B	 /os2 [음.(BC/continuer)] /oe 
546.168	546.768	speaker#B	 /os2 아 거기 있나? /oe 
546.796	554.877	speaker#A	 /os2 작품이 있어요. 예. /oe 영상 제가 이렇게 /os1 멋있게 /oe 담아서 n/ 해 놨기 때문에 또 /os2 찾아보시면 아 아니 아니 제가. /oe 
547.112	548.007	speaker#B	 /os2 아/ 있어요? /oe 
548.901	549.786	speaker#B	 /os1 [예예예예.(BC/continuer)] /oe 
551.815	554.905	speaker#B	 /os2 너무 또 오래전꺼라 또 그렇고 지금 부끄러워요. 예. /oe 
554.911	559.491	speaker#A	이번에 /os1 졸작을 /oe /os2 다녀와보니깐 /oe 뭐 괜찮습니다. n/ 
555.436	555.571	speaker#B	 /os1 [네.(BC/continuer)] /oe 
556.886	557.061	speaker#B	 /os2 [음.(BC/continuer)] /oe 
559.491	563.328	speaker#B	 n/ 같이 갔다 /os2 왔잖아요. /oe n/ 재미있게 또 졸작 /os1 구경을 /oe 하고 왔어요.
560.416	560.606	speaker#A	 /os2 [네.(BC/continuer)] /oe 
562.151	562.596	speaker#A	 /os1 [네.(BC/continuer)] /oe 
563.408	565.335	speaker#A	 n/ 네. 마지막 작품입니다.
572.716	581.776	speaker#A	 n/ 특히 제 지인 중에서는 마음 고생을 특히 많이 했던 친구입니다. n/ 그렇지만 이렇게 결국 결과물을 잘 내었고,
587.216	588.909	speaker#A	 n/ 이렇게 보니 부럽네요.
592.573	600.228	speaker#A	 n/ 방학 내내 이것만 붙들고 열심히 노력했는데, 고생 많았다잉. 이제 취업만 잘하자.
610.755	623.348	speaker#A	 n/ 여기까지입니다. n/ 네. 그래서 어/ 얘기 들어보니까 /os1 저 /oe 항상 얘기해요. 그/ 유튜브에서도 약간 영경님을 빗대어서 직접 얘기 한 건 아니지만,
616.045	616.200	speaker#B	 /os1 [음.(BC/continuer)] /oe 
623.802	631.760	speaker#A	대형 건축사 사무소를 가려면 이렇게 해야된다라고 설명하는 게 항상 n/ 영경님을 빗대서 설명을 /os2 했었거든요. 네. /oe 
630.597	631.737	speaker#B	 /os2 부끄럽네요. 네. /oe 
632.354	635.213	speaker#A	그래서 n/ 참 좋았던 것 같아요. 다음 또 넘어가보면,
635.239	635.453	speaker#B	[네.(BC/continuer)]
635.869	645.684	speaker#A	이제 조금 이제 n/ 일상적인 그/ 얘기들을 좀 곁들여서 좀/ 해볼까 /os2 해요. /oe 예 n/ 요즘에 그/ 최근에 (life style)/(라이프스타일)에 대해서 또 관심사라든가
640.100	640.405	speaker#B	 /os2 [예.(BC/continuer)] /oe 
646.155	648.430	speaker#A	뭐/ 일상적인 얘기도 /os2 한 번 해보면 /oe 좋을 것 같아서 n/ 
647.285	647.415	speaker#B	 /os2 [음.(BC/continuer)] /oe 
648.499	663.210	speaker#B	 n/ 네. 어/ 뭐 최근이라고 했을 때, 요 근래는 사실 좀 일이 바빠지긴 했어요. 근데, 바쁘지만 즐겁게 일을 하고 있고요, 비교적 작년에는 좀/ 여유가 있는 상황이었어서, 개인적인 것들에 좀/ 관심을 둘 수 있는 상황이긴 했어요.
663.299	663.578	speaker#A	[네.(BC/continuer)]
663.590	681.502	speaker#B	그래서 한 (2,3년차)/(이, 삼 년 차)를 지나면서 저 스스로도 되게 힘든 시기를 겪기는 했어요. /os2 뭐 지금 /oe 똑같이 현찬님도 인터뷰에서 얘기를 /os2 하셨었잖아요. /oe 약간 이렇게 맞닥뜨린 건축계의 현실과 실망 /os2 이런 부분들에 /oe 대한 고민이 있고, 어/ 하는 일에 대한 불확신이라던가 이게 맞나 싶은 그런 고민들
668.895	669.020	speaker#A	 /os2 [음.(BC/continuer)] /oe 
672.050	672.330	speaker#A	 /os2 [네.(BC/continuer)] /oe 
675.410	675.815	speaker#A	 /os2 [예.(BC/continuer)] /oe 
681.882	694.177	speaker#B	지금도 여전히 이렇게 개운하진 않지만 n/ 일적인 여유가 있기 때문에 들었던 잡생각이라는 생각도 했었어요. /os1 n/ 그래서 /oe /os2 그 시간만큼 /oe 나를 좀 돌아보는 시간을 가지는
688.572	689.087	speaker#A	 /os1 [아/(BC/understanding)] /oe 
690.122	690.757	speaker#A	 /os2 공감합니다. /oe 
695.067	708.241	speaker#B	과정이었죠. 작년에. /os2 그래서 /oe 생전 하지 않던 운동 같은 것도 목표를 세우고 어/ 헬스장에 다니면서 한 (1년)/(일 년) 정도 이제 운동을 하면서 바디 프로필 촬영, 이런 것도 했었고,
696.257	696.637	speaker#A	 /os2 [네.(BC/continuer)] /oe 
708.302	708.758	speaker#A	[네.(BC/continuer)]
708.895	719.700	speaker#B	또 인제 목공방에 /os1 등록을 해서 /oe 이제/ 그런 가구들을 만들고 하면서 약간 그 작은 디테일을 다루는 거에 대한 /os1 목마름을 채우기도 /oe 했고요.
710.544	711.130	speaker#A	 /os1 [음.(BC/continuer)] /oe 
717.520	718.590	speaker#A	 /os1 [음/(BC/understanding)] /oe 
720.049	733.155	speaker#B	또 인제 뭐/ 술을 잘 못했었는데, /os1 이제 와인이나 위스키 같은 /oe 것들을 인제 /os2 막 경험을 /oe 해보면서 제 취향을 찾아가기도 하고, 또 그런 시간들을 가졌더니 한층 자신감이 또 생기고,
723.249	724.619	speaker#A	 /os1 [음. 네.(BC/continuer)] /oe 
725.479	726.004	speaker#A	 /os2 [예.(BC/continuer)] /oe 
733.265	741.627	speaker#B	 /os1 뭐 /oe 집중할 수 있는, 다시 일에 업무에 집중을 할 수 있는 환경이 갖추어지는 것 같아요. 그래서 /os1 n/ 이래서 워라밸이 중요한가보다라는 /oe 생각도 하고요.
733.280	733.835	speaker#A	 /os1 [음.(BC/continuer)] /oe 
738.810	739.790	speaker#A	 /os1 [음/(BC/understanding)] /oe 
742.413	752.830	speaker#B	 /os1 그 지금도 네네네. /oe 그니까 일적인 자신감이 떨어지니깐, /os1 그런 /oe 의욕이나 이런 것들이 많이 또 사라지기 /os2 했었는데 /oe 
742.463	746.603	speaker#A	 /os1 네. (balance)/(밸런스)를 되찾은 상태이신데. 음. /oe 
748.683	749.038	speaker#A	 /os1 [네.(BC/continuer)] /oe 
751.598	752.048	speaker#A	 /os2 [그쵸. 네.(BC/affirmative)] /oe 
753.564	765.453	speaker#B	생산적으로 나를 /os1 좀 바삐 /oe 움직여 볼려고, /os1 그 /oe 시간 시간에, 사실 설계 일을 하면서 그런 시간을 /os1 갖기 힘들다는 게 갖기 힘들잖아요. 저거는. /oe 
754.849	755.209	speaker#A	 /os1 [음.(BC/continuer)] /oe 
756.739	757.114	speaker#A	 /os1 [음.(BC/continuer)] /oe 
762.649	765.424	speaker#A	 /os1 일반적인 네 .일반적인 생각은 그렇죠. 네. /oe 
765.453	770.934	speaker#B	또 어떻게 보면 운이 좋았던 거기도 해요. /os1 네. /oe 다만 그 시간을 조금 이렇게 흘려보내지 않고, 그래도
767.251	767.891	speaker#A	 /os1 [음/(BC/understanding)] /oe 
771.017	784.294	speaker#B	 /os1 내가 /oe 뭔가 나 자신을 다시 채울 수 있는 것들을 찾은 거? /os1 틈을 /oe 내서라도 많은 시간을 쓰지는 않더라도 고런 것들, 내가 하고 /os2 싶은 것들을 /oe 꾸준히 하시는 게 또 필요하지 않을까? 라는 생각도 드네요.
771.037	771.317	speaker#A	 /os1 [네.(BC/continuer)] /oe 
774.757	775.357	speaker#A	 /os1 [음/(BC/understanding)] /oe 
779.922	780.257	speaker#A	 /os2 [음.(BC/continuer)] /oe 
784.335	792.890	speaker#A	그니까 다른 데서 어떻게 보면 자신감을 조금 충족할 수 있는 부분도 /os2 있고, /oe 하지 못했던 것들에 대한 거를 또 여기서 또 /os2 채우기도 하고 /oe 
788.060	788.375	speaker#B	 /os2 [예.(BC/continuer)] /oe 
792.225	792.550	speaker#B	 /os2 [그쵸.(BC/affirmative)] /oe 
792.890	795.830	speaker#A	그런 게 되게 /os2 도움이 /oe 많이 되신 거 같애요.
794.200	794.415	speaker#B	 /os2 [음.(BC/continuer)] /oe 
796.075	809.304	speaker#B	회사에서는 내 색깔을 보여주기가 힘들잖아요. 내 /os2 내가 어떤 사람인지를 보여주기가 /oe 힘든데, 약간 그/ 내 색깔을 다시 충전을 /os2 하는 /oe 네 그런 시간이었고, /os2 그니까 /oe 그게 이렇게 드러나더라고요. 표상이 되고,
799.075	800.450	speaker#A	 /os2 그쵸 그쵸. 네. /oe 
804.430	804.690	speaker#A	 /os2 [네.(BC/continuer)] /oe 
806.020	806.335	speaker#A	 /os2 [네.(BC/continuer)] /oe 
809.405	817.411	speaker#A	아/ 저는 /os2 이제 /oe 저 얘기긴 하지만, 코로나 /os2 이전에는 /oe 주기적으로 이렇게 기타 치고 /os2 노래할 수 /oe 있는 자리가 /os2 있었어요. /oe 
810.005	810.370	speaker#B	 /os2 [음.(BC/continuer)] /oe 
813.190	813.410	speaker#B	 /os2 [음.(BC/continuer)] /oe 
815.335	815.510	speaker#B	 /os2 [아!(BC/assessment)] /oe 
816.640	817.415	speaker#B	 /os2 [맞아요.(BC/affirmative)] /oe 
851.802	870.762	speaker#A	근데, 코로나 이후로 지금 거의 (2년)/(이 년) 넘게 /os1 한 번도 /oe 그런게 /os2 없었거든요. /oe 인제 저는 약간 그런 게 좀 /os2 아쉬웠던 거가 /oe 있는거 같아요. 그리고 다른 면으로 이제 말씀하신 것처럼, 일에 대한 자신감이라든가 이런 게 또 결혼 /os2 준비하면서 /oe 다른 것들에 대한 관심이 또 있고,
854.932	855.077	speaker#B	 /os1 [음.(BC/continuer)] /oe 
857.082	857.567	speaker#B	 /os2 [음.(BC/continuer)] /oe 
859.927	860.142	speaker#B	 /os2 [음.(BC/continuer)] /oe 
867.637	868.282	speaker#B	 /os2 [아/ 그쵸.(BC/affirmative)] /oe 
871.062	890.833	speaker#A	물론 그런 그런 것 때문에 버텨 온 것도 /os2 있지만, /oe 반대로 또 충족하지 못하는 것들에 대한 약간 뭐/ 그리움도 /os2 있고, /oe 일적으로 회의감도 있고 이러니깐 그게 좀 어려웠는데, 최근에 그나마 다시 조금, 저도 요즘 요즘에 저는 항상 그/ 달리기에 대한 갈망이 좀 /os2 있었거든요. /oe 근데 n/ 이제 /os1 이제 /oe 좀
874.202	874.432	speaker#B	 /os2 [음.(BC/continuer)] /oe 
878.397	878.867	speaker#B	 /os2 [음.(BC/continuer)] /oe 
888.437	888.902	speaker#B	 /os2 [아.(BC/continuer)] /oe 
890.042	890.312	speaker#B	 /os1 [네.(BC/continuer)] /oe 
891.734	901.023	speaker#A	몸도 이제 관리할 겸 /os1 하면서 /oe 달리기를 시작하니까 확실히 좀 스트레스가 /os2 풀리더라구요. /oe 그래서 확실히 말씀하신 것 처럼
893.769	894.134	speaker#B	 /os1 [음.(BC/continuer)] /oe 
897.534	898.219	speaker#B	 /os2 [그쵸. 어/(BC/affirmative)] /oe 
901.770	912.054	speaker#A	 /os2 힘들어도 /oe 조금이라도 /os1 틈을 /oe 내서 좀/ 몸을 바삐 한번 움직일 수 있는 다른 거를 해보면 도움이 되는 건 진짜 공감하게 되는 거 /os2 같습니다. /oe 
902.645	902.810	speaker#B	 /os2 [어.(BC/continuer)] /oe 
903.760	903.835	speaker#B	 /os1 [어.(BC/continuer)] /oe 
911.479	921.554	speaker#B	 /os2 그/ 제가 /oe 했던 것들을 이렇게 얘기를 드렸지만, 저는 그나마 시간 여유가 있었기 때문에 이런 것들을 조금 /os2 집중해서 할 수 있었는데, /oe 사실 더 대단한 거는 현찬님이
918.044	918.394	speaker#A	 /os2 [아아/.(BC/continuer)] /oe 
921.757	931.772	speaker#B	 /os1 그니까 /oe 그/ n/ 바쁜 업무 일정 속에도 뭐/ 결혼 준비들도 있고 /os1 했는데도, /oe 틈틈이 이렇게 촬영도 하고 n/ 유튜브 업로드도 하고 그 와중에 (running)/(러닝)도 하고
921.772	922.172	speaker#A	 /os1 [네.(BC/continuer)] /oe 
926.111	926.366	speaker#A	 /os1 [네.(BC/continuer)] /oe 
932.163	948.682	speaker#B	사실 저를 이렇게 많이 칭찬해 주지만, /os2 사실 /oe 본인이 n/ 더 그런 /os1 어떻게 보면은 n/ 충만한 /oe 삶을 살고 있기 때문에, n/ /os1 아/ /oe 사실 되게 귀감이 되는 /os1 네. / 존경하는 친구입니다. n/ 예. /oe
934.703	935.213	speaker#A	 /os2 [네.(BC/continuer)] /oe 
937.573	939.048	speaker#A	 /os1 오늘은 제가 주인공이 아닌데, /oe 
941.098	941.603	speaker#A	 /os1 [예.(BC/continuer)] /oe 
943.728	946.168	speaker#A	/os1 네. 갑자기 갑자기 더운데요? n/ /oe
948.682	949.921	speaker#A	아/ /os2 감사합니다. /oe 
949.592	949.922	speaker#B	 /os2 [네.(BC/continuer)] /oe 
950.135	952.715	speaker#A	그럼 뭐 또 자연스럽게 다음 /os2 걸로 또 넘어가 볼까요? /oe 
951.615	952.720	speaker#B	 /os2 아/ 좋습니다. /oe 
953.075	971.492	speaker#A	이거는 조금 많은 분들이 약간 귀가 약간 열릴 수도 있을 것 같아요. 궁금해 /os2 하는 게 /oe 건축을 대하는 그 /os2 마음가짐이 /oe 그/ 학생 때와 비교해서 /os1 어떻게 /oe 지금 다른 지가 또 학생분들은 궁금해하실 수 /os2 있거든요. /oe 그리고 또 같은 /os2 직장인들도 /oe 
958.630	958.900	speaker#B	 /os2 [네.(BC/continuer)] /oe 
961.835	961.995	speaker#B	 /os2 [네.(BC/continuer)] /oe 
964.600	964.810	speaker#B	 /os1 [음.(BC/continuer)] /oe 
968.895	969.375	speaker#B	 /os2 [음.(BC/continuer)] /oe 
971.035	971.220	speaker#B	 /os2 [예.(BC/continuer)] /oe 
971.614	978.840	speaker#A	또 이게 괜히 또 다 비슷하겠지만, 대형 /os2 건축사 사무소 다니면 /oe 또 어떨까요? 궁금해하실 것 같아요.
975.334	976.354	speaker#B	 /os2 [맞아요. 네.(BC/affirmative)] /oe 
979.153	982.947	speaker#B	건축이라는 그 키워드에 관해서는 학생 때랑 같기도 하고
982.947	983.432	speaker#A	[네.(BC/continuer)]
983.432	999.002	speaker#B	다르기도 하다고 생각을 해요. /os1 그래서 /oe 건축에서 제가 인제 중요하게 생각하는 지점은 여전히 유지하면서 이제 반영할려고 노력을 하고 있고, n/ 그런 일들을 하고 있기도 해요. /os1 뭐 /oe 말씀드렸다시피, 인제 앞선 그런 커뮤니티를 만들기 위한 방법들 같은 경우
985.287	985.497	speaker#A	 /os1 [네.(BC/continuer)] /oe 
994.532	994.762	speaker#A	 /os1 [네.(BC/continuer)] /oe 
999.090	999.598	speaker#A	[네.(BC/continuer)]
999.669	1013.413	speaker#B	네. 기존에는 인제 그 학생 단계의 건축이 디자인에 대한 관점이 대부분 그렇듯이, 약간 보이는 부분에 갇혀 있는 게 /os2 많았어요. /oe 음/ 어떤 그/ 공간에 대한 부분도 인제 그것을 만들기 위한 과정 자체도
1008.304	1008.609	speaker#A	 /os2 [네.(BC/continuer)] /oe 
1014.408	1023.677	speaker#B	이제 그 디자인이라고 하는 그 외피라고 해야 될까요? 그런 부분에 많이 인제 집중이 되어 있지만, 그게 전부는 아니잖아요. /os2 그게 수단일 텐데 /oe 
1022.073	1023.463	speaker#A	 /os2 [네네네. 그쵸그쵸. 네.(BC/affirmative)] /oe 
1023.869	1033.072	speaker#B	그래서 보이는 부분에 집중을 하다 보면은, 놓치는 부분이 많은 것 같애요. 특히나 인제 학생 설계 때에는 그런 부분이 도드라져 보이기 때문에 /os2 그럴수 밖에 없었던 /oe 거 같은데,
1031.624	1032.299	speaker#A	 /os2 [음/(BC/understanding)] /oe 
1033.785	1046.302	speaker#B	지금 인제 아/ 뭐 이렇게 얘길 하긴 뭐 한데, 그/ 건축을 작품으로 대하는 마음이 클수록 /os1 약간 /oe 그/ 내 애착이 강하다 보면은 /os2 얘를 /oe 망치게 되는 거 같아요. /os1 예 또/ /oe 실무를 하다 보니깐 느끼는 부분 중에 하나인데,
1039.105	1039.340	speaker#A	 /os1 [네.(BC/continuer)] /oe 
1041.450	1041.610	speaker#A	 /os2 [예.(BC/continuer)] /oe 
1042.815	1043.795	speaker#A	 /os1 [아. 어어/(BC/understanding)] /oe 
1046.389	1046.678	speaker#A	[네.(BC/continuer)]
1047.265	1058.984	speaker#B	그니까 내가 정답도 아닐뿐더러, 이거를 인제 온전히 경험하는 /os1 사람들은 /oe 내가 아니거든요. /os1 대형 설계 /oe 사무소에 있다 보면은, 그/ 공간을 경험하는 사람들이 또 더 다수가 되다보니깐,
1051.091	1051.681	speaker#A	 /os1 [음/(BC/understanding)] /oe 
1053.170	1053.380	speaker#A	 /os1 [그쵸.(BC/affirmative)] /oe 
1059.003	1061.598	speaker#A	 /os2 보편적이면서 다양하고 /oe 
1059.728	1061.308	speaker#B	 /os2 [예예. 네.(BC/continuer)] /oe 
1061.718	1073.197	speaker#B	그래서 그런 점에서는 좀 적당히 약간 거리를 두고, 냉정하게 이 결과물, /os2 작품이라고 /oe 안 하려고 /os2 하는데, /oe 이거를 받아들이는 /os2 태도가 중요하지 않나라는 /oe 생각을 하게 됐고.
1067.205	1067.315	speaker#A	 /os2 [네.(BC/continuer)] /oe 
1069.194	1069.729	speaker#A	 /os2 [아/ 네.(BC/continuer)] /oe 
1071.098	1072.278	speaker#A	 /os2 [음/(BC/understanding)] /oe 
1073.781	1081.942	speaker#B	네. 그/ 그런 점에서 건축을 바라볼 때, 조금은 더 일로서의 관점이 더 크게 강해졌고, /os1 포괄적으로 /oe 보려고 노력을 하게 됐어요.
1079.686	1080.351	speaker#A	 /os1 [음/(BC/understanding)] /oe 
1082.566	1102.088	speaker#B	더불어서 지금은 인제 건축을 하기 위해서 인제 남을 위한 건축을 만들기 위해서 내가 먼저 n/ 건강해져야 된다는 /os1 생각이 /oe 많이 들었죠, 이게 단순히 그/ 워라밸 인제 뭐 퇴근하고서 나의 그/ 삶의 균형 이런 것도 중요하지만, 그것뿐만이 아니라, 스스로 내 자신을 가다듬는 게 필요하다는 생각을 합니다.
1090.591	1091.196	speaker#A	 /os1 [네/(BC/understanding)] /oe 
1102.182	1115.748	speaker#B	 /os1 그/ /oe 건축을 얘기를 하기보다는 나와 우리를 얘기를 해야 /os2 된다는 걸까요, /oe 이 커뮤니티를 만드는 것도 그렇지만, 그/ 어/ 작품으로서 이렇게 본 /os2 다기보다는 /oe 
1102.267	1102.762	speaker#A	 /os1 [음/(BC/understanding)] /oe 
1107.582	1108.387	speaker#A	 /os2 [네/(BC/understanding)] /oe 
1115.417	1115.742	speaker#A	 /os2 [네.(BC/continuer)] /oe 
1115.775	1124.671	speaker#B	여기가 인제 그/ 삶이 이루어지는 공간이라는 /os1 관점으로 /oe 조금은 더 건물을 대하게 됐다고 해야 될까요? 약간, /os2 두루뭉술하게 /oe 설명을 했는데,
1119.350	1119.840	speaker#A	 /os1 [와.(BC/assessment)] /oe 
1123.300	1124.110	speaker#A	 /os2 [음/(BC/understanding)] /oe 
1124.714	1125.217	speaker#A	[네.(BC/continuer)]
1125.765	1130.064	speaker#B	명확하게 정리하기는 힘드네요. 요런 n/ 부분은 n/ 제가 더 정리가 더 필요한 부분이기도 하고,
1130.312	1146.968	speaker#A	딱 요기까지만 /os1 딱 /oe 들었을 때 드는 생각은, 비슷한 결로 공감이 가다가 저는 살짝 다르다고 느끼는 게, /os1 지금 /oe 제가 이해하는 게 맞는지 한번 /os2 들어보세요. /oe 만약에 이게 얘기하셨을 때, 직업이라는 개념도 있지만, /os2 학생 /oe 때는 나의 작품일 수 있어요 그건 /os2 인정하는데, /oe 
1131.332	1131.512	speaker#B	 /os1 [예.(BC/continuer)] /oe 
1137.182	1137.287	speaker#B	 /os1 [네.(BC/continuer)] /oe 
1139.227	1139.657	speaker#B	 /os2 [네. 아.(BC/continuer)] /oe 
1143.467	1143.557	speaker#B	 /os2 [네.(BC/continuer)] /oe 
1146.667	1146.857	speaker#B	 /os2 [네.(BC/continuer)] /oe 
1147.316	1150.962	speaker#A	회사로 오게 되면, 일이라는 특성도 있고 /os1 직업 /oe 때문에
1150.116	1150.246	speaker#B	 /os1 [네.(BC/continuer)] /oe 
1150.984	1166.088	speaker#A	 /os1 그리고 /oe 말씀하신 것처럼 그/ 설계 내용 자체도 클라이언트가 개인이 /os2 아니라 /oe 아무래도 대중적인 개념이 크기 /os2 때문에 /oe 말씀하신 것처럼 하나의 정답이 아니라
1150.999	1151.429	speaker#B	 /os1 [예.(BC/continuer)] /oe 
1157.959	1158.559	speaker#B	 /os2 [맞아요.(BC/affirmative)] /oe 
1161.999	1162.229	speaker#B	 /os2 [음.(BC/continuer)] /oe 
1166.262	1166.447	speaker#B	[음.(BC/continuer)]
1166.780	1177.739	speaker#A	보편적으로 납득이 될 만한 /os2 것들을 찾아 봐야 되고 /oe 그러다 보니까 여기까지 저도 너무 /os2 공감했는데, 약간 /oe 저랑 결이 다르다 /os1 느꼈던 /oe 거는, 커뮤니티라는 /os2 개념 /oe 
1169.025	1170.270	speaker#B	 /os2 [맞습니다. 예.(BC/affirmative)] /oe 
1173.365	1173.935	speaker#B	 /os2 [음음.(BC/continuer)] /oe 
1174.960	1175.645	speaker#B	 /os1 [음.(BC/continuer)] /oe 
1177.385	1177.720	speaker#B	 /os2 [음.(BC/continuer)] /oe 
1177.770	1191.696	speaker#A	그게 되게 영경님의 특별한 점인 거 /os2 같아요. 저는 /oe 어떤 게 생각이 들었냐면, 최근에 이제 구조적인 거를 많이 다루다 보니까 /os1 정확성에 /oe 대한 얘기가 되게 n/ 크더 /os1 라고요, 그리고 /oe 놓치면 /os2 안 된다. 그런 개념이 /oe 
1180.290	1181.150	speaker#B	 /os2 [음. 예.(BC/continuer)] /oe 
1185.645	1185.770	speaker#B	 /os1 [음.(BC/continuer)] /oe 
1188.000	1188.760	speaker#B	 /os1 [아/ 예.(BC/understanding)] /oe 
1190.560	1191.680	speaker#B	 /os2 [아/ 맞습니다. 네.(BC/affirmative)] /oe 
1191.718	1193.187	speaker#A	그것도 되게 공감하실 것 같애요.
1193.218	1198.932	speaker#B	어/ 최근에 재해나 /os1 이런 /oe 것들에 /os1 대한 /oe 문제점들이 /os1 건축 /oe 일에서 계속 발생을 하고 있다고 보니까 /os1 특히나 /oe 
1193.823	1194.683	speaker#A	 /os1 [네.(BC/continuer)] /oe 
1194.878	1195.163	speaker#A	 /os1 [네.(BC/continuer)] /oe 
1196.188	1196.373	speaker#A	 /os1 [네.(BC/continuer)] /oe 
1198.273	1198.508	speaker#A	 /os1 [네.(BC/continuer)] /oe 
1198.932	1199.347	speaker#A	[네.(BC/continuer)]
1199.347	1200.764	speaker#B	더 신경 /os2 써야 되니깐 /oe 예.
1200.017	1200.427	speaker#A	 /os2 [그러니까요.(BC/affirmative)] /oe 
1200.937	1212.067	speaker#A	그래서 어떤 오차를 줄이려고 하는 /os2 그런, /oe 관점이 저는 /os2 최근에 /oe 많았던 것 같아요. 그러니까 단순하게 건축적으로 정확한 것도 필요하겠지만,
1203.474	1203.604	speaker#B	 /os2 [예.(BC/continuer)] /oe 
1205.713	1205.808	speaker#B	 /os2 [네.(BC/continuer)] /oe 
1212.479	1222.802	speaker#A	여러 업체들하고 같이 하는 거잖아요. /os1 학생 /oe 때는 개인으로 /os2 하던 게, /oe 같이 하다 보니까 이쪽에서도 전문가라고 하고 전문 분야라고 하는 사람이 일을 해서 주지만
1214.599	1215.129	speaker#B	 /os1 [맞습니다.(BC/affirmative)] /oe 
1216.329	1216.569	speaker#B	 /os2 [음.(BC/continuer)] /oe 
1222.819	1223.177	speaker#B	[네.(BC/continuer)]
1223.728	1236.802	speaker#A	제가 봤을 때 무조건 전적으로 믿는 게 /os2 아니라, /oe 제가 봤을 때 이상해 보이는 것도 있거든요. /os1 그게 /oe 이제 실제로 나중에 그냥 묵인하고 가면, 문제가 /os2 커질 수도 있어요. 생길 수 밖에 없어요. /oe 결국에
1226.918	1227.208	speaker#B	 /os2 [음.(BC/continuer)] /oe 
1229.148	1229.578	speaker#B	 /os1 [맞습니다.(BC/affirmative)] /oe 
1234.253	1236.443	speaker#B	 /os2 뭔가 문제가 생기더라고요. 근데, /oe 
1236.824	1237.035	speaker#B	[네.(BC/continuer)]
1237.208	1249.828	speaker#A	그래서 나도 /os2 (check)/(체크)하고 /oe 여기서도 (check)/(체크)하고 그거를 그런 책임감의 문제. 음/ 그런 정확성을 /os2 요하는 게 /oe 요즘에 저한테는 /os2 되게 이슈가 /oe 됐던 거 같거든요. 그래서 그런 것도 되게 공감하실 것 /os2 같아요. /oe 
1239.103	1239.313	speaker#B	 /os2 [음.(BC/continuer)] /oe 
1244.878	1245.263	speaker#B	 /os2 [맞아요.(BC/affirmative)] /oe 
1246.383	1246.683	speaker#B	 /os2 [음.(BC/continuer)] /oe 
1249.728	1250.333	speaker#B	 /os2 공감 /oe 하죠.
1250.333	1253.359	speaker#A	 /os1 그 /oe 똑같이 공동주택을 /os1 경험을 /oe 해봤기 때문에
1250.393	1250.703	speaker#B	 /os1 [네.(BC/continuer)] /oe 
1252.113	1252.438	speaker#B	 /os1 [네.(BC/continuer)] /oe 
1253.416	1253.869	speaker#A	[네.(BC/continuer)]
1254.588	1264.670	speaker#B	이게 아/ 그니까 /os1 그 /oe 확실히 학생 때랑은 /os1 관점이 /oe 달라질 수밖에 없고, /os1 조금 더 /oe 책임감을 가지게 된다는 /os1 것 이라고 /oe 공통적인 /os2 부분으로 얘기를 할 수 있을 /oe 것 같애요.
1256.234	1256.604	speaker#A	 /os1 [그쵸.(BC/affirmative)] /oe 
1257.718	1257.928	speaker#A	 /os1 [네.(BC/continuer)] /oe 
1259.298	1259.488	speaker#A	 /os1 [네.(BC/continuer)] /oe 
1261.628	1261.888	speaker#A	 /os1 [네.(BC/continuer)] /oe 
1263.243	1264.033	speaker#A	 /os2 [음/(BC/understanding)] /oe 
1265.296	1278.993	speaker#A	이제 /os2 제가 /oe 하나 좀/ 물어보고 싶은 게 이제/ 커뮤니티라는 개념이 /os1 저는 /oe 약간 너무 일에 약간 치우치다 보니까 커뮤니티라는 단어가 /os1 아파트의 /oe (community)/(커뮤니티) /os2 시설로 /oe 자칫 처음에 /os2 받아들일 뻔했거든요. /oe 
1265.631	1265.846	speaker#B	 /os2 [네.(BC/continuer)] /oe 
1269.481	1269.726	speaker#B	 /os1 [네.(BC/continuer)] /oe 
1274.091	1274.331	speaker#B	 /os1 [네.(BC/continuer)] /oe 
1276.421	1276.851	speaker#B	 /os2 [아/(BC/understanding)] /oe 
1277.866	1278.866	speaker#B	 /os2 [예. 네네.(BC/continuer)] /oe 
1279.036	1291.921	speaker#A	근데 이제 말씀하신 /os2 커뮤니티는 /oe 진짜 본질적인 커뮤니티라는 개념을 /os1 그렇게. 한번 그거에 대해서 살짝만 /oe 얘기해 주실 수 있을까요? /os1 커뮤니티라는 거를? /oe 
1280.741	1280.991	speaker#B	 /os2 [음.(BC/continuer)] /oe 
1284.886	1288.676	speaker#B	 /os1 네. 말씀하신 개념으로 얘기를 한 그게 있죠. 네. /oe 
1290.076	1292.220	speaker#B	 /os1 아/ 요거를. /oe 네.
1292.427	1293.326	speaker#A	아 뒤에 /os1 좀 /oe 
1293.067	1293.297	speaker#B	 /os1 [네.(BC/continuer)] /oe 
1293.348	1304.432	speaker#B	뒤에 이어서 /os2 뭐 제 /oe 제가 마지막으로 인제 개인적으로 하고 /os2 싶은 얘기를 할 때 조금 더 설명을 드리도록 할게요. 근데, /oe 당연하게도 현찬님이 /os2 말씀하신 /oe 것처럼 /os1 (community)/(커뮤니티) /oe 시설들이
1294.523	1294.833	speaker#A	 /os2 [어.(BC/continuer)] /oe 
1296.648	1300.523	speaker#A	 /os2 음 아 그러면 좀 아껴둘까요? 네, 좋아요. 네. /oe 
1301.628	1301.863	speaker#A	 /os2 [네.(BC/continuer)] /oe 
1302.748	1303.213	speaker#A	 /os1 [네.(BC/continuer)] /oe 
1304.469	1304.771	speaker#A	[네.(BC/continuer)]
1304.786	1312.260	speaker#B	딱 거기가 목표 자체가 /os1 그런 /oe 소통을 만드는 /os2 공간으로 설계가 되는 거기 /oe 때문에, /os2 당연히 포괄이 /oe 돼있는 부분이고
1306.397	1306.852	speaker#A	 /os1 [네.(BC/continuer)] /oe 
1309.011	1309.936	speaker#A	 /os2 [음/(BC/understanding)] /oe 
1310.646	1310.891	speaker#A	 /os2 [네.(BC/continuer)] /oe 
1312.287	1312.637	speaker#A	[네.(BC/continuer)]
1313.035	1316.035	speaker#A	 /os2 그러면 /oe 약간 /os2 아껴뒀다가 마지막에, 네. /oe 
1313.255	1313.450	speaker#B	 /os2 [네.(BC/continuer)] /oe 
1314.485	1320.947	speaker#B	 /os2 예 뒤에 인제 /oe n/ 제 하고 싶은 얘기할 때 조금 더 /os1 이어서 설명을 해볼게요. /oe 
1319.235	1320.580	speaker#A	 /os1 [예. 알겠습니다. 네.(BC/affirmative)] /oe 
1321.082	1331.578	speaker#A	그러면 /os2 인제 /oe 어떻게 보면 좀/ 정리되는 이제/ 시간일 것 /os2 같애요. /oe 아직 질문이 좀 남긴 /os2 했지만 네. /oe 앞으로의 계획에 대해서 한번 이야기 해 주시면 좋을 것 같아요.
1321.662	1321.857	speaker#B	 /os2 [네.(BC/continuer)] /oe 
1324.677	1324.852	speaker#B	 /os2 [예.(BC/continuer)] /oe 
1326.197	1326.602	speaker#B	 /os2 [네.(BC/continuer)] /oe 
1331.640	1335.885	speaker#B	네. 아/ 지금 이제 동일하게 /os1 (4년차)/(사 년 차)를 /oe 겪고 있는 상황이죠.
1333.961	1335.031	speaker#A	 /os1 [네. 네.(BC/continuer)] /oe 
1335.927	1336.317	speaker#A	[네.(BC/continuer)]
1336.489	1349.362	speaker#B	이제 이 시점을 지나면서, 어느덧 n/ 인제 건축사 시험을 볼 수 있는 자격이 /os2 갖추어졌죠. /oe 그래서 공감하시겠지만, 야 나는 아는 게 하나도 없는데, n/ 하면 할수록 모르는 게 더 많은데
1342.089	1342.594	speaker#A	 /os2 [네.(BC/continuer)] /oe 
1349.410	1355.906	speaker#B	 /os1 게 /oe 암튼 그래서 건축사 공부를 하고 /os2 있습니다. /oe 그래서 가능하다면 이제/ 내년 정도까지는 마무리를 하고 싶은데,
1349.460	1349.705	speaker#A	 /os1 [네.(BC/continuer)] /oe 
1351.995	1352.330	speaker#A	 /os2 [음.(BC/continuer)] /oe 
1355.970	1356.735	speaker#A	[네.(BC/continuer)] n/ 
1356.790	1362.546	speaker#B	뭐 마침 이번 주에 그/ (9월)/(구 월) 시험 응시 기간이라서 신청을 했고, /os2 (9월)/(구 월)에 /oe 첫 시험을 앞두고 있고요,
1361.120	1361.390	speaker#A	 /os2 [네.(BC/continuer)] /oe 
1362.681	1363.111	speaker#A	[어.(BC/continuer)]
1363.066	1368.463	speaker#B	이렇게 좀 설렁설렁 공부해가지고 n/ 아무튼 내 내년까지는 마무리하고 싶어요. 이게
1368.464	1369.045	speaker#A	[네.(BC/continuer)]
1369.045	1374.045	speaker#B	일단은 일차적인 목표는 올해 그리고 내년까지는 이제 건축사 취득이
1374.140	1374.775	speaker#A	[음.(BC/continuer)]
1374.843	1377.677	speaker#B	예/ 가장 가까운 목표라고 할 수 있을 것 같애요.
1377.739	1378.166	speaker#A	[네.(BC/continuer)]
1378.197	1390.108	speaker#B	네. 이게 건축사를 취득하자고 마음을 먹은 게, /os2 약간 /oe 그/ 스스로 만족이 큰 것 같아요. 이거를 가지고 인제 제 이름으로 일을 하고 /os1 싶은 생각은 조금 /oe 갈수록 적어지긴 해요.
1381.192	1381.437	speaker#A	 /os2 [네.(BC/continuer)] /oe 
1387.462	1388.647	speaker#A	 /os1 [음/(BC/understanding)] /oe 
1390.222	1409.442	speaker#B	 /os1 예. /oe 현실적인 조건도 인제 창업을 하고, 내 사무실을 계속 한다는 게 쉽지 않은게 /os1 사실이기도 /oe 하고, 또 인제 갈수록 건축이 이게 함께 하는 일이라는 게 인제/ 제 생각이에요. 음/ 그래서 내 작품이 아니라고 말씀드렸다시피 그것만은 제 /os1 확신이고, /oe 내 이름으로 도장을 찍는 사람일 순 있는데,
1390.332	1390.612	speaker#A	 /os1 [네.(BC/continuer)] /oe 
1396.427	1396.832	speaker#A	 /os1 [그쵸.(BC/affirmative)] /oe 
1406.392	1407.217	speaker#A	 /os1 [음/(BC/understanding)] /oe 
1410.159	1423.989	speaker#B	그게 인제 내 작품이라고 말하고 싶지는 /os1 않아졌다라고 /oe 해야 될까요. 내가 함께 이거에 참여를 했고, 좋은 것을 만들겠다라는 목표 정도면은 충분한 거 같아요. /os1 그니까 조 조직 /oe 설계를 한다는 게 또/ 그런 거라고 생각을 하고요.
1412.489	1413.583	speaker#A	 /os1 [아/ 네.(BC/understanding)] /oe 
1419.284	1420.354	speaker#A	 /os1 [음/(BC/understanding)] /oe 
1424.128	1424.453	speaker#A	[네.(BC/continuer)]
1424.557	1434.123	speaker#B	그리고 그 이후에는 이제/ 건축사 취득을 하고 난 다음에는 조금 공부를 더 하고 싶긴 해요. /os1 예. /oe 그/ 인제/ 학생 때는 한때 유학도 생각을 했지만,
1429.789	1430.494	speaker#A	 /os1 [아/ 어.(BC/understanding)] /oe 
1434.520	1441.046	speaker#B	뭐 현실에 찌든 걸 수도 있고, /os2 이제 지금은 /oe 여건상 그거는 쉽지 않을 수 있고요, /os1 국내에서는 /oe 대학원을 진학을 해 볼 생각입니다.
1436.026	1436.381	speaker#A	 /os2 [네네.(BC/continuer)] /oe 
1438.545	1438.745	speaker#A	 /os1 [네.(BC/continuer)] /oe 
1441.073	1443.537	speaker#A	어/ /os1 대학원 석사과정을 /oe 
1441.499	1452.333	speaker#B	 /os1 그/ 예. 예 석사 /oe 과정을 뭐 아직까지도 구체화 되지 않았지만 n/ 한 (2년)/(이 년) 이제 석사정도 하고 그이후에도 계속 건축설계 일을 할 것 같애요. /os2 저는 n/ /oe 
1451.484	1452.309	speaker#A	 /os2 [음/(BC/understanding)] /oe 
1452.447	1456.406	speaker#A	그 n/ 석사 분야는 어떤 쪽으로 혹시 해보고 /os2 싶으신게 얘기해 줄 수 있나요? /oe 
1455.342	1459.952	speaker#B	 /os2 아무래도 도시. /oe 쪽을 하고 있다 보니까 /os1 그쪽에 /oe 전문성을 좀 더 /os2 갖추기 /oe 위해서
1457.696	1457.846	speaker#A	 /os1 [네.(BC/continuer)] /oe 
1458.896	1459.156	speaker#A	 /os2 [음.(BC/continuer)] /oe 
1460.551	1468.614	speaker#B	그리고 연구 주제는 또 인제 제가 설정하기 나름이니까, /os1 그런 것들을 /oe 제대로 이제 좀 지도 받을 수 있는 교수님들을 /os1 찾아봬야 /oe 되지 않을까
1463.446	1464.561	speaker#A	 /os1 [예. 그쵸그쵸. 예.(BC/affirmative)] /oe 
1467.066	1467.461	speaker#A	 /os1 [음/(BC/understanding)] /oe 
1469.114	1478.217	speaker#B	그서 인제 내년까지 건축사 마무리하면서, 그 과정 중에서 내년에 같이 /os2 병행해서 n/ /oe 준비를 해봐야 /os2 되겠죠. 예. 맞아요. 예. /oe 
1473.834	1474.419	speaker#A	 /os2 [네.(BC/continuer)] /oe 
1475.194	1478.149	speaker#A	 /os2 네. 또 어떤 인사이트가 있을지 모르니까 그때까지 또 예. /oe 
1478.307	1491.375	speaker#B	섣불리 뭐 지금 딱 /os2 말씀드리긴 어려워요. /oe 계속 그때그때 생각이 바뀌다 /os2 보니까 n/ /oe 그리고 인제 뭐/ 계속 설계 일을 할 것 같아요. /os1 장기적으로는 /oe 좋아하는 일을 할 수 있어서 지금은 행복하고요.
1479.753	1480.958	speaker#A	 /os2 [그쵸. 예예.(BC/affirmative)] /oe 
1482.972	1483.827	speaker#A	 /os2 [맞습니다. 네.(BC/affirmative)] /oe 
1487.447	1488.037	speaker#A	 /os1 [음/(BC/understanding)] /oe 
1491.514	1491.879	speaker#A	[네.(BC/continuer)]
1492.020	1506.296	speaker#B	그 비슷한 연차 친구들은, 이제/ 뭐/ 인제/ 대형사에 있는 친구들은 특히나 시행사든, 건설사든 이런 /os1 다른 /oe 건축 일을 하러 인제/ 이직을 많이 하는 상황이긴 n/ 한데, n/ 저는 아직은 그렇게는 생각은 /os2 없고 n/ /oe 
1499.285	1499.550	speaker#A	 /os1 [그쵸.(BC/affirmative)] /oe 
1505.550	1506.185	speaker#A	 /os2 [음.(BC/continuer)] /oe 
1506.887	1511.672	speaker#B	설계업 안에서 인제/ 저도 마찬가지로 이직을 그렇게 고민하고 있진 않고,
1511.744	1512.401	speaker#A	[네.(BC/continuer)]
1512.482	1520.232	speaker#B	그냥 좋은 공간을 n/ 만드는 일에, /os1 이제 /oe 상황이 생긴다면 뭐 그런 가능성이 없지는 않지만, /os2 지금은 계속 설계를 하겠다. 이곳에서 /oe 예.
1514.637	1515.077	speaker#A	 /os1 [네.(BC/continuer)] /oe 
1517.902	1519.552	speaker#A	 /os2 [음/ 네.(BC/understanding)] /oe 
1521.381	1521.842	speaker#A	좋네요.
1521.890	1522.228	speaker#B	네.
1522.338	1535.878	speaker#A	그러면 그 정도가 지금 이제 계획이라고 이제 /os1 정리를 /oe 해도 /os2 되겠습니까? 네. /oe n/ 그러면 이제/ 이거는 또 뒤에 이제 좀 질문이 두 가지 정도 남았는데, 이것도 중요한 얘기일 수 있을 것 /os2 같아요. /oe 네.
1525.723	1525.888	speaker#B	 /os1 [네.(BC/continuer)] /oe 
1526.983	1527.173	speaker#B	 /os2 [네.(BC/continuer)] /oe 
1535.153	1535.363	speaker#B	 /os2 네. /oe 
1536.308	1543.212	speaker#A	대형 사무소와 아뜰리에를 n/ 이제 고민하고 계신 분들이 많을 거에요. 저도차도 그랬었고
1543.232	1543.656	speaker#B	[네.(BC/continuer)]
1543.838	1552.312	speaker#A	뭐/ 영경님도 그 생각을 안 해보진 않으셨을 거 /os2 같아요. 네. /oe 그래서 그런 분들, 고민하고 있는 분들에게 /os1 해주고 /oe 싶은 말이 있다면.
1547.188	1547.458	speaker#B	 /os2 [맞아요.(BC/affirmative)] /oe 
1550.743	1550.923	speaker#B	 /os1 [네.(BC/continuer)] /oe 
1552.817	1566.787	speaker#B	/os1 그 /oe 취업 시즌이기도 하고, /os2 인제 고민이 /oe n/ 많을 것 같은데, 좀 어/ 저는요. 말씀을 드리고 싶은 게, 너무 막연하게 생각하지 말고 명확하게 약간 그 결론을 내려서 선택을 해야 된다는 거 /os1 예, 예, /oe 그러니까 단순히 뭐
1552.852	1553.647	speaker#A	 /os1 [네.(BC/continuer)] /oe 
1554.607	1554.752	speaker#A	 /os2 [네.(BC/continuer)] /oe 
1564.697	1565.397	speaker#A	 /os1 [아/(BC/understanding)] /oe 
1567.196	1572.890	speaker#B	그렇게 대형 설계사무소와 아뜰리에를 구분하기에는 너무나도 다양한 그 건축 /os2 일들이 있고 /oe
1571.997	1572.867	speaker#A	 /os2 [맞습니다. 네.(BC/affirmative)] /oe 
1572.890	1585.776	speaker#B	건축 안에서도 인제 다양한 규모의 설계 사무소들이 있고, 프로젝트 규모가 있잖아요. /os1 그래서 /oe 일단은 말씀드리고 싶은 건, 일단은 다 넣어본다는 아닌 거 같아요. /os1 저는 그 전략은 아닌 거 같아요. 아/ /oe 개인적인 관점입니다만,
1577.731	1578.211	speaker#A	 /os1 [음.(BC/continuer)] /oe 
1582.599	1584.549	speaker#A	 /os1 [음/ 음.(BC/understanding)] /oe 
1585.821	1586.194	speaker#A	[네.(BC/continuer)]
1586.255	1603.051	speaker#B	할 수 있는데, 그/ 할 순 있어요. 근데 합격, 불합격을 떠나서 그/ 후회할 일이 분명히 생길지도 모른다는 그게 큰 거 같아요. 그러니까 당연하고 그렇게 인제 다 넣어본다라는게 일반적이고 전략적인 접근일 순 있지만, 저는 개인적으로는 싫더라고요. /os1 그게 원론적인 /oe 이야기가 아니라
1601.300	1601.850	speaker#A	 /os1 [음/(BC/understanding)] /oe 
1603.409	1622.358	speaker#B	약간 진짜 약간 자기 자신부터 돌아보는 시간이 필요해요. /os1 이 내 것 /oe 내 포트폴리오를 만들기 전에, 그래서 그/ 돌아보는 과정이 선행되야 될 것 같고요. 서류를 보고, 면접을 보고, 실기도 보고 있는 회사에서 평가하는 그런 과정들이 함께 일하고 싶은 사람을 보는 과정이란 /os1 말이에요. /oe 
1607.124	1607.919	speaker#A	 /os1 [음/(BC/understanding)] /oe 
1621.924	1622.319	speaker#A	 /os1 [그쵸.(BC/affirmative)] /oe 
1622.369	1632.749	speaker#B	그래서 나를 먼저 잘 정리를 하는 과정이 필요한 거 같아요. 자소서를 쓰기 전에, /os1 포트폴리오를 /oe 만들기 전에, 그리고 나는 어떤 사람인가랑 더불어서 내가 해왔던 건축이 무엇인가.
1626.739	1626.944	speaker#A	 /os1 [음.(BC/continuer)] /oe 
1632.946	1633.529	speaker#A	[음.(BC/continuer)]
1633.588	1639.119	speaker#B	또 인제 채용하는 사람도 여러분을 평가는 하지만, 먼저 선택권을 가지는 건 여러분이에요.
1639.193	1639.517	speaker#A	[음.(BC/continuer)]
1639.635	1642.505	speaker#B	그쵸. 내가 /os1 지원하는 회사를 /oe 결정하는 게, 넣을지 말지
1640.195	1640.660	speaker#A	 /os1 [그쵸.(BC/affirmative)] /oe 
1642.552	1642.869	speaker#A	[음.(BC/continuer)]
1642.904	1654.072	speaker#B	이 회사에서 하는 일이 나랑 맞는지 아닌지, 저 소장님이 나랑 잘 맞는 사람일지, 그게 당연한 얘기지만 포트폴리오에서 나를 포장하는 일이 거짓말을 하는 게 아니라서,
1654.072	1669.962	speaker#B	내 장점을 부각을 하고, 단점을 장점으로 바꾸는 일이에요. /os1 그래서 /oe 이 내가 지원하는 이곳에 맞는 사람인가를 점검하는 그 과정이 중요한 /os2 거죠. /oe 그래서 이것은 이제 그 전 단계의 조언을 해드리는 부분이고 좀 더 인제
1657.892	1658.227	speaker#A	 /os1 [음/(BC/understanding)] /oe 
1663.182	1663.657	speaker#A	 /os2 [네.(BC/continuer)] /oe 
1670.582	1686.977	speaker#B	실질적인 도움이 필요하다면, 연락을 주셔도 좋습니다. /os1 예. /oe 그 연락처는 공개하기 좀 그러니까, 뭐/ 인스타 /os2 아이디 같은 거, 요 뭐 /oe 요렇게 해야 되나? n/ /os1 아이 뭐 따로 어떻게 /oe n/ 놓겠습니다. /os1 인제 /oe 편안하게 (DM)/(디엠)을 주시고요.
1674.197	1675.012	speaker#A	 /os1 [오/(BC/assessment)] /oe 
1677.927	1679.187	speaker#A	 /os2 [네. 어오/(BC/positive surprise)] /oe 
1681.777	1683.092	speaker#A	 /os1 [아/ 예. 예.(BC/continuer)] /oe 
1684.882	1685.192	speaker#A	 /os1 [네.(BC/continuer)] /oe 
1686.994	1690.484	speaker#B	 /os1 또 /oe 인제 포폴이나 자소서도 가능한 선에서는 봐 드릴 텐데,
1687.004	1687.384	speaker#A	 /os1 [네.(BC/continuer)] /oe 
1690.651	1691.006	speaker#A	[네.(BC/continuer)]
1691.609	1700.739	speaker#B	너무 몰리면 솔직히 /os1 모르지만, /oe 뭐/ 필요하신 분들에 /os2 한해서는 /oe 또 건축 진학에 관련해서는 약간 그/ 고민 상담 많이 /os2 해주시잖아요. /oe 
1693.249	1693.674	speaker#A	 /os1 [네.(BC/continuer)] /oe 
1696.159	1696.644	speaker#A	 /os2 [네.(BC/continuer)] /oe 
1700.464	1700.689	speaker#A	 /os2 [네.(BC/continuer)] /oe 
1700.822	1715.697	speaker#A	사실 /os1 제 /oe 제가 많이 /os2 해줬지만 /oe 사실 저희 학교 다닐 /os2 때는 /oe 전문 그/ 진로 상담관은 사실 이 /os1 분이셨거든요. /oe /os1 n/ 아유 /oe 그만큼 /os1 잘 들어주시고 /oe 
1701.498	1701.793	speaker#B	 /os1 [예.(BC/continuer)] /oe 
1703.577	1703.802	speaker#B	 /os2 [예.(BC/continuer)] /oe 
1706.267	1706.737	speaker#B	 /os2 [예.(BC/continuer)] /oe 
1709.307	1711.001	speaker#B	 /os1 n/ 에에 뭘 그게 뭔 소리예요. /oe 
1712.407	1713.027	speaker#B	 /os1 [아유, 네.(BC/continuer)] /oe 
1713.797	1715.407	speaker#B	 /os1 [예. 음.(BC/continuer)] /oe 
1715.734	1728.260	speaker#B	들어드리는 건 자신 /os2 있습니다. 근데, /oe 입시 제도랑은 멀어진 지가 /os2 오래돼서 실질적인 도움을 드리기는 힘들고 /oe 가능한 선에서 도움을 줄 수 있는 부분, 분들을 연결 정도는 /os2 시켜 드릴 /oe 수도 있는
1716.720	1717.280	speaker#A	 /os2 [예예.(BC/continuer)] /oe 
1719.798	1722.608	speaker#A	 /os2 그쵸. 사실 음. 음. /oe 
1727.354	1727.624	speaker#A	 /os2 [그쵸.(BC/affirmative)] /oe 
1728.444	1728.881	speaker#A	[음.(BC/continuer)]
1728.957	1735.387	speaker#B	보니깐 뭐 현천님한테도 연락 주시고, 저한테도 연락 주시면 가능한 선에서 최대한 도움을 드려 보겠습니다.
1735.873	1742.802	speaker#A	 /os2 좋습니다. 어우 /oe 아주 좋습니다. 그러면 이제 /os2 마지막으로 이제 네. /oe 
1736.368	1736.878	speaker#B	 /os2 [네.(BC/continuer)] /oe 
1742.053	1742.478	speaker#B	 /os2 [예예.(BC/continuer)] /oe 
1743.005	1746.495	speaker#B	이게 또 조금 길 것 같기도 /os2 한데, 네. /oe 
1745.075	1757.842	speaker#A	 /os2 아/ 네. 편안하게 네. /oe 개인적으로 마지막으로 /os1 그냥 /oe 하고 싶으신 말 n/ /os1 있으시면, /oe 편하게 해 주시고, 또 뭐 홍보하실 거 있으시면 /os1 n/ 편하게 하셔도 되고, /oe 자유롭게 /os1 마무리 /oe 부탁드리겠습니다. 네. n/ 
1748.432	1748.672	speaker#B	 /os1 [예.(BC/continuer)] /oe 
1749.596	1749.806	speaker#B	 /os1 [네.(BC/continuer)] /oe 
1753.311	1754.536	speaker#B	 /os1 [아/ 네.(BC/understanding)] /oe 
1755.486	1756.186	speaker#B	 /os1 [음.(BC/continuer)] /oe 
1758.119	1764.722	speaker#B	어/ n/ 뭐 일단은 현찬악트의 방향성을 n/ 인제 /os1 이렇게 한번 /oe 돌아봤을 때, /os2 인제 대부분 /oe 구독자 대부분이
1761.661	1762.091	speaker#A	 /os1 [네.(BC/continuer)] /oe 
1763.115	1763.280	speaker#A	 /os2 [네.(BC/continuer)] /oe 
1764.807	1765.112	speaker#A	[네.(BC/continuer)]
1765.150	1783.519	speaker#B	이 전반적인 컨텐츠가 건축 설계를 하고 있거나, 하고 싶은 /os1 사람들을 /oe 대상으로 인제 하고 있는데, 인제 건축 설계를 하는 입장에서 다양한 이런 건축 영역을 소개하는 것과 더불어서 자신의 위치에서 솔직한 그/ 입장을 /os1 이 느끼는 부분들을 /oe 생각들을 전달을 하고 /os2 있잖아요. /oe 
1768.705	1769.380	speaker#A	 /os1 [네. 그쵸.(BC/affirmative)] /oe 
1780.575	1781.305	speaker#A	 /os1 [네/(BC/understanding)] /oe 
1783.055	1783.440	speaker#A	 /os2 [네.(BC/continuer)] /oe 
1783.577	1790.310	speaker#B	근데, 이제 건축 설계를 안 하고 있는 분들한테도, 인제 건축인이 아닌 분들한테도 인제 하고 싶은 이야기들도 많을 거라고 생각을 해요.
1790.359	1791.188	speaker#A	그쵸. /os1 네 /oe 
1790.789	1791.184	speaker#B	 /os1 네. /oe 
1792.380	1805.259	speaker#B	그런 점에서 인제 방향성을 좀 더 확장해 볼 수 있지 /os2 않을까라는 것을 또 제안을 /oe 드리고 싶은 거고, /os1 그런 컨텐츠도 /oe 기대하시는 분들이 꽤 많을 n/ 거예요. 예. n/ 진짜로. /os1 이거는 /oe 구독자 입장에서 이제 /os1 하고 싶은 /oe 얘기였고,
1795.436	1796.696	speaker#A	 /os2 [음/(BC/understanding)] /oe 
1797.734	1799.934	speaker#A	 /os1 [어. 네네네. 네.(BC/continuer)] /oe 
1802.400	1802.670	speaker#A	 /os1 [네.(BC/continuer)] /oe 
1804.235	1804.480	speaker#A	 /os1 [네.(BC/continuer)] /oe 
1805.852	1823.634	speaker#B	또 인제 제가 생각하는 그 건축이라는 거를 얘기를 해 본다면, 저는 건축 설계는 (life style)/(라이프 스타일)이다. /os1 라고 이렇게 스스로를 정의를 /oe 해보고 있어요. 그래서 건축의 역할이 이 삶을 조직하는 일, 어떤 뭐/ 삶을 담는 그릇이다라는 상투적인 표현들이 있잖아요.
1813.062	1814.922	speaker#A	 /os1 [음/(BC/understanding)] /oe 
1823.657	1831.989	speaker#B	 /os1 네. /oe 그것에 대한 해석이나 관점들이 좀 대부분 구축적인 그 공간의 역할로서 해석이 되었을 때
1823.657	1824.097	speaker#A	 /os1 [네.(BC/continuer)] /oe 
1832.125	1836.552	speaker#B	 /os1 비판적인 /oe 태도에서 옳은 얘기가 아니라고 하시는 분들이 /os1 의견들이 있어요. /oe 
1832.135	1832.450	speaker#A	 /os1 [네.(BC/continuer)] /oe 
1835.335	1836.470	speaker#A	 /os1 [음/(BC/understanding)] /oe 
1837.202	1847.212	speaker#B	근데 제 생각으로는 다른 방식의 관점으로 인제 건축을 보는 눈. /os1 공간에 /oe 대한 이해, 그런 건축에 대한 해석의 폭을 넓혀서 접근을 했 n/ 해보면
1841.622	1841.982	speaker#A	 /os1 [네.(BC/continuer)] /oe 
1847.502	1857.722	speaker#B	새롭게 느끼는 부분이 있을 거라고 생각을 해요. 이제 건축을 하는 사람들도 자신만의 /os1 그 /oe 업역이 될 수도 있고 건축에 빠져서 그게 건축을 작게 만들고 있다는 생각을 하거든요.
1852.692	1852.997	speaker#A	 /os1 [음.(BC/continuer)] /oe 
1857.785	1862.586	speaker#B	 /os1 n/ 단순하게는 /oe 그 건축안에서의 업역이 뭐/ 시행, 설계, 건설 시공이 있고,
1857.830	1858.370	speaker#A	 /os1 [음/(BC/understanding)] /oe 
1862.927	1879.135	speaker#B	또 뭐 그 설계 파트 안에서도 인제 경관, 소방, 구조, 뭐/ 친환경, 기계, 다양한 직업군이 있고, /os1 그런 /oe 기능적이고 직업적인 관점이 있다면, 또 건축물의 규모로 이야기해서 상업시설, 아파트, /os1 병원, 큰 규모에서부터 /oe 이제 근생 작은 건물까지, 또는 이제 n/ 제가 하고 있는 도시까지도
1868.867	1869.212	speaker#A	 /os1 [네.(BC/continuer)] /oe 
1874.017	1875.917	speaker#A	 /os1 [음. 그렇죠. 네.(BC/affirmative)] /oe 
1879.483	1889.093	speaker#B	그런 건축가의 건축관도 디자이너로서의 관점이 /os1 있을 수 있고, /oe 또 이 서비스업으로서의 이 건축을 바라보는 시선이 있을 수 있고,
1884.013	1884.973	speaker#A	 /os1 [음음. 네.(BC/continuer)] /oe 
1889.628	1904.473	speaker#B	그니까 대부분 인제 자신의 건축에 취해 있는 사람들이 그런 얘기를 하는 거 같아요. 우리나라에 건축이 없고, 부동산만 있다고 /os1 막. 어/ /oe 근데, 대개 이런 건축가들이 예술로서 이제 건축에 너무 깊게 /os1 심취해 있는 게 아닌가, 작가 정신에 심취해 /oe 있는 게 아닌가,
1895.313	1896.428	speaker#A	 /os1 [아/(BC/understanding)] /oe 
1901.293	1903.443	speaker#A	 /os1 작가정신에 있고. 어. /oe 
1904.627	1908.649	speaker#B	 /os1 이것은 /oe 이제 건축가로서 비판적인 시선이 아니라, 비난이라고 생각을 해요.
1904.637	1905.022	speaker#A	 /os1 [음.(BC/continuer)] /oe 
1908.786	1910.765	speaker#B	 /os1 심하게 얘기를 /oe 한다면,
1908.860	1909.816	speaker#A	 /os1 [아/어.(BC/understanding)] /oe 
1910.849	1911.386	speaker#A	[네.(BC/continuer)]
1911.503	1913.567	speaker#B	네, 그렇다고 부동산은 n/ 건축이 아니에요?
1914.211	1915.895	speaker#A	그렇게 말할 순 /os1 없죠. 또 네. /oe 
1915.006	1920.615	speaker#B	 /os1 어/ 없잖아요? /oe 그러니까 사회와 이 사업에 대한 이해 역시 건축가한테 당연히 중요하고
1920.687	1937.536	speaker#B	 /os1 그거에 /oe 대한 포괄적인 이해가 필요하다고 생각을 해요. /os1 그리고 /oe 일로써 건축이 아트웍이 될 순 있지만, 서비스업이기도 하다는 점을 분명히 /os1 기억을 해야 되는 거고, 그래서 /oe 내 작품이 아니다라는 막/ 계속 얘기를 했던 부분이 그런 부분이기도 해요. /os1 그걸 /oe (2가지)/(두 가지)를 비중을 잘 둬서 자기가 선택하는 일이겠지만,
1920.700	1921.130	speaker#A	 /os1 [그쵸.(BC/affirmative)] /oe 
1923.268	1923.718	speaker#A	 /os1 [음.(BC/continuer)] /oe 
1928.472	1929.567	speaker#A	 /os1 [음/(BC/understanding)] /oe 
1934.147	1934.712	speaker#A	 /os1 [음.(BC/continuer)] /oe 
1937.625	1938.116	speaker#A	[네.(BC/continuer)]
1938.161	1952.385	speaker#B	그런 보이는 형태의 디자인, 외피로서의 그런 건축이 디자인도 /os2 중요하지만, /oe n/ 결과물을 만들기까지 그 일련의 소통, /os1 협의, /oe 조율 이런 부분가지고 갈등 까지도 저는 건축이라고 생각을 /os2 해요. /oe 
1942.751	1943.401	speaker#A	 /os2 [네네네.(BC/continuer)] /oe 
1947.041	1947.421	speaker#A	 /os1 [음.(BC/continuer)] /oe 
1951.691	1952.261	speaker#A	 /os2 [음.(BC/continuer)] /oe 
1952.442	1955.854	speaker#B	그래서 건축언어라는 그런 표현을 상투적으로 사용을 하는데,
1956.822	1967.032	speaker#B	어/ 그런 부분들까지 포함한 것이 저한테는 건축 언어라고 얘기를 할 수 있을 것 같아요. 소통의 대상이기도 하고 건축이, 수단이기도 한 게 건축이다.
1967.501	1977.067	speaker#B	그래서 스트레스 받고 하기 싫은 일이기 수도 있어요. 디자인 외에 다른 일들은 /os2 그런데 그것까지도 /oe 좋아하려고 노력하는 중이고, /os1 모두가 그랬으면 좋겠다. /oe
1973.012	1973.417	speaker#A	 /os2 [음.(BC/continuer)] /oe 
1975.522	1976.607	speaker#A	 /os1 [음/(BC/understanding)] /oe 
1977.547	1993.713	speaker#B	이렇게 다른 업체들, 뭐/ 협력사들과 소통하는 그런 부분까지도 건축이라는 걸 항상 좀 생각을 /os1 했으면 좋겠고, /oe n/ 그런 점에서 이제/ 지금 건축을 공부하고 있는 학생들에게 당부하고 싶은 부분도 (rendering)/(렌더링)이랑 그 (retouch)/(리터치)로 만드는 이미지만으로 완성되는 게 건축이 아닌 거
1983.742	1984.657	speaker#A	 /os1 [음/(BC/understanding)] /oe 
1994.213	2013.416	speaker#B	예, 그니까 자신의 건축이 무엇인지 확장해 나가는 그 과정, 그거에 대한 개념도 n/ 중요하거든요, 그런 점에서 인제/ 자신의 취향, 라이프 스타일이나 어떤 삶의 기준을 찾으면 내 작품의 n/ 깊이가 더해지고 전하고 싶은 게 명확해지더라는 거예요. 그런 점에서 인제 자신의 포트폴리오가 /os1 완성도를 /oe 갖춘다는 거를 얘기를 하고 싶고,
2010.903	2011.183	speaker#A	 /os1 [네.(BC/continuer)] /oe 
2013.819	2023.182	speaker#B	건축, 인제 결국에는 건축은 설계, 건축 설계가 아니라 다른 직업을 택하더라도 자기 자신이 좀 더 단단해질 수 있을 것 같아요.
2023.338	2040.520	speaker#B	 /os1 그니까 /oe 이게 혹여 인제 단적으로 예를 들어서 건축 설계 학점이 원하는 만큼 잘 나오지 않더라도, 내가 인제 배우는 이 다른 방식으로 이 건축이 나의 삶에 영향을 미칠 /os1 것이다. 그런 점이 /oe 사실 건축은 라이프 /os2 스타일이다라고 포괄적으로 /oe 얘기를 하고 싶은 거죠.
2023.353	2023.813	speaker#A	 /os1 [음.(BC/continuer)] /oe 
2034.528	2035.813	speaker#A	 /os1 [음/(BC/understanding)] /oe 
2037.898	2038.158	speaker#A	 /os2 [아.(BC/continuer)] /oe 
2042.635	2048.665	speaker#B	이제 그 외에 또 건축을 하지 않는 분들도 건축적인 시선으로
2049.855	2062.745	speaker#B	세상을 보는 거를 한번 경험을 해 볼 수 있었으면 좋겠어요. 약간 그/ 좋아하는 채널 중에 /os1 유현준 /oe 건축가 채널. /os1 아시죠? 셜록 셜록 /oe 현준이라는 채널. /os1 지금 /oe 보시는 /os2 분들중에도 구독하시는 분들 많을 거예요. 예. 그래서 /oe
2054.557	2054.762	speaker#A	 /os1 [네.(BC/continuer)] /oe 
2055.846	2056.896	speaker#A	 /os1 [네. 네.(BC/continuer)] /oe 
2057.920	2058.145	speaker#A	 /os1 [네.(BC/continuer)] /oe 
2059.415	2062.520	speaker#A	 /os2 아마, 네. 대부분 많을 거예요. 아마 엄청 많으실 /oe 
2063.052	2080.523	speaker#B	왓슨 여러분들도 저기 계실 계실 거 n/ 같은데, 그래서 제가 생각하는 건축의 가장 중요한 역할은 그런 거예요. 예. 건축적인 관점과 시선을 모두가 알 수 있고 재미있게 설명을 하는 /os2 거 /oe 비판적으로 약간 그/ 부동산이 어쩌니 /os1 이렇게 막 /oe 건축 외의 것들로 선을 지어 놓고 그거를
2073.410	2073.930	speaker#A	 /os2 [음.(BC/continuer)] /oe 
2076.869	2077.879	speaker#A	 /os1 [음/(BC/understanding)] /oe 
2081.718	2091.716	speaker#B	규정하고 /os1 비판하고 /oe 비난할 게 아니라, 그/ n/ 다른 의견까지도 수용을 우리도 해야 되고 /os2 건축적인 /oe 시선을 전파를 하고 주변에 많이 알려야 되잖아요.
2082.824	2083.254	speaker#A	 /os1 [음.(BC/continuer)] /oe 
2089.063	2089.178	speaker#A	 /os2 [예.(BC/continuer)] /oe 
2091.798	2092.277	speaker#A	[네.(BC/continuer)]
2092.370	2110.604	speaker#B	굉장히 그런 점에서 또 현찬님이 중요한 역할을 하고 있다고 생각을 해요. n/ 네, 그래서 자기가 n/ 생각하는 그 건축은 저는 그냥 단순한 디딤돌이라고 생각을 해요. /os1 그래서 /oe 이게 하나의 기준일뿐이지, 우리 사회에서 다양한 그런 인간 군상을 만나서 이렇게 조화를 이루고 사는 것처럼
2103.230	2104.025	speaker#A	 /os1 [음/(BC/understanding)] /oe 
2111.052	2127.125	speaker#B	내가 생각하는 건축을 기준으로 나의 관점을 토대로 소통이 이루어지는 게 중요하고, 이런 점에서 그게 제가 얘기하고 싶은 /os1 (community)/(커뮤니티)인 거예요. /oe 그런 점에서 인제 좀 더 다양한 삶의 모습을 담아야 하는 게 /os2 공간이 곧 건축이고 /oe 그 역할이라고 생각을 하고요.
2119.578	2120.908	speaker#A	 /os1 [음/(BC/understanding)] /oe 
2124.412	2125.037	speaker#A	 /os2 [어/(BC/understanding)] /oe 
2127.645	2136.895	speaker#B	학생 설계 때부터 현업까지 이렇게 다양하게 다뤄지는 이 커뮤니티라는 키워드가 /os1 모든 /oe 것을 포괄하는 그 개념으로 이제 저는 얘기를 n/ 하고 있죠.
2133.146	2133.411	speaker#A	 /os1 [네.(BC/continuer)] /oe 
2136.975	2139.200	speaker#B	 /os1 그래서 /oe 인제 건축의 역할 자체가
2137.010	2137.510	speaker#A	 /os1 [네.(BC/continuer)] /oe 
2139.894	2159.873	speaker#B	어/ 그/ 결과물로서 커뮤니티의 결과물로서 향유하는 공간의 경험뿐만 아니라, /os1 이 /oe 공간을 만드는 그 과정 속에서도 그 건축이 우리한테 더 중요하다는 거. /os1 그래서 그것을 만드는 /oe 과정에서 서로를 약간 비난하고 괄시하지는 말자. /os1 서로 /oe 다른 업역이나 인제 협력사들을 /os2 대상으로 /oe 이딴 식으로 막 한다던가 이렇게
2144.914	2145.139	speaker#A	 /os1 [네.(BC/continuer)] /oe 
2149.939	2151.009	speaker#A	 /os1 [음/(BC/understanding)] /oe 
2154.034	2154.459	speaker#A	 /os1 [음/(BC/understanding)] /oe 
2157.214	2157.699	speaker#A	 /os2 [네.(BC/continuer)] /oe 
2161.343	2176.351	speaker#B	성을 /os1 안 날 순 없어요. 열불이 나죠. 하지만 /oe 한번 더 그 관점으로 한번 이해를 하는 것도 필요하고, /os1 이런 /oe 건축을 소통하기 위한 플랫폼들이 좀 더 다양해졌으면 /os2 하는 거 /oe n/ 현찬앗트가 그런 역할을 잘 하고 n/ 계시는 거 같고,
2162.111	2164.611	speaker#A	 /os1 네. 안 날수 없지만 네. /oe 
2167.780	2168.270	speaker#A	 /os1 [음/(BC/understanding)] /oe 
2172.904	2173.229	speaker#A	 /os2 [네.(BC/continuer)] /oe 
2176.447	2196.260	speaker#A	그 말씀하신 /os1 그런 /oe /os2 고통의 /oe 경험들과 시간들도 사실 /os1 많은 /oe 분들이 한 대 맞은 것처럼 생각할 수 /os2 있는게 /oe 내가 이럴려고 건축학과에 왔나 /os1 내가 이럴려고 /oe 건축사 사무소에 왔나 /os2 하지만, /oe 사실 그것마저도 /os2 건축이고, /oe 그 모든 과정의 /os2 일환이 /oe 저한테 말씀하신 그 /os1 커뮤니티 /oe /os2 개념으로 /oe 
2177.152	2177.317	speaker#B	 /os1 [네.(BC/continuer)] /oe 
2178.542	2178.832	speaker#B	 /os2 [예.(BC/continuer)] /oe 
2180.876	2181.141	speaker#B	 /os1 [예.(BC/continuer)] /oe 
2184.140	2184.385	speaker#B	 /os2 [음.(BC/continuer)] /oe 
2186.814	2187.359	speaker#B	 /os1 [아. 그쵸.(BC/affirmative)] /oe 
2188.738	2189.148	speaker#B	 /os2 [예.(BC/continuer)] /oe 
2190.887	2191.377	speaker#B	 /os2 [맞아요.(BC/affirmative)] /oe 
2193.312	2193.557	speaker#B	 /os2 [음.(BC/continuer)] /oe 
2194.612	2194.772	speaker#B	 /os1 [음.(BC/continuer)] /oe 
2196.022	2196.192	speaker#B	 /os2 [네.(BC/continuer)] /oe 
2196.312	2214.832	speaker#A	혼자가 아니라 우리 /os1 라이프 스타일로서 /oe 어떻게 보면 다 이루어 가는 /os1 거라고 /oe 말씀해 주시는 /os1 게 n/ /oe 많은 분들이 되게 어떻게 보면 새롭게 /os2 생각을 /oe 아 내가 잘못하고 있었던 것도 있겠구나 /os1 뭐 /oe 이렇게 하실 수도 있을 것 같아요. 뭐 /os2 생각이 /oe 다르신 분들도 /os2 있겠지만, /oe 
2198.378	2200.143	speaker#B	 /os1 같이 하는 거다. 네. /oe 
2201.133	2201.348	speaker#B	 /os1 [음.(BC/continuer)] /oe 
2202.557	2202.922	speaker#B	 /os1 [네.(BC/continuer)] /oe 
2206.807	2207.137	speaker#B	 /os2 [음.(BC/continuer)] /oe 
2209.537	2209.702	speaker#B	 /os1 [음.(BC/continuer)] /oe 
2211.817	2212.082	speaker#B	 /os2 [예.(BC/continuer)] /oe 
2213.332	2214.852	speaker#B	 /os2 꽤 /oe 많을 거라 생각도 하지만,
2214.832	2215.135	speaker#A	[네.(BC/continuer)]
2215.197	2221.517	speaker#B	어/ 되게 어떻게 보면 되게 말랑말랑한 얘기고 너무 약간 어/ /os1 뭐랄까 /oe 뻔한 얘기일 수 있고 그런데.
2218.465	2219.120	speaker#A	 /os1 [음.(BC/continuer)] /oe 
2221.617	2221.977	speaker#B	[네.(BC/continuer)]
2221.977	2229.894	speaker#A	아/ 뭐 스스로 커뮤니티에 대한 것들을 고찰을 해보면서 그런 라이프 스타일을 저 스스로 내재화할려고 많이 노력을 하고 있고,
2230.469	2241.708	speaker#B	예. 상호 존중을 n/ 기반으로 소통을 하는 것, 내가 하는 이 모든 행동 자체가 /os1 건축이고 /oe 거기 내가 하는 일에서 드러날 거라는 생각을 /os1 하다보니깐 /oe 요렇게 설명을 드리게 됐구요.
2235.730	2236.035	speaker#A	 /os1 [네.(BC/continuer)] /oe 
2239.075	2239.910	speaker#A	 /os1 [음/(BC/understanding)] /oe 
2241.858	2242.344	speaker#A	[네.(BC/continuer)]
2242.520	2254.166	speaker#B	그래서 이런 것들이 건축 영역 바깥에 이제 우리의 삶으로 좀 확대를 하고, 퍼졌으면 좋지 않을까라는 생각을 n/ 합니다. 제가 생각하는 저의 건축은 그런 거예요.
2255.666	2260.406	speaker#A	오늘 이게 /os1 전반적으로 /oe /os1 그런 /oe 뉘앙스가 많이 /os1 드러났던 거 같아요. /oe 
2256.197	2256.317	speaker#B	 /os1 [예.(BC/continuer)] /oe 
2257.286	2257.451	speaker#B	 /os1 [네.(BC/continuer)] /oe 
2258.956	2260.251	speaker#B	 /os1 [맞아요. 네.(BC/affirmative)] /oe 
2260.406	2272.937	speaker#B	앞서 질문을 보내 주셔서 /os1 이런 것들에 /oe 대한 답변을 어떻게 준비를 할까 /os1 저 /oe 생각도 많이 하고 현실적인 부분들 /os2 여러분들이 /oe 궁금하실 거라고 생각했던 부분도 전달을 당연히 /os1 같이 /oe 해야 했고,
2262.372	2262.697	speaker#A	 /os1 [네.(BC/continuer)] /oe 
2265.356	2265.751	speaker#A	 /os1 [네.(BC/continuer)] /oe 
2268.481	2268.646	speaker#A	 /os2 [네.(BC/continuer)] /oe 
2271.856	2272.276	speaker#A	 /os1 [네.(BC/continuer)] /oe 
2273.717	2281.562	speaker#B	또 이런 얘기를 한번 쯤은 어디선가 전해보고 싶어요. 제가 /os1 생각하는 /oe 건축은 이런 거다. n/ /os1 이런 /oe 건축을 하는 사람도 있다. 라는 거
2277.407	2277.602	speaker#A	 /os1 [네.(BC/continuer)] /oe 
2279.267	2279.622	speaker#A	 /os1 [네.(BC/continuer)] /oe 
2282.096	2290.913	speaker#A	 n/ 이게 하나 이게 드는 생각이 어떻게 보면 하시고 있는 일의 /os2 유형도 /oe 입체 도시 /os2 공간도 /oe 
2288.702	2288.927	speaker#B	 /os2 [네.(BC/continuer)] /oe 
2290.476	2290.911	speaker#B	 /os2 [맞아요.(BC/affirmative)] /oe 
2290.937	2302.738	speaker#A	어떤 커뮤니티 개념을 /os1 거스르지 /oe 않는 되게 중요한 /os1 그런 일이면서, /oe n/ 우리 학생 때 많은 분들이 되게 하기 싫어하고 귀찮아하는 게 사이트 /os2 분석이잖아요. /oe 근데,
2292.569	2292.719	speaker#B	 /os1 [음.(BC/continuer)] /oe 
2294.213	2296.093	speaker#B	 /os1 [당연하죠. 네네.(BC/affirmative)] /oe 
2301.407	2301.767	speaker#B	 /os2 [예.(BC/continuer)] /oe 
2302.856	2305.593	speaker#B	아 이거 안돼요. n/ 아/ 이거 엄청 /os2 중요해요. /oe 
2303.812	2318.197	speaker#A	/os2 근데 /oe 이건 n/ 진짜 정말로 이 사이트가 거의 전부라고 봐도 될 /os2 정도로 /oe 그거를 같이 가지 않으면 절대 그/ 커뮤니티 개념을 이룰 수 없는 /os1 거잖아요. /oe
2310.525	2310.865	speaker#B	 /os2 [네.(BC/continuer)] /oe 
2317.480	2318.100	speaker#B	 /os1 [맞아요.(BC/affirmative)] /oe 
2318.278	2337.468	speaker#A	 /os1 그냥 /oe 내 눈에 예쁘고, 어/ 난 이런 요소 /os2 썼어 /oe 이게 내 작품이야 이런 클라이언트한테 이게 어울려라고 해서 단순히 하는 게 어떻게 보면 그 관점이 결국 그 사람한테는 정답일 수 /os2 있지만, /oe 그게 어떤 거시적인 커뮤니티 관점으로 봤을 때는 좀
2318.323	2318.633	speaker#B	 /os1 [예.(BC/continuer)] /oe 
2322.368	2322.568	speaker#B	 /os2 [음.(BC/continuer)] /oe 
2332.366	2332.646	speaker#B	/os2 [네.(BC/continuer)] /oe
2337.497	2347.982	speaker#B	거시적인 /os2 관점? 거시적인 관점에서 네. 어/ 그게 모든게 약간 /oe 편리함과 편안함. (2가지)/(두 가지)로 이렇게 함축이 될 수 있을 것 같아요.
2338.187	2343.752	speaker#A	/os2  네. 거스르는 경향도 없지 않아 있다. 그런 거 같아요. 네. /oe
2348.190	2348.635	speaker#A	[음.(BC/continuer)]
2348.635	2351.625	speaker#B	까 도시 설계 또는 이렇게 공동 주택 설계를 하면서
2351.736	2352.131	speaker#A	[네.(BC/continuer)]
2352.426	2359.385	speaker#B	중요하게 생각해야 되는 키워드 (2가지)/(두 가지)가 이제 편리함이고 /os1 편안함이고, /oe 당연히 내가 살면서 불편함이 없어야 되는 것들
2355.466	2356.661	speaker#A	 /os1 [음음.(BC/continuer)] /oe 
2359.478	2359.833	speaker#A	[네.(BC/continuer)]
2360.141	2369.427	speaker#B	그/ 주거 설계를 약간 상품으로 당연히 보는 /os1 관점도 있지만 /oe 어쨌든 주거 공간이고 정말 많은 고민들을 하고서 우리가 설계를 하고 있거든요. /os2 공동 주택 /oe 설계를
2363.796	2364.256	speaker#A	 /os1 [그쵸.(BC/affirmative)] /oe 
2368.606	2368.766	speaker#A	 /os2 [네.(BC/continuer)] /oe 
2369.541	2377.407	speaker#A	건축 설계를 하면서 아파트를 하게 될 거라는 생각을 사실 /os1 못 /oe 하는 게 더 크다고 /os2 봐도 되겠죠? /oe 
2373.756	2374.361	speaker#B	 /os1 못 하 못 하 /oe 
2376.591	2376.866	speaker#B	 /os2 [네.(BC/continuer)] /oe 
2377.459	2385.217	speaker#A	그리고 아까 말씀하신 것처럼 아뜰리에와 그냥 대형 사무소라고 이분법적으로 나눌 수 있는 게 아니라고 /os2 하셨잖아요. /oe 
2384.780	2385.185	speaker#B	 /os2 [맞아요.(BC/affirmative)] /oe 
2385.266	2389.554	speaker#A	그/ 그/ 근데 이제 학생 때는 n/ 대형 아니면 /os2 아뜰리에다. /oe 
2388.186	2389.131	speaker#B	 /os2 [아. 그쵸그쵸.(BC/affirmative)] /oe 
2389.555	2397.821	speaker#B	 n/ 내가 적지에서 보고 /os2 경험하는 /oe 그런 것들이 에/ /os1 에/ 아/ 그렇게 이분법적이진 /oe 않아요. n/ 
2391.414	2391.654	speaker#A	 /os2 [네.(BC/continuer)] /oe 
2393.178	2396.633	speaker#A	 /os1 난 작가냐 아니면 돈 벌러가냐 이렇게 생각할 수도 있고. /oe 
2397.864	2404.260	speaker#A	그니까 /os1 근데 /oe 이제 학생 /os2 때는 /oe 어설프게 알기 /os2 때문에 /oe 극단적이게 /os2 되잖아요. /oe 
2398.195	2398.305	speaker#B	 /os1 [네.(BC/continuer)] /oe 
2399.489	2399.789	speaker#B	 /os2 [네.(BC/continuer)] /oe 
2401.499	2401.769	speaker#B	 /os2 [음.(BC/continuer)] /oe 
2403.724	2404.184	speaker#B	 /os2 [맞아요.(BC/affirmative)] /oe 
2404.427	2414.885	speaker#A	그래서 그런 부분, /os2 그리고 /oe 따져보면 대한민국에서 건축을 할 거다. /os1 그러면 /oe 가장 보편적인 수요가 /os1 사실 /oe 공동 주택이잖아요.
2405.867	2406.072	speaker#B	 /os2 [음.(BC/continuer)] /oe 
2409.827	2409.972	speaker#B	 /os1 [네.(BC/continuer)] /oe 
2413.312	2413.502	speaker#B	 /os1 [음.(BC/continuer)] /oe 
2415.076	2415.431	speaker#B	맞아요.
2415.589	2431.479	speaker#A	그 우리 눈에서 /os1 가장 /oe 일상적으로 /os2 볼 수 있고, /oe 그리고 가장 세상을 바꿀 수 있는 건축이 /os2 우리나라에선 /oe 적어도 공동 /os2 주택인거예요. /oe 그게 도시에 기여할 수 /os2 있고 /oe 만약에 이런 관점으로 내가 좀 사회에 기여하고 이런 건축을 하고 싶다 그러면 사실은
2416.374	2416.539	speaker#B	 /os1 [음.(BC/continuer)] /oe 
2417.624	2417.814	speaker#B	 /os2 [음.(BC/continuer)] /oe 
2422.234	2422.369	speaker#B	 /os2 [음.(BC/continuer)] /oe 
2424.534	2425.044	speaker#B	 /os2 [맞아요.(BC/affirmative)] /oe 
2426.729	2426.939	speaker#B	 /os2 [예.(BC/continuer)] /oe 
2431.687	2435.646	speaker#A	도시적인 관점에서 볼 때는 공동 주택을 피할 순 없다.
2435.646	2436.522	speaker#B	[당연하죠. 네.(BC/affirmative)]
2436.583	2439.135	speaker#A	어/ 그거를 조금 알고 /os1 가셔도 /oe 좋을 것 같아요.
2438.103	2438.403	speaker#B	 /os1 [음.(BC/continuer)] /oe 
2439.220	2447.245	speaker#B	그니까 외의 다른 시설을 인제 설계를 하고 싶은 분들도 /os1 어쨌든 /oe 공동 주택에 대한 이해는 /os2 필요해요. 그니까 예. /oe 
2443.032	2443.282	speaker#A	 /os1 [음.(BC/continuer)] /oe 
2445.456	2446.825	speaker#A	 /os2 네. 피할 순 없죠. /oe 
2447.781	2464.571	speaker#B	알고 하는 /os1 거랑 /oe 그냥 이렇게 등한시하는 거랑은 분명한 차이가 있기 /os2 때문에 /oe 조금이라도 관심을 두고 그게 부동산적인 공부여도 좋아요. 투자 목적이어도 /os2 좋고 /oe 네. 그렇지만, 주택에 대한 이해가 결국에는 설계의 근간이 된다고 생각을 합니다.
2448.724	2449.174	speaker#A	 /os1 [예.(BC/continuer)] /oe 
2452.753	2453.228	speaker#A	 /os2 [네.(BC/continuer)] /oe 
2459.037	2459.427	speaker#A	 /os2 [네.(BC/continuer)] /oe 
2464.760	2465.000	speaker#A	[네.(BC/continuer)]
2465.230	2477.283	speaker#B	그렇기 때문에 사실 주택 설계 처음에 지원을 할 때, 공동 주택을 지원했던 이유도 있어요. 근데, n/ 그게 아파트로 입궐이 될지 몰랐지. n/ /os1 그쵸 그렇게 /oe 될 줄은 몰랐지. /os1 예 /oe 예. n/ 
2475.202	2475.662	speaker#A	 /os1 [예예.(BC/continuer)] /oe 
2476.616	2476.886	speaker#A	 /os1 [예.(BC/continuer)] /oe 
2477.739	2489.248	speaker#A	여러분의 첫 분야가 뭐/ 뭐가 될지는 /os2 모르지만, /oe n/ 오늘 내용들이 도움이 n/ 되셨길 바라면서, /os1 오늘 /oe n/ (interview)/(인터뷰)는 여기서 /os2 마치도록 /oe 하겠습
2481.269	2481.589	speaker#B	 /os2 [예.(BC/continuer)] /oe 
2484.799	2485.464	speaker#B	 /os1 그러니까. n/ 네. /oe 
2488.108	2489.279	speaker#B	 /os2 [아.(BC/continuer)] /oe 
2489.291	2492.479	speaker#A	 n/ 오늘 나와주셔서 /os2 감사합니다 /oe . 네. n/ 
2490.352	2497.760	speaker#B	 /os2 예, 너무 즐거운 /oe 시간이었구요. 아/ n/ 약간 이게 쌓아 놨던 제 속 얘기들 /os1 많이 /oe 얘기하고 갈 수 /os1 있는 /oe 것 같고,
2495.629	2495.794	speaker#A	 /os1 [네.(BC/continuer)] /oe 
2496.934	2497.124	speaker#A	 /os1 [네.(BC/continuer)] /oe 
2497.843	2501.763	speaker#A	 n/ 종종 나와주시면 n/ /os1 좋을것 같네요. 네. /oe n/ 또 좋은 장소를 또/ 구해서 제가 또 한 번 초대하도록 하겠습니다.
2499.094	2501.760	speaker#B	 /os1 어유 네, 언제든요. 네. /oe n/ 불러만 주시면, n/ 예.
2501.764	2506.218	speaker#A	 n/ 또 좋은 장소를 또/ 구해서 제가 또 한 번 초대하도록 하겠습니다.
2506.268	2512.229	speaker#B	 n/ 제가 초대 한번 할까요? n/ /os1 어 예. n/ /oe 네. 저의 /os2 공간으로 예. 예. 예. /oe 
2507.308	2508.708	speaker#A	 /os1 아/ 좋습니다. 네. n/ /oe 
2510.963	2512.073	speaker#A	 /os2 [네. 알겠습니다. 네.(BC/affirmative)] /oe 
2512.512	2518.916	speaker#A	 n/ 어/ 오늘 영상 어/ 이만 마치고 다음 영상에서 뵙겠습니다. 네. n/ n/ /os2 다음에 봐요! /oe 
2517.698	2518.433	speaker#B	 /os2 안녕. /oe 
