36.549	49.865	speaker#A	 n/ 안녕하세요. 더 인터뷰의 백일홍입니다. 더 인터뷰는 가계각층의 명사를 초대해 사회문화 전반에 대한 견해를 들어보는 시간이죠. 오늘은 서승복 목사님을 모셨습니다. 목사님 안녕하세요.
49.979	51.013	speaker#B	 n/ 예. 반갑습니다.
51.027	56.048	speaker#A	 n/ 네. 바쁘실텐데 이렇게 인터뷰에 응해주셔서 너무 /os2 감사드립니다. 네. /oe 
55.082	55.837	speaker#B	 /os2 제가 영광입니다. /oe 
61.430	71.275	speaker#A	 n/ 오늘은 목자님의 개인적인 선교에 대한 생각과 비전들을 좀 들어보려고 /os2 하는데요. /oe 먼저, 우리 지방자치 (tv)/(티비) 시청자 여러분께 인사 한 말씀 /os2 부탁드립니다. /oe 
66.785	67.055	speaker#B	 /os2 [네.(BC/continuer)] /oe 
70.960	71.265	speaker#B	 /os2 [예.(BC/continuer)] /oe 
71.999	91.766	speaker#B	이/ 지방자치 (tv)/(티비)방송 시청자 여러분 반갑습니다. n/ (2020년)/(이천 이십 년) 새해를 맞이해서 여러분 모두가 건강하시고 네. 각 가정에는 또 기쁨과 즐거움과 행복이 넘치는 희망찬 또 새로운 한 해가 펼쳐지기를 진심으로 기원합니다. 감사합니다.
93.208	100.244	speaker#A	네. 목사님도 새해 복 많이 받으시길 /os2 바라구요. /oe 본격적인 질문을 한 번 /os2 드려보겠습니다. /oe 
95.748	96.808	speaker#B	 /os2 아이구 감사합니다. /oe 
99.913	100.227	speaker#B	 /os2 예. /oe 
100.244	115.220	speaker#A	우선, (1번째)/(첫 번째)로 드리고 싶은 질문은 시작과 관련된 /os2 질문인데요? /oe 지금 이 종교계에 몸 담고 계시는 목사님이잖아요. /os1 혹시 /oe 그 시작은 어땠을 지 궁금해지는데, 이 종교를 갖게 된 계기가 따로 있으신가요?
105.274	105.558	speaker#B	 /os2 예. /oe 
108.969	109.259	speaker#B	 /os1 [네.(BC/continuer)] /oe 
116.595	135.042	speaker#B	사실 종교라고 하면은 이렇게, 종교는 세상에 이제 사람 사는 곳이라면 다 종교가 /os2 있습니다. /oe 네. 종교라는 걸 좀 더 깊이 들어가면 이제 그/ 이/ 자기 본질을 찾아가는 것이라 할 수 있겠고요. 음, 우선 어릴 때부터 이제 여러 종교를 많이 또 다녀봤는데
123.445	124.295	speaker#A	 /os2 어/ 그렇죠, 네. /oe 
136.123	145.630	speaker#B	으이 그 내면에 그 나란 존재, 내가 무엇일까라는 이제, n/ 어릴 때 할아버지, 할머니가 돌아가시면 /os1 어디로 가시는가. /oe 
144.193	145.218	speaker#A	 /os1 [음/(BC/understanding)] /oe 
145.656	147.270	speaker#A	어, 궁금할 수 /os2 있죠. 네. /oe 
146.501	147.246	speaker#B	 /os2 네. /oe 
148.110	167.363	speaker#B	음/ 굉장히 궁금했어요. 그런 거를 찾기 위해서 n/ 인제 여러 교회도 많이 다녀보고 했는데요. n/ 어/ 여기 우리 하나님의 교회, 세계복음선교협회 와서 그 영적인 방황이 끝났다고 /os2 할까요? /oe 내가 찾았던 길
163.920	164.560	speaker#A	 /os2 [어.(BC/continuer)] /oe 
167.490	168.695	speaker#A	답을 /os2 구하셨구요? /oe 
168.205	177.210	speaker#B	 /os2 예. 내가 /oe 가야될 길을 n/ 찾은거죠. 그래서 n/ 너무 인제 어/ 그 시간 이후로는 늘 기쁘고 즐겁고 행복한 그런 시간 살고 있습니다.
177.979	188.576	speaker#A	방금 /os2 목사님께서 /oe 하나님의 교회, 세계복음선교협회 얘기해 주셨는데 /os1 지금 /oe 몸 담고 계신 곳입니다. /os1 이 단체에 /oe 대해서도 간략하게 소개 말씀 부탁드립니다.
179.189	179.384	speaker#B	 /os2 [예.(BC/continuer)] /oe 
182.924	183.244	speaker#B	 /os1 [예.(BC/continuer)] /oe 
185.189	185.694	speaker#B	 /os1 [예.(BC/continuer)] /oe 
188.807	203.440	speaker#B	인제 뭐 아시는 분도 계시고 더러 생소하신 분도 계실텐데요. 이제 하나님의 교회, 세계복음선교협회는 우선 인제 성경에 증가하는 교회 명칭이 성경에 있습니다. /os1 n/ (2000년)/(이 천 년 전) /oe 예수님께서 세우신 교회가 하나님의 교회고,
199.092	199.512	speaker#A	 /os1 [네.(BC/continuer)] /oe 
204.546	215.492	speaker#B	근데 이/ 마지막 여기 한국에서 이렇게 또 시대의 시작이 되가지고 /os1 전 세계로 /oe n/ 파급이 됐는데, 지금 (175개)/(백 칠십 오 개)국가에
209.166	209.701	speaker#A	 /os1 [음.(BC/continuer)] /oe 
216.235	234.651	speaker#B	네, 또 (7500개)/(칠천 오백 개) 교회가 활동하고 있고, /os1 성도는 /oe (300만)/(삼 백 만). 그리고 이제 그, 저희는 인제 그 예수께서 그, 최후의 만찬이라고 하신 그림 아시죠? /os1 예. 그/ 그림 /oe 이 새언약 유월절입니다. 인제 유월절을 지키고 전하는 /os1 교회고 /oe
219.231	219.651	speaker#A	 /os1 [네.(BC/continuer)] /oe 
228.620	229.915	speaker#A	 /os1 네, 맞, 알고 있습니다. /oe 
233.710	234.610	speaker#A	 /os1 [음/(BC/understanding)] /oe 
235.850	255.279	speaker#B	또 한가지는 인제 그 우리가 보통 하나님을 아버지라고 /os2 하는데 /oe 에/ 아버지라는 호칭은 가정에서 쓰는 단어지 않습니까? 그래서 우리가 예수께서 또 우리 영적인 아버지를 하나님이라고 알려주셨는데, 하나님, 아버지와 더불어 어머니 하나님을 신앙하는 그런 교회가 되겠습니다.
239.060	239.445	speaker#A	 /os2 [그렇죠.(BC/affirmative)] /oe 
256.272	272.169	speaker#A	아까 되게 전세계적으로 굉장히 많은 신자들이 있다고 /os2 하셨는데 /oe n/ 그럼 이 선교 활동도 굉장히 열심히 하는 단체인 것 /os2 같습니다. /oe n/ 그렇다면 목사님께서 개인적으로 기억에 남는 가장 처음하셨던 선교활동 /os2 n/ 기억 나실까요? /oe 
260.572	261.042	speaker#B	 /os2 [예.(BC/continuer)] /oe 
264.952	265.377	speaker#B	 /os2 [예.(BC/continuer)] /oe 
271.076	272.117	speaker#B	 /os2 예예. /oe 
273.606	290.703	speaker#B	아/ 제가 인제 그 처음 목사 안수를 받고 인제 활동을 시작했던 때가 (92년도)/(구십 이 년도) 경입니다. 그때는 인제 어/ 지금처럼 우리 교회가 많이 있었던 시절은 아닌데요. n/ 처음 시작은 인제 그/ 사람이 많고
290.829	298.799	speaker#B	 /os1 가족적인 /oe 분위기였던거가 기억이 나구요. 끊임없는 봉사활동을, 이게 지난번에 오셔서 보셨는가 모르겠는데
290.839	291.189	speaker#A	 /os1 [네.(BC/continuer)] /oe 
299.635	319.410	speaker#B	음/인제 교회 순기능의 사명이 인제 그/ 빛과 소금의 역할을 또 해야되기 때문에 환경정화라든가 또 임원활동이라든가 또 어떤 홍수, 태풍, 피해복구라든가 국가의 어떤 그/ 큰 행사가 있으면은 나가서 서포터즈라던가 요런 다방면의 활동을 하고
320.078	327.712	speaker#B	또 피가 부족할 때는 헌혈 운동도 대대적으로 하고, 지금 헌혈 운동도 인제 전 세계로 파급이 됐는데 아프리카라든가 남미는
327.937	341.570	speaker#B	 n/ 헌혈을 좀 기피하는 경향이 있었어요. /os1 지금은 인제 /oe 그 지역에서도 아주 헌혈을 기쁘게 하는 /os1 그/ 하나님의 교회가 /oe 그 지역사회에 유익한 그런 활동을 하는 걸로 많이 두각이 되고 있고
330.153	331.453	speaker#A	 /os1 [아/ 그렇군요.(BC/understanding)] /oe 
335.922	336.417	speaker#A	 /os1 [음.(BC/continuer)] /oe 
341.953	352.161	speaker#B	에/ 그런 연유로 인해서 우리 대한민국 정부에서 훈장이라던가, 또 그/ 김대중, 노무현, 박근혜 (3대)/(삼 대) 정부 연속
352.600	371.303	speaker#B	단체 표창도 받게 되고, n/ 또 (2년)/(이 년), (3년)/(삼 년) 전에 그 영국 여왕상! 자원봉사상을 좀 권위가 있는 상이라고 할까 /os1 예. 예. 그/ 상도 받고. /oe n/ 예. 뭐/ 트럼프 대통령 상, 오바마 대통령 상. 참 한 (2000회)/(이 천 회)이상 받은 거 같애요. 지금 좀 /os2 세계적으로. /oe 
360.484	363.898	speaker#A	 /os1 어/ 그러셨어요? 늦게나마 축하드립니다. /oe 
370.420	371.285	speaker#A	 /os2 [음/(BC/understanding)] /oe 
371.536	390.924	speaker#B	그래서 인제 그런 내용들. n/ 한 가지 또 (2003년)/(이천 삼 년) 유대회 때. /os1 대구 /oe 유니버시아드 대회 때는 인제 그/ 서포터즈를 지원해 가지고 연 인원 (9만)/(구 만)명이 참여를 했는데 거기에 하나 그/ (We Love You)/(위 러브 유)라는 플래시 불빛 카드 섹션이 /os2 있습니다. /oe 
376.351	376.696	speaker#A	 /os1 [네.(BC/continuer)] /oe 
390.446	390.871	speaker#A	 /os2 [네.(BC/continuer)] /oe 
392.246	408.622	speaker#B	네. 그 내용을 보고 외국 선수들, 코치들이 다 너무나 그/ 기뻐했던, 이제 그 현장에 있었기 /os2 때문에. /oe 그런 감동적인 것도 있고 또 소박한 거를 하나 이야기 한다면은 이/ 신앙하면서 어/ 우리나라 (imf)/(아이엠에프)라던가 또 어려운 시절이 있어, 지금도 그런데요.
399.165	399.821	speaker#A	 /os2 [음.(BC/continuer)] /oe 
409.453	421.549	speaker#B	어/ 요 아버지전 하는 것도 그렇지만 아빠들에 대해서 가족들이 많이 그/ 모르고 /os1 음/ /oe n/ 아빠의 자리가 많이 그/ 흔들리는 기억도 있다라고 하는데,
416.358	417.048	speaker#A	 /os1 [그렇죠.(BC/affirmative)] /oe 
422.144	437.954	speaker#B	예. 그런 아빠들하고 이렇게 신앙 상담이라든가, 어떤 대화를 할 때에, 공부를 할 때에 이제 그런 분들이 n/ 그런 말씀을 해 올 때 어떤 말씀 하냐면은 우리 작년 아빠들이 아휴 목사님 이제 사는 맛이 납니다.
438.092	441.139	speaker#A	 n/ 누군가 알아주는 /os1 그런 생각이 드시나봐요. /oe 
439.687	453.532	speaker#B	 /os1 이런 말을 들을 때 /oe 예. 그 말은 n/ 제가 생각해도 가식으로 할 수 있는 말은 /os1 절대 아니거든요. /oe 인제 스런 만족이라든가 /os1 그런 예. /oe 깨달음을 가질 때 많이 또 보람을 느끼는 것 같습니다.
445.181	445.631	speaker#A	 /os1 [음.(BC/continuer)] /oe 
448.281	450.131	speaker#A	 /os1 위안을 또 주셨군요. 음/ /oe 
453.611	459.260	speaker#A	보람을 많이 느낀다고 하셨는데 /os1 그렇다면 /oe 목사님께 선교란 무엇일까요?
455.431	455.616	speaker#B	 /os1 [예.(BC/continuer)] /oe 
460.746	479.251	speaker#B	예/ 선교라는 말은 보편적으로는 인제 그/ 종교를 선전해서 널리 편다는 뜻을 가지고 있는데요. 인제 실상을 보면은 음/ 하나님을 믿고 따르는 신앙인으로써 하나님을 자랑하고 이/ 하나님을 알리는 게 /os2 선교라고 /oe 저는 그렇게 생각합니다.
477.561	478.136	speaker#A	 /os2 [음.(BC/continuer)] /oe 
480.294	486.752	speaker#B	그래서 우리가 믿는 하나님을 확실히 알고 그 분의 사랑을 알리는 거.
488.125	505.591	speaker#B	그래서 이 시대에는 인제 예전에 비하면은 정도 많이 줄어들고, 사랑도 n/ 메마르다라고 /os1 합니다. 그런 /oe 거 많이 듣는데요. 자기 자신을 귀히 여기고, 네. 가정의 사랑을 회복하며 지역사회에 국가의 사랑 회복이 필요한 때라고 생각합니다.
494.900	495.670	speaker#A	 /os1 [그렇죠. 네.(BC/affirmative)] /oe 
505.877	517.156	speaker#B	이/ 근데 그/ 사랑의 본질, 기원은 하나님께 있다라고 생각을 /os2 하거든요. /oe 그래서 성경에서도 인제 그/ 하나님을 사랑이라고 하셨는데 에/ 그/
509.391	509.921	speaker#A	 /os2 [음.(BC/continuer)] /oe 
518.392	537.216	speaker#B	우리가 하나님을 믿는 신앙인으로서 회복해야 될 그 사랑이 가정에서. 예. 부모님의 사랑을 회복하고 자녀들이 알아야 되는 거 n/ 어/ 고런 내용을 많이 그/ 전하고 싶고요. 그리고 이 세상에서 어떤 그/
537.306	555.197	speaker#B	불행이 행복으로 바뀌거나 어떤 희망으로 바뀔 수 있는 것은 n/ 엄마의 사랑이라고 생각합니다. /os1 네. 저희는 /oe 이렇게 봉사를 해도, 그래서 어머니 사랑의 마음으로 봉사를 하고 있는데요. n/ 이/ 모성이라는 것은 우리가 어떤 의학으로 과학으로도 풀어낼 수 없는 /os2 사랑이지 않습니까? /oe 
543.806	544.866	speaker#A	 /os1 [아/ 그렇죠.(BC/affirmative)] /oe 
553.835	555.171	speaker#A	 /os2 그럼요. 설명을 못 하죠. /oe 
555.564	572.789	speaker#B	네. 그 모성. 에/ 그래서 우리가 인제 어머니 하나님을 신앙하는 교회라고 했는데요. 이 모성이라는 것은 엄마로부터 물려받는 겁니다. 그래서 우리 모든 사람에게는 엄마가 있는데, 에/ 그 엄마도 자식을 사랑하지만은
573.590	587.281	speaker#B	에/ 그 엄마도 엄마를 그리워하거나 보고 싶을 때가 있을 겁니다. /os1 왜냐면, /oe 네. 그/ 사랑을 엄마에게 물려 받았기 때문에 n/ 그 엄마만이 아니고 그 엄마의 엄마도 마찬가지이고. 엄마의 엄마의 엄마를 계속 거슬러 간다면은
577.515	578.115	speaker#A	 /os1 [맞습니다.(BC/affirmative)] /oe 
587.916	606.658	speaker#B	그 시작점에 대해서 저희들은 많이 알리고 있거든요. 시작점에는 n/ 우리 인류를 창조하신 하나님이 계신데 네. 그/ 하나님이 인제 사람을 만드실 때, n/ 성경은 그렇게 기록하셨습니다. 우리가, 우리 형상대로 예. 우리가 사람을 만들되, 우리 형상대로 만들자해서
606.883	616.898	speaker#B	남자와 여자를 만들었는데 예. 그래서 인제 성경은 예수께서 하나님 우리 아버지요, 이/ 또 갈라디아 사장이신 이제 우리 어머니라고 알려지고 있거든요.
617.744	628.898	speaker#B	예/ 그래서 그 이 모성애의 어떤 사랑을 회복해서 네/ 그 기원이 이제 하나님께로 말미암은 것을 알리는 것이 저는 가장 그/ 선교이지 않는가 /os1 생각합니다. /oe 
628.124	628.849	speaker#A	 /os1 [아/(BC/continuer)] /oe 
628.921	635.890	speaker#A	네. 좋은 말씀 /os2 감사합니다. 선교란 /oe 어머니의 사랑을, 또 나아가서 하나님의 사랑을 /os1 알리는 것이다라는 /oe /os2 말씀이죠? /oe 
630.267	630.422	speaker#B	 /os2 [예.(BC/continuer)] /oe 
633.626	634.641	speaker#B	 /os1 [예예.(BC/continuer)] /oe 
635.491	635.885	speaker#B	 /os2 예. /oe 
636.000	647.552	speaker#A	이렇게 방금도 좋은 말씀을 굉장히 많이 해주셨는데, n/ 이/ 평소에도 교인분들께 굉장히 좋은 말씀을 많이 해 주실 것 같아요. /os1 이/ 교인들 /oe 만날 때 어떤 점을 가장 중시하시나요?
644.055	644.495	speaker#B	 /os1 [네.(BC/continuer)] /oe 
648.591	664.580	speaker#B	네. 뭐 참 여러가지가 있는 거 같습니다. 인제 왜냐하면 그/ 우리 교회 성도들의 형편과 처지가 다양하기 /os2 때문에 /oe 일률적으로 이렇게 다 할 수 없겠고요. 인제 제가 이 자리에서 꼭 음/ 말씀드리고 싶은 것은
656.346	656.836	speaker#A	 /os2 [그렇죠.(BC/affirmative)] /oe 
665.898	685.538	speaker#B	어떤 경우라도 인제 그/ 감사를 잃지 말라는 말은 /os1 많이 하는 것 /oe 같습니다. n/ 우리 성경 데살로니가전서 (5장 16절)/(오 장 십 육 절)에도 항상 기뻐하고 쉬지 말고 범사에 감사하라. 그것이 우리를 향하신 하나님의 뜻이라고 하셨는데요. 감사 감사가
671.308	672.038	speaker#A	 /os1 [음.(BC/continuer)] /oe 
686.153	687.955	speaker#B	이 쉬운 것 같으면서도 어렵습니다.
687.955	688.950	speaker#A	네. 어렵죠.
688.952	698.133	speaker#B	음/ 제가 언제 감사라는 것을 아주 마음에 각인한 적이 있었는데요. 언제냐면은 제가 이제 처음 목회라는 걸 시작하고
699.039	710.533	speaker#B	광주에 내려갔을 때, 거기는 청년들이 많았어요. 근데 그 청년 중에, 지금도 이름을 잊어버리지 않습니다. '신현민'이라는 청년이 그 때 당시 (92년)/(구십 이 년)도네요. 있었는데
712.205	722.484	speaker#B	에/ 그 청년이 그/ 특수학교에서 오는 /os2 청년입니다. /oe 근데 고등학교때까지는 공부도 열심히 하고 정말 성실히 생활했는데 갑자기 실명을 합니다.
714.640	715.295	speaker#A	 /os2 [음.(BC/continuer)] /oe 
722.587	726.807	speaker#A	어우 /os1 어떤 /oe 사고가 /os2 있었던 건가요? 아님 /oe 안타깝네요, 네.
723.163	723.443	speaker#B	 /os1 [네.(BC/continuer)] /oe 
724.487	729.101	speaker#B	 /os2 하튼 그/ 유전적인건지 하여튼 그/ /oe 예 /os1 그/ 실명이 됐어요. /oe 
727.826	729.091	speaker#A	 /os1 안타깝네요. 네. /oe 
730.418	741.552	speaker#B	그래서 정상적인 학교를 못 다니고 에/ 광주에 특수학교를 다녔는데 제가 방문을 가서 방에 들어가 기도하고 있으면은 (7명)/(일곱 명)이 생활하더라고요. 다른 분이 와서 부딪혀요.
741.565	741.945	speaker#A	[네.(BC/continuer)]
742.993	747.231	speaker#B	굉장히 마음이 아팠는데 그 분은 버스를 한 번 갈아타고 교회를 와야 됩니다.
747.723	749.028	speaker#A	눈이 /os2 불편한데도. /oe 
748.197	749.739	speaker#B	 /os2 그런데 한 번도 안 빠지고 /oe 와요.
750.942	756.679	speaker#B	근데 굉장히 그/ 위로해주거나 격려해준다는 게 어려웠었어요 사실은. /os1 어떤 /oe 말을 해 줄까?
755.497	756.072	speaker#A	 /os1 [그렇죠.(BC/affirmative)] /oe 
756.767	757.135	speaker#A	네.
759.041	772.809	speaker#B	근데 조용하게 한 쪽에 많이 앉아 있었던 청년인데, 어느 날 그런 이야기를 했어요. 소원이 있습니다. 소 그/ 뭡니까? 했더니 세상을 마음껏 보는 겁니다. n/ 
773.179	773.848	speaker#A	[음.(BC/continuer)]
775.002	776.796	speaker#B	어/ 저는 그 말을 들을 때 정말
779.127	797.567	speaker#B	정말 머리를 한 대 얻어맞은 /os2 것 처럼 /oe 정말 그/ 어떻게 말을 해줘야 될지, 아 우리는 날마다 보고 다니는 게 당연시 /os2 되는데 /oe 하/ 하나님 만드신 창조, 이 세상을 마음껏 보는 것이 소원인 사람이 있었구나. 이/ 기적이 일어나지 않고서는
780.572	780.972	speaker#A	 /os2 [그렇죠.(BC/affirmative)] /oe 
788.132	788.837	speaker#A	 /os2 [그렇죠.(BC/affirmative)] /oe 
798.080	809.404	speaker#B	될 수 없는 일입니다. n/ 그 때를 계기로 저를 보니까 마음껏 볼 수 있고, 마음껏 들을 수 있고, 마음껏 뛰어 다닐 수 있고, 이게 얼마나 감사한 일인지
809.410	810.252	speaker#A	감사한 일이죠.
811.447	823.293	speaker#B	그래서 우리가 이/ 감사. 를 하면 더 감사할 일이 많이 생긴다라고 하듯이 n/ 우리 성도를 만나면, 어려운 분들도 많은데요. 감사를 잃지 말고
824.047	831.716	speaker#B	희망을 항상 말하자. 희망은. 희망은 이/ 음악이 없어도 춤을 추게 한다라고 합니다. 희망은.
832.440	833.781	speaker#A	좋은 /os2 말이네요. /oe 
833.205	836.322	speaker#B	 /os2 예. /oe 음악이 없어도 춤을 추게 하는게 희망이라고 /os2 하는데 /oe 
835.810	836.295	speaker#A	 /os2 [네네.(BC/continuer)] /oe 
837.067	844.132	speaker#B	예/ 감사를 잃지 말고 희망을 가지면은 그/ 싹이 날 수 있고 결실할 수 있다. 이거죠.
844.414	844.508	speaker#A	[네.(BC/continuer)]
844.677	848.059	speaker#B	이런 내용을, 항상 힘 주는 내용을, 이야기를 하고 있어요.
848.723	858.169	speaker#A	네. 항상 긍정적인 거를 마음에 심어주는 걸 중점에 두고 /os2 계시는군요. /oe 그렇다면 설교를 하기 전에 /os2 개인적으로 /oe 뭔가 준비하시는 사항이 따로 있으실까요?
851.992	853.182	speaker#B	 /os2 네. 예예. /oe 
855.393	855.533	speaker#B	 /os2 [예.(BC/continuer)] /oe 
858.978	873.148	speaker#B	예. 설교는 개인적으로 오늘 날 이 시간까지 하는데 정말 그/ 이런 말 하면 어, 어떨 지 모르겠는데, 좀 조심스럽고 어렵고 부담이 /os1 가고 하는게 /oe 사실입니다.
871.898	872.453	speaker#A	 /os1 [음.(BC/continuer)] /oe 
873.153	875.992	speaker#A	그렇죠. /os1 많은 /oe 분들께 영향을 주시는 /os2 거니까. /oe 
873.688	873.833	speaker#B	 /os1 [네.(BC/continuer)] /oe 
875.307	882.888	speaker#B	 /os2 예. /oe 그 말 한마디가 어떤 지대한 영향을 미칠 수 있는 시간이 그/ 예배 설교 /os2 시간이잖아요. /oe 
882.492	882.877	speaker#A	 /os2 [그렇죠.(BC/affirmative)] /oe 
883.718	889.047	speaker#B	음/ (1:1)/(일 대 일) 대화는 한 사람 n/ 이지만은 설교는 대중 /os2 설교입니다. /oe 
888.618	889.048	speaker#A	 /os2 [그렇죠.(BC/affirmative)] /oe 
889.833	906.588	speaker#B	그래서 다양한 연령, 또 성별, 상황, 형편 다 다르기 때문에, n/ 그래서 항상 그/ 마음에 갖고 있는게 음/ 설교는 n/ 이/ 내가 나여선 안 되고, 내가 나서는 n/ 안되고
907.375	926.067	speaker#B	어/ 많은 성도들은 하나님을 필요로 하는 성도들이기 때문에 그 성도들에게 하나님과 /os2 연결해주는 /oe 나는 중매쟁이 n/ /os1 그런 /oe 마음을. n/ /os2 사도바울이 /oe 그랬습니다. 성도들, 그 당시 (2000년)/(이 천 년)전에 내가 너희를 그리스도에게로 인도, 중매한다 n/ 이렇게
914.075	914.595	speaker#A	 /os2 [음.(BC/continuer)] /oe 
917.280	918.435	speaker#A	 /os1 중매장이라고 /oe 
919.140	919.500	speaker#A	 /os2 [네.(BC/continuer)] /oe 
926.106	937.158	speaker#B	 /os1 이 /oe 그런 마음을 가지고 그리고 어떤 경우라도 인제 그/ 희망이 되고, 용기가 되고, 힘이 될 수 있는 말 하나님 말씀 많거든요?
926.111	926.556	speaker#A	 /os1 [네.(BC/continuer)] /oe 
937.241	937.676	speaker#A	그렇죠.
937.815	947.184	speaker#B	미국에 어느 교도소에서 조사를 해 봤는데, n/ 어떻게 이 사람들이 교도소까지 올 수 있었을까. 그 험학한 교도소에.
948.380	962.856	speaker#B	추적을 하고 조사해 보니까 그 사람들은 어릴 때부터 살아온 환경 속에서, 그런 말을 많이 들었답니다. 혼도 많이 나면서 야단도 들으면서 너는 커서 n/ /os1 어/ 교도소나 /oe 갈 /os2 사람이다. /oe 그렇게 실제 됐어요.
959.095	959.660	speaker#A	 /os1 안된다? /oe 
960.515	961.195	speaker#A	 /os2 [어/(BC/understanding)] /oe 
963.119	963.710	speaker#A	네.
964.854	978.294	speaker#B	아/ 그래서 말이 씨가 된다는 것처럼 정말 우리가 세상을 살아가면서 어떤 경우라도 이/ 긍정. 희망. 그런 말을 많이 해야 되겠구나. 고런 걸 항상 염두해두고 있죠.
978.484	991.380	speaker#A	네. 그렇다면 아주 개인적으로 여쭤보고 싶은 게 /os2 있는데요. /oe 이 성경이 방금도 뭐 성경의 구절을 여러가지 이야기를 해 /os2 주셨는데, /oe 성경은 좀 인류의 오래된 고전 중에 하납니다. /os1 그러다보니까 /oe 
982.414	983.114	speaker#B	 /os2 [네. 예예.(BC/continuer)] /oe 
986.854	987.134	speaker#B	 /os2 [네.(BC/continuer)] /oe 
990.509	990.699	speaker#B	 /os1 [네.(BC/continuer)] /oe 
991.671	999.692	speaker#A	비 종교인들도 아는 구절이 굉장히 /os2 많은데, /oe 이/ 목사님께서 개인적으로 가장 좋아하는 구절이 n/ 있다면 소개 부탁드릴게요.
994.386	994.726	speaker#B	 /os2 [네.(BC/continuer)] /oe 
1000.171	1019.184	speaker#B	네. 정말 정말 하고 싶은 말이 많습니다. 네. n/ /os1 한 구절만 하라고 하시니까요. /oe n/ 아/ 많은 또 하나님 말씀 가운데 요한일서 (4장 8절)/(사 장 팔 절)에 보시면 사랑하지 아니하는 자는 하나님을 알지 못하나니, 이는 하나님은 사랑이심이라라고 /os2 돼있고요. /oe 
1004.296	1006.071	speaker#A	 /os1 하나만 골라주신다면? 네. /oe 
1018.616	1019.136	speaker#A	 /os2 [음.(BC/continuer)] /oe 
1020.509	1035.911	speaker#B	그/ 하나님의 사랑이 우리에게 이렇게 나타난 바 되었으니 하나님이 자기의 독생자를 세상에 보내심은 저로 말미암아 우리를 살리려하심이라 그랬습니다. 우리를 살리기 위해서 n/ 독생자 예수 그리스도를 보내셨다는 말씀이거든요.
1037.118	1046.869	speaker#B	네. 그거를 정말 자세히 살펴봐야 됩니다. 그냥 넘길 말씀이 아니고요. 우리 하나님을 아버지라 하지 /os2 않습니까? /oe 
1046.403	1046.858	speaker#A	 /os2 네. /oe 
1046.874	1060.879	speaker#B	하나님께서 인류를 사랑하셔서 자기 아들을 보내셨다는 뜻인데요. 자기 아들 예수를 보내서 십자가에 그/ 고통 받고 죽게했다는 뜻인데 아버지는 하늘에 따로 계시고
1062.404	1077.232	speaker#B	아들은 이 땅에 보내서 십자가에 고통받아 죽게 했던 그 아버지는 과연 사랑의 /os1 하나님이실까 /oe 실상은 예수님이 아들로서 오셨지만은 그 근본은 아버지였습니다.
1069.234	1069.709	speaker#A	 /os1 [음.(BC/continuer)] /oe 
1077.461	1079.135	speaker#B	 /os1 하나님이셨거든요. /oe 
1077.471	1078.631	speaker#A	 /os1 [아/(BC/understanding)] /oe 
1079.135	1079.645	speaker#A	[네.(BC/continuer)]
1080.089	1088.098	speaker#B	그래서 이 성경은 하나님을 증가하는 책이고 하나님을 알려주는 책입니다. 이/ 성경은 교양서도 되고, 고전도 되고
1088.390	1106.182	speaker#B	많은 사람이 태교도 하면서 보는 책이 맞습니다만은 진정한 성경의 뜻은 하나님을 증가하는 /os2 책이거든요. /oe 그래서 영적으로 하늘에 계셨던 그 하나님께서 우리 인류를 자녀로 생각하시고 우리를 살리기 위해서
1096.405	1096.790	speaker#A	 /os2 [음.(BC/continuer)] /oe 
1106.979	1126.822	speaker#B	당신이 직접 오셔서 피 흘리셔서 희생하시고 살리시는데 에/ 그 예언이 이제 이 땅에 사람되어 오실 때 아들로 오신다라고 얘기했는데 아들의 근본은 하나님이셨죠. 이/ 그런 사랑을 알았을 때 하나님의 사랑이
1127.192	1145.447	speaker#B	십자가의 고통은 이루 말로 표현할 수 /os2 없는데 /oe 이/ 하나님 아버지의 사랑을 우리가 느끼게 되고 알았을 때 아/ 그래서 하나님이 사랑이시라라는 말씀이 맞구나 /os2 이제 /oe 이제 그런 내용을 이제 좀 기회가 있음 많이 알려주고 싶은 입장이죠.
1129.257	1129.937	speaker#A	 /os2 [그렇죠.(BC/affirmative)] /oe 
1139.742	1139.952	speaker#A	 /os2 [음.(BC/continuer)] /oe 
1145.826	1150.000	speaker#A	그럼 그 사랑이 느껴졌기 때문에 이 구절을 특별히 좋아하시는 /os1 건가요? /oe 
1149.121	1149.996	speaker#B	 /os1 예예. /oe 
1150.125	1163.145	speaker#A	그렇다면 이제는 /os2 전시회 /oe 이야기로 좀 넘어가볼까 하는데요. /os1 지금 /oe 하나님의 교회에서 /os1 그/ /oe 진심, 아버지를 읽다. 라는 전시회가 열리고 있습니다. /os1 저도 /oe 직접 전시회 /os1 다녀왔었는데, /oe
1151.555	1151.800	speaker#B	/os2 [예.(BC/continuer)] /oe
1154.075	1154.515	speaker#B	 /os1 [예예.(BC/continuer)] /oe 
1156.045	1156.185	speaker#B	 /os1 [예.(BC/continuer)] /oe 
1159.980	1160.310	speaker#B	 /os1 [예.(BC/continuer)] /oe 
1161.685	1163.135	speaker#B	 /os1 아/ 지난번에 오셨었죠? 네. /oe 
1163.203	1171.875	speaker#A	정말 볼거리도 많고 뭔가 생각할거리도 굉장히 많은 전시회였습니다. /os1 그/ /oe 전시회를 보고 주변 사람들의 반응, 교인들의 반응은 또 어땠나요?
1167.319	1167.689	speaker#B	 /os1 [네.(BC/continuer)] /oe 
1173.156	1190.468	speaker#B	예/ 뭐 교회 성도들뿐만 아니라 인제 그/ 많은 지역주민들 심지어는 이렇게 이게 서울 관악에서 했던 아버지 전에 뭐 포항, 대구에서도 왔다 가시고 원주에서도 오시고 에/ 신문에 이제 그 기사가 /os2 나갔기 때문에 /oe 
1189.544	1190.219	speaker#A	 /os2 [네.(BC/continuer)] /oe 
1191.531	1202.946	speaker#B	어/ 저는 굉장히 의외였습니다. 어떻게 지방에서 신문 기사를 보고 /os1 아버지전을 /oe 보기 위해 서울까지 올 수가 있었을까? 아/ 뭘 방증하는 것일까?
1196.401	1197.321	speaker#A	 /os1 서울까지. /oe 
1204.162	1214.395	speaker#B	많은 사람들이 아버지에 대해서 알고 싶고, 아버지 사랑에 /os2 갈급해하는 걸 /oe 보여주는거라 할 수 있겠고, 그리고
1210.227	1210.797	speaker#A	 /os2 [음.(BC/continuer)] /oe 
1215.438	1231.092	speaker#B	상대적으로 아버지에 대한 그/ 책이라던가, n/ 문화 콘텐츠가 좀 부재한 거 아닌가 그래서 실제로 많은 그 어/ 전시 전문가들도 다녀가시는데, 어/ 아버지란 전시회 때문에 오는 사람이 굉장히 많아요.
1231.145	1233.307	speaker#A	아/ /os2 궁금한 것도 있고 그렇죠. /oe 
1231.800	1234.505	speaker#B	 /os2 어떻게 풀어놨을까? /oe /os2 궁금해서 /oe 
1234.042	1234.472	speaker#A	 /os2 [네.(BC/continuer)] /oe 
1235.503	1253.729	speaker#B	그래서 아버지란 주제를 가지고 이렇게 펼쳐놓은데를 보지 못했다는 게 굉장히 많습니다. 인제 그래서 (10만)/(십 만)명이 다녀가, 지금 넘었네요. /os1 n/ 그리고 /oe 다양한 /os2 연령층 /oe 네. 또 감동적이라는 평가를 많이 해주고 있는데 이렇게 n/ 이/ (97년)/(구십 칠 년) IMF사태 이후에 그/
1243.763	1244.383	speaker#A	 /os1 [어.(BC/continuer)] /oe 
1245.523	1246.063	speaker#A	 /os2 [네.(BC/continuer)] /oe 
1253.885	1261.265	speaker#B	베스트셀러가 됐던 아버지라는 소설 작가 /os2 김정현씨가 왔었어요. 네. /oe 그 소문을 듣고 왔더라고요.
1257.635	1260.115	speaker#A	 /os2 음/ /oe 아/ 그러셨어요.
1261.718	1263.520	speaker#A	또 소감이 /os2 남달르셨겠네요. /oe 
1262.743	1276.698	speaker#B	 /os2 예. 아주 /oe 그/ 자기가 인제 뭐 이런 말씀이 어떨지 모르겠습니다. 인제 그/ 좀 정리해주는 말씀에 하신 것 같애요. 자기가 쓴 소설 아버지보다 더 n/ 감동적이다라고 할 정도로 굉장히 /os1 감동을 받고 가셨어요. /oe 
1274.568	1276.598	speaker#A	 /os1 n/ 극찬을 해주셨네요. 네. /oe 
1277.703	1291.494	speaker#B	그/ 실제로 이렇게 많이 울고들 가십니다. 그래서 그/ n/ 휴지를 찾는거죠. 그래서 그/ 보셨는가 모르겠지만은 그/ 전시관마다 이렇게 각티슈를 전부 /os1 비치를 해 /oe n/ 보셨나요? 그렇게 /os1 해 놓고 /oe 
1288.948	1290.053	speaker#A	 /os1 네. 봤습니다. /oe 
1291.133	1291.468	speaker#A	 /os1 네. /oe 
1292.413	1311.479	speaker#B	그리고 인제 그/ 저희들이 조금 보람을 느끼는게, 처음에 기획을 할 때, 우리가 인제 원치 않는 오해가 있어요. 이제 가족은 가정, 가족은 정말 보금자리고 거기서 사랑이 움터야되고, 이 험난한 세상을 살아감에 있어서
1311.927	1318.925	speaker#B	거친 세상을 살다 들어와서 n/ 에/ 집에서 두 다리 쭉 뻗고 /os1 편하게 쉬고 안식을 /oe 누리고
1317.162	1317.897	speaker#A	 /os1 쉬어야죠. /oe 
1319.703	1338.383	speaker#B	그/ 어떤 그/ 충전해서 다시 세상을 나와야 되는 곳이 가정인데, 그런 가족의 구성원이 모여 있는 집에서 오해가 있지 않습니까? 우리가 몰라서 표현을 못해서 인제 에/ 근데 그/ 아버지하고 오해가 많은 것 같아요.
1338.818	1340.524	speaker#A	대화를 잘 /os1 안 하셔서. /oe 
1339.404	1340.424	speaker#B	 /os1 [네.(BC/continuer)] /oe 
1341.296	1352.541	speaker#B	그래서 아버지 전을 계획할 때 n/ 원치 않았던 아픈 오해가 있는 분들이 아버지 전에 오기만 하면은 /os1 오해가 /oe 이해가 되고
1349.698	1350.178	speaker#A	 /os1 [음.(BC/continuer)] /oe 
1353.373	1362.687	speaker#B	정말 화목의 어떤 회복이 돼서 가족 화목의 증전이 됐음 좋겠다. /os1 실제 /oe 실제 그런 일이 많이 일어나요.
1359.628	1360.558	speaker#A	 /os1 그런 마음으로. /oe 
1362.862	1364.812	speaker#A	오, 되게 좋은 /os2 현상이네요. /oe 
1363.972	1364.632	speaker#B	 /os2 [예예예.(BC/continuer)] /oe 
1365.260	1378.181	speaker#B	그래서 우리 학생들은 이렇게 아빠에 대해서 미안해하고, 감사해하고. 아 오늘 음/ 저녁에 가서 사랑 표현하겠다. n/ 밖에 나가면 바로 아빠께 전화해야 되겠다.
1378.186	1379.800	speaker#A	 /os2 뿌듯하셨겠어요 목사님. /oe 
1378.821	1386.907	speaker#B	 /os2 예. 그리고 /oe n/ 나는 그런 말을 들을 때, 음/ 전시회를 기획하고 하는 보람이 좀 있죠. n/ 
1387.010	1388.875	speaker#A	 /os1 네. /oe 느끼셨을 것 /os2 같네요. /oe 
1387.012	1387.062	speaker#B	 /os1 [네.(BC/continuer)] /oe 
1388.470	1388.855	speaker#B	 /os2 [예예.(BC/continuer)] /oe 
1388.876	1405.598	speaker#B	그래서 그 아버지 전에 그/ n/ (2관)/(이 관)에서 (3관)/(삼 관) 넘어가는 (bridge)/(브릿지)에 그런 말이 있어요. 격언이, 독일의 격언인데. n/ 한 아버지는 열 아들을 기를 수 있으나 n/ /os1 열 /oe 아들은 한 아버지를 봉양하기 어렵다.
1402.306	1402.646	speaker#A	 /os1 [네.(BC/continuer)] /oe 
1405.879	1414.588	speaker#B	이런 어떤 그/ 아버지들의 자리, 외롭고 힘든, 그런 내용을 좀 우리 청소년들이 많이 알았으면 좋겠다 이제.
1414.963	1423.982	speaker#A	그런 마음으로 /os1 전시회를 /oe /os2 기획하셨군요. /oe 네. 이 전시회의 주제가 /os2 아버지인데 /oe 혹시, 또 다른 의미가 숨어 있을까요? 아버지에?
1415.708	1416.098	speaker#B	 /os1 [예.(BC/continuer)] /oe 
1416.973	1417.473	speaker#B	 /os2 [예예.(BC/continuer)] /oe 
1420.473	1420.763	speaker#B	 /os2 [예.(BC/continuer)] /oe 
1425.130	1434.276	speaker#B	아버지라는 의미는 이제 각 사람마다 다양한 표현을 하겠습니다만은 에/ 멍에. /os1 책임. /oe 
1433.573	1434.233	speaker#A	 /os1 [음.(BC/continuer)] /oe 
1434.520	1435.154	speaker#A	[네.(BC/continuer)]
1435.993	1452.156	speaker#B	어/ 남자와 아빠는 n/ 다르거든요? 남자였을 때는 자기 희망을 쫒아갑니다. n/ 근데 아빠는 그러질 못해요. /os1 아빠는 /oe 뭐든 걸 가족 부양을 해야 합니다.
1449.147	1449.812	speaker#A	 /os1 [음/(BC/understanding)] /oe 
1452.172	1452.772	speaker#A	[네.(BC/continuer)]
1453.390	1472.229	speaker#B	어/ 그래서 그/ 아비 부자라는 한자 용어를 보면은 사람이 도끼를 이렇게 들고 /os1 있는 /oe 일해야 되는, /os1 n/ 옛날 /oe 옛적부터 가족을 부양해야되는 /os1 이/ 가족을 /oe 책임져야되는 멍에를 짊어지는 게 아빠라고 생각합니다.
1462.400	1462.665	speaker#A	 /os1 [아.(BC/continuer)] /oe 
1464.260	1464.860	speaker#A	 /os1 [그렇죠.(BC/affirmative)] /oe 
1467.180	1468.395	speaker#A	 /os1 사냥을 해 와야 되는? /oe 
1472.499	1491.223	speaker#B	 n/ 예. 그래서 제가 드렸던 아버지 하면은 그런 책임, 멍에 n/ 실제 아버지 전을 보면 오늘 이제 그/ 그 작품 사진이 하나 있는데, 아/ 시골에 아버지가 그/ 밭을 갈면서 소에게 멍에를 씌어서 /os1 밭갈이 하는게 있습니다. 이제 /oe 그 사진의 의미도
1488.113	1489.993	speaker#A	 /os1 [음/ 네.(BC/continuer)] /oe 
1492.171	1508.562	speaker#B	 n/ 실상 소에게 씌운 멍에지만, 아버지가 짊어진 멍에라는 의미를 담고 있고요. 그래, 관람객이 아버지란 의미를 뽑은 내용을 가운데 (5가지)/(다섯 가지)를 이렇게 알려드리면 n/ (1위)/(일 위)가 버팀목이라고 /os2 버팀목. /oe 
1508.175	1508.555	speaker#A	 /os2 [네.(BC/continuer)] /oe 
1508.567	1518.502	speaker#B	거친 세상에 n/ 아/ 울타리, 그/ 버팀목이 /os2 돼준 아빠. 예. /oe 그리고 (2번째)/(두 번째)가 에/ 사랑이다.
1514.007	1515.302	speaker#A	 /os2 기댈 수 있는 존재죠. /oe 
1518.501	1519.401	speaker#A	[음.(BC/continuer)]
1519.691	1525.036	speaker#B	 n/ 네. 그리고 (3번째)/(세 번째)가 희생. /os1 희생 /oe 아버지는 n/ /os2 희생입니다. n/ /oe 
1522.276	1522.811	speaker#A	 /os1 희생. /oe 
1524.176	1524.986	speaker#A	 /os2 많이 하시죠. /oe 
1525.108	1527.484	speaker#B	(4번째)/(네 번째)는 소중한 분.
1527.743	1528.640	speaker#A	[음.(BC/continuer)]
1528.973	1532.098	speaker#B	 n/ 마지막 다섯 번 째가 에/ 엄하다. n/ 엄함.
1532.509	1533.895	speaker#A	그건 어쩔 수 없나 /os2 봅니다. /oe 
1533.619	1540.322	speaker#B	 /os2 근데, /oe n/ 이제 이게 이제 종합적인 (total)/(토탈)한 의미구요. 그리고 연령별로 좀 재미있어서
1540.369	1540.832	speaker#A	[네.(BC/continuer)]
1540.979	1552.546	speaker#B	가지고 나왔는데, (10대)/(십 대)가 바라보는 아버지 의미 /os1 네. (40)/(사십)대, /oe (60)/(육십)대 (3개)/(세 개)를 가지고 나왔습니다. n/ (10대)/(십 대)들은 (1번째)/(첫 번째)가 아버지를 소중한 분
1544.159	1545.209	speaker#A	 /os1 어 궁금한데요? /oe 
1553.410	1556.911	speaker#B	예. (2번째)/(두 번째)는 사랑. /os1 (3번째)/(세 번째)는 /oe 감사!
1555.055	1555.765	speaker#A	 /os1 [음/(BC/understanding)] /oe 
1558.003	1561.798	speaker#B	(4)/(네) (4번째)/(네 번째)가 나의 (back)/(빽)! n/ 
1561.781	1563.332	speaker#A	 n/ 든든한 /os2 지원군. n/ /oe 
1562.796	1563.306	speaker#B	 /os2 [예.(BC/continuer)] /oe 
1563.373	1572.134	speaker#B	다섯 번 째가 /os2 버팀목 이렇게 나왔죠, 그리고 /oe (40대)/(사십 대). (40대)/(사십 대)는 또 다릅니다. (10대)/(십 대)하고 n/ (40대)/(사십 대)는 (1위)/(일 위)가 사랑.
1564.833	1566.333	speaker#A	 /os2 [아/ 네.(BC/continuer)] /oe 
1572.524	1573.032	speaker#A	[음.(BC/continuer)]
1573.196	1576.871	speaker#B	(2번째)/(두 번째)가 버팀목. (3번째)/(세 번째)가 희생.
1577.073	1577.633	speaker#A	[네.(BC/continuer)]
1577.612	1592.494	speaker#B	 n/ (4번째)/(네 번째)가 엄함. (5번째)/(다섯 번째)가 아픔! /os1 음/ 그리고 (60대)/(육십 대)는 /oe 아무래도 세상을 살으신 분들이기 때문에 아버지의 (1번째)/(첫 번째) (1위)/(일 위)가 엄함이예요. 엄함. 엄하고 (2위)/(이 위)가
1582.042	1583.952	speaker#A	 /os1 아/ 그 (3개)/(세 개)가 또 다르겠네요. /oe 
1592.880	1601.140	speaker#B	버팀목하고 사랑이 차지했고, 어/ (3위)/(삼 위)가 고향, /os1 해결사, /oe 그리움, 하늘
1597.900	1599.115	speaker#A	 /os1 [음/(BC/understanding)] /oe 
1601.604	1606.348	speaker#B	희생, 산 이렇게 다릅니다. 그래서 또 연령별로도 /os2 다르거든요. 예. /oe
1605.239	1608.892	speaker#A	 /os2 그러게요. 겪은 /oe 시절에 따라서 이렇게 /os2 또 의미가 /oe 달라지네요.
1607.408	1607.948	speaker#B	 /os2 [예.(BC/continuer)] /oe 
1608.893	1613.588	speaker#B	우리나라 또 시대적인 배경도 n/ 또 /os1 영향이 있는 것 같습니다. 네. /oe 예.
1611.876	1620.197	speaker#A	 /os1 작용을 했던 것 같아요. 네. /oe 좋은, 아주 재미있는 정보 /os2 감사하구요. /oe 전시 돼 있는 소품들 얘기를 조금 해볼까 /os1 합니다. /oe 
1615.946	1616.531	speaker#B	 /os2 [예예.(BC/continuer)] /oe 
1619.156	1620.176	speaker#B	 /os1 아/ 그러세요. /oe 
1620.238	1634.953	speaker#A	이 아버지 전이라고 불리는 이 전시에는 /os1 뭔가 /oe 추억이 담긴 애장품이나 /os1 또 /oe 옛 시절이 담겨있는 물품들이 굉장히 많이 전시가 /os1 되어 있었는데 /oe 그 중에 목사님께 가장 큰 감동을 주는 소품은 어떤 거였나요?
1622.763	1623.098	speaker#B	 /os1 [예.(BC/continuer)] /oe 
1625.428	1625.718	speaker#B	 /os1 [예.(BC/continuer)] /oe 
1629.533	1629.853	speaker#B	 /os1 [네.(BC/continuer)] /oe 
1635.875	1646.358	speaker#B	예. n/ 전시회 때 보니까 그/ 어떤 부녀가 와서 이제 그/ 전시 소품 가운데 갑자기 시선이 집중이 되니 막. 눈물을 흘리는 /os1 게 있었어요. n/ /oe 
1644.830	1646.340	speaker#A	 /os1 어/ 어떤 거였죠? /oe 
1646.947	1657.364	speaker#B	어/ 이제 저는 그/ 사연을 알기 전까지는 저도 의미를 안 두었던 것 /os2 같은데, /oe 그게 아마 인제 (70년대)/(칠십 년 대), (80년대)/(팔십 년 대)
1652.232	1652.707	speaker#A	 /os2 [네.(BC/continuer)] /oe 
1658.206	1676.716	speaker#B	우리나라가 어려웠을 시절 그/ 중동 근로자들이 있었습니다. 그 뜨거운 열사의 나라 중동에 가서 이제 외화를 벌어왔던 분들이 계시는데, 아마 그 부녀의 아빠가 중동 근로자였던 것 /os2 같애요. /oe 그 때
1673.911	1674.821	speaker#A	 /os2 [음/(BC/understanding)] /oe 
1677.695	1684.255	speaker#B	사우디로 알고 있는데 그래서 휴일날 바닷가에 가서 조개껍질을 주워다가
1685.214	1688.855	speaker#B	 n/ 어/ 집에 귀국하면 줄 선물로 만든 그/ 거울 n/ 
1688.984	1689.576	speaker#A	[네.(BC/continuer)]
1689.587	1695.614	speaker#B	그/ 조개껍질을 붙여서 만든 거울이 있더라고요. 그거를 보고 많이 /os2 울었어요. /oe 근데,
1693.207	1694.367	speaker#A	 /os2 [음/(BC/understanding)] /oe 
1696.864	1701.970	speaker#B	본인도 전시관에 와서 그 내용을 보기까지는 별 의미를 안 뒀답니다.
1703.048	1706.188	speaker#B	뭐 그렇게 고급스럽지도 /os2 않는 질이다 보니까. 예 /oe 
1704.308	1706.128	speaker#A	 /os2 아/ 그렇죠. 그냥 거울이니까 /oe 
1706.921	1721.734	speaker#B	아/ 근데 그 힘든 나라에 가서 일했던 아빠가, 딸을 위해서 거울을 만들어왔던 걸 여기 와서 그 의미를 /os1 살피고 나와서 인제 /oe 눈물을 흘리고 아/ 이렇게 귀한 거였구나 인제 지금 실물을 못 가져왔는데, n/ 이렇게 /os2 한번 /oe 
1715.762	1716.712	speaker#A	 /os1 알고보니까. /oe 
1721.016	1721.646	speaker#A	 /os2 아쉽네요. /oe 
1721.734	1736.978	speaker#B	 n/ 예. 사진으로 한 번 /os2 드리겠습니다. /oe 인제 고런 게 있었고 어/ 그 다음에 이제 그 전시관에 보면은 n/ 돌아가신 날까지 자녀와 손주를 사랑했던 그 아버지이면서 /os2 할아버지였던 사람입니다. /oe 
1722.839	1723.339	speaker#A	 /os2 [네.(BC/continuer)] /oe 
1735.449	1736.209	speaker#A	 /os2 [음/(BC/understanding)] /oe 
1737.171	1752.265	speaker#B	어떤 사연이냐면은 어/ 그/ 손주가 이게 딸의 아들인지 아토피에 걸렸어요. 그리고 딸도 인제 그/ 아마 아토피 증세가 /os2 있었던 것 같아요. 보니까 /oe 아 아버지가 그게 너무 마음 n/ /os2 아파서 /oe 
1748.641	1749.501	speaker#A	 /os2 [아. 네.(BC/continuer)] /oe 
1751.481	1752.256	speaker#A	 /os2 속상하시죠. /oe 
1753.362	1759.464	speaker#B	약을 써도 안 되니까 아토피 치료하는 비누를 만들기 시작한 /os2 겁니다. 비누를 /oe 
1758.671	1761.151	speaker#A	 /os2 아/ /oe 직접 /os2 개발을 하시는 거군요. /oe 
1760.109	1768.932	speaker#B	 /os2 네. /oe 그래서 그 방면에 전혀 문외한인데 아토피 비누를 만들 시도를 했죠.
1769.817	1778.686	speaker#B	실제 만들었어요. 그래서 시행착오를 겪어서 n/ 첫 작품의 인제 그/ 딸이 이름 붙였는데 못난이 비누라고 n/ 그게 전시장에 실물이 /os2 있습니다. /oe 
1778.267	1778.662	speaker#A	 /os2 [네.(BC/continuer)] /oe 
1779.166	1794.416	speaker#B	근데 투박스럽게 생겼어요 사실은. 근데 이제 그/ 처음에는 막 냄새난다고 막 우유곽에 만, 넣어서 /os2 만드니까 그거를 안 받았어요. /oe 아빠 마음이 얼마나 아팠겠습니까? 그래도 포기하지 않고 딸하고 손주를 위해서
1786.172	1788.192	speaker#A	 /os2 아/ 우유 냄새나고 아. 네. /oe 
1794.936	1802.786	speaker#B	끝까지 비누를 만들었어요. 라벤더 향이 나는 비누를 만들어서 가져왔는데 그걸 사용해보니까 실제 /os2 나았어요. /oe 
1802.586	1804.895	speaker#A	 /os2 어. /oe 효과가 /os2 있었네요. /oe 다행이네요 진짜.
1803.341	1803.826	speaker#B	 /os2 [네.(BC/continuer)] /oe 
1804.913	1813.447	speaker#B	그래서 그 뒤로 그 비누를 만들어 썼는데 아/ 이게 인제 그 비누 실물은 지금 못 받았는데 그 아버지가
1813.807	1816.271	speaker#A	아/ 그 /os2 연구하신 일지인거예요? /oe 
1814.497	1826.364	speaker#B	 /os2 예. 요고 인제 연구하면서 /oe 화학 기록, 기호라던가 n/ /os1 예. 그/ /oe 재료 양 같은 거를 막 기록해가면서 n/ 이거를 기록을 해 놓은 /os2 겁니다. 비누 만드는 /oe 일지를.
1818.603	1819.032	speaker#A	 /os1 [와.(BC/assessment)] /oe 
1824.833	1825.583	speaker#A	 /os2 [네.(BC/continuer)] /oe 
1826.379	1830.615	speaker#A	이게 전문가가 아닌데 /os2 이렇게 했다는 게 /oe 되게 감동적이네요.
1827.704	1828.684	speaker#B	 /os2 [예예예예.(BC/continuer)] /oe 
1830.625	1840.618	speaker#B	얼마나 그 시행착오를 /os2 겪었겠습니까? 이런 /oe 내용을 이렇게 이게 너무 감동적이고 그래서 인제 그/ 아토피가 나아서 그 비누를 쓰는데
1832.220	1832.860	speaker#A	 /os2 [네/(BC/understanding)] /oe 
1841.271	1857.446	speaker#B	인제 딸이 너무 기쁘게 비누를 쓰니까 n/ 아버지가 너무 인제 기뻐하면서 비누를 만들었는데, 어느날은 아/ 이제 마지막 비누를 만들어야 되겠다. 인제 아마 암 투병생활 하시면서 힘겹게 되셨던 것 같아요.
1858.484	1873.958	speaker#B	음/ 그때 마지막 비누를 만들겠다해서 아마 그 가족이 (10년)/(십 년)을 넘고도, 쓰고도 남을 /os1 비누의 양을 만들어 두시고 /oe 아마 /os2 돌아가셨는데 그 사연이 /oe 있는 /os2 비누라서. /oe 
1865.979	1868.209	speaker#A	 /os1 아/ 충분히 만들어 두셨군요. /oe 
1869.799	1871.784	speaker#A	 /os2 아/ 가슴 아프네요. /oe 
1873.414	1873.944	speaker#A	 /os2 [네.(BC/continuer)] /oe 
1874.175	1880.811	speaker#B	사연을 알고 보니까 막 울컥, 대부분의 분들이 거기 와서 사연을 읽어보면서 실제 많이 인제 n/ 울어요.
1881.046	1881.435	speaker#A	[네.(BC/continuer)]
1881.629	1889.760	speaker#B	 n/ 그런 소품이 있었고요. 여러가지 또 많은 이런 소품도 있는데 /os1 뭐 /oe 소품 소개할라면 또 시간이 많이 걸릴 것 같습니다.
1886.959	1887.149	speaker#A	 /os1 [네.(BC/continuer)] /oe 
1890.182	1896.401	speaker#A	네. 이거는 이따가 잠시 후에 /os1 그/ /oe 어떤 이름이 있는 건지만 간략하게 /os1 소개를 해 주시구요. /oe 
1891.993	1892.438	speaker#B	 /os1 [네네.(BC/continuer)] /oe 
1895.477	1896.077	speaker#B	 /os1 [네네.(BC/continuer)] /oe 
1896.806	1911.452	speaker#A	혹시 제가 그/ 전시관에 가보니까 이 테마관을 /os1 한 (5가지)/(다섯 가지) 테마로 /oe 나눠서 이렇게 꾸며놓으셨더라구요. /os1 그 /oe 테마에 맞춰서 구역별로 하신 의미는 뭔지 간단하게 /os2 설명해주시겠어요? /oe 
1900.576	1901.001	speaker#B	 /os1 [네.(BC/continuer)] /oe 
1903.786	1904.231	speaker#B	 /os1 [네.(BC/continuer)] /oe 
1909.736	1918.397	speaker#B	 /os2 아무래도 인제 그/ /oe 아버지는 뭔가 친근한 게 있어야 되지 않습니까? 안 그래도 어려운 자리인데 아버지가
1919.089	1932.588	speaker#B	그래서 보통 n/ 관람객들이 오면 다양한 연령층이 오시는데 n/ 모든 사람들이 공감될만한 네. 그런 테마가 있으면 좋겠다. 네. 그래서 우리가 인제
1934.228	1949.500	speaker#B	자라오면서 아빠들이 흔히 자주 하는 말, 일상 용어입니다. 그 테마 하나 하나가 그래서 아빠들의 짧고 간결한 말투죠 쉽게 말하면. 그 가운데 (1번째)/(첫 번째) (1관)/(일 관)이 아빠 왔다!
1949.680	1950.619	speaker#A	 n/ 아/ /os2 그렇죠. /oe 
1950.205	1955.961	speaker#B	 /os2 예.(1관)/(일 관) /oe 아빠 왔다. 이/ 아버지 왔다가 /os1 이제 /oe (1관)/(일 관)의 주제입니다. 아버지 왔다.
1952.880	1953.275	speaker#A	 /os1 [네.(BC/continuer)] /oe 
1956.780	1973.989	speaker#B	그래서 우리가 살아오면서 늘 들었던, 아빠 왔다. n/ 그래서 거기에 안에 거기에 맞는 작품을 넣어놨고요. (2번째)/(두 번째) (2관)/(이 관)은 아/ 아빠들이 많이 쓰는 말이에요. 이렇게 희생이죠 사실. 그니까 나는 괜찮다. 나는 괜찮다. /os1 나는 괜찮아. /oe 
1972.734	1973.674	speaker#A	 /os1 [어/(BC/understanding)] /oe 
1974.515	1977.383	speaker#A	난 됐으니 /os1 너희 먹으렴 이렇게. 네. /oe 
1975.235	1982.593	speaker#B	 /os1 예. 나는 됐고 나는 괜찮아. 괜찮아. /oe 보통 많이 아빠가 하는 말이잖아요. 그쵸? 아빠 왔다. 에/ 나는 괜찮다.
1983.384	1984.540	speaker#A	(3관)/(삼 관)은 뭔가요?
1984.760	1990.697	speaker#B	(3관)/(삼 관)은 아버지들이 어지간해서는 좀 내색을 안 합니다.
1991.015	1992.338	speaker#A	네. /os2 맞습니다. /oe 
1991.619	2001.921	speaker#B	/os2 혼자 감수 /oe 해버리고 n/ 자식들에게 서운한 말을 들어도 그/ n/ 피력을 안 해요. 침묵인데 그게 말줄임표죠. /os1 쩜쩜쩜. /oe 지
2000.535	2001.470	speaker#A	 /os1 [아/(BC/understanding)] /oe 
2001.941	2003.563	speaker#A	많은 게 /os2 담겨있네요. /oe 
2002.941	2003.526	speaker#B	 /os2 [예.(BC/continuer)] /oe 
2004.203	2014.312	speaker#B	예. 침묵인데 사실 그 안에는 많은 일들이 내포돼있죠. 그 다음에 인제/ 에/ (4관)/(사관)에는
2015.331	2032.144	speaker#B	네. 모든 걸 다 내주고 n/ 그걸 당연시 하는게 부모들이예요. 아버지들. 자식을 위해서라면은 희생하고 다 내주는데 끝에 가서는 n/ 아비란 그런거지. 네. (4관)/(사 관)의 주제가
2032.827	2039.019	speaker#B	 /os1 예. 예. /oe 아비란 그런거지. 그니까 모든 걸 다 줄려고 그런 작품이 실제 /os2 있습니다. /oe 
2032.842	2034.227	speaker#A	 /os1 아비란 그런거지. /oe 
2038.452	2038.997	speaker#A	 /os2 [네.(BC/continuer)] /oe 
2039.712	2048.864	speaker#B	이/ 그리고 마지막 (5관)/(오 관)에는 제가 아까 말씀드렸죠. 우리가 아버지란 호칭 자체를 가정에서 쓰는 단어인데 거슬러 올라가면
2049.593	2065.299	speaker#B	하나님의 사랑에서 비롯된 게 이제 아버지 사랑이니까, n/ 이/ 성경 속에 나와있는 잃은 자를 찾아왔다. 하신 /os1 그/ /oe 주제로 정했고요. n/ 그래서 여러가지 그/ 테마관마다 정말 소개해드리고 싶은 작품이 많이 /os2 있는데요. /oe 
2057.074	2057.899	speaker#A	 /os1 [음/(BC/understanding)] /oe 
2064.768	2065.278	speaker#A	 /os2 [네.(BC/continuer)] /oe 
2066.457	2073.506	speaker#A	 /os1 지금 /oe 몇 가지 가지고 오셨는데 간략하게 /os1 제가 /oe 궁금한 거 하나만 /os1 골라서 여쭤볼게요. /oe 
2066.467	2066.762	speaker#B	 /os1 [네.(BC/continuer)] /oe 
2070.347	2070.507	speaker#B	 /os1 [네.(BC/continuer)] /oe 
2071.972	2073.487	speaker#B	 /os1 [예예. 예예.(BC/continuer)] /oe 
2073.644	2076.886	speaker#A	이 소고는 /os1 어떤 /oe 사연이 있는 /os1 건가요? /oe 
2075.219	2075.484	speaker#B	 /os1 [네.(BC/continuer)] /oe 
2076.386	2080.906	speaker#B	 /os1 예. 이/ 소고 /oe 하고 곤봉하고 아령은 한 분이 내신 /os2 거예요. /oe 
2080.541	2081.633	speaker#A	 /os2 아/ /oe 그러세요?
2081.678	2094.361	speaker#B	근데 이제 운동회 때 /os1 지금 옛날에 /oe 운동회라는게 있었거든요. 초등학교 때. 옛날에 국민학교 때라고 했는데 운동회 때 인제 운동에 참여할라면 이게 있어야 되는데 집에 없는 겁니다. /os1 이/ 너무 /oe 가난하고
2083.319	2083.644	speaker#A	 /os1 [네.(BC/continuer)] /oe 
2093.068	2093.553	speaker#A	 /os1 [네.(BC/continuer)] /oe 
2096.406	2104.123	speaker#B	근데 또 따 딸의 기를 죽여서는 안 되니까 아빠가 산에 가서 /os2 나무를 /oe 베어 이걸 손수 깎아서 만들어 준거예요. 이거를.
2101.226	2101.471	speaker#A	 /os2 [허!(BC/assessment)] /oe 
2104.701	2105.842	speaker#A	너무 /os1 다정하신데요. /oe 
2105.086	2107.958	speaker#B	 /os1 이걸 가게에 /oe 사 왔다면 의미가 없을 것 /os2 같습니다. /oe 
2107.278	2107.963	speaker#A	 /os2 [네/(BC/understanding)] /oe 
2108.459	2117.860	speaker#B	실제 아빠가 나무를 베다가 다 /os2 깎아서 /oe 만들어 주는 거. 아빠의 어떤 피, 땀이 들어간, /os1 이 소고도 /oe 직접 붙여서 만들어 준 거라서
2111.720	2112.575	speaker#A	 /os2 [음/(BC/understanding)] /oe 
2115.589	2115.844	speaker#A	 /os1 [네.(BC/continuer)] /oe 
2118.465	2130.722	speaker#B	네. 그래 사연이 있는 소품이기 때문에 감동이 됩니다. 이제요. /os1 네. 예예예. /oe 어/ 이런 내용이 많이 알려져서 요즘 신세대가 아버지들에 대한
2121.585	2124.060	speaker#A	 /os1 그러니까요. 마음이 완전 담겨 있네요. /oe 
2130.739	2131.233	speaker#A	무게를
2131.231	2140.846	speaker#B	 /os1 예. /oe 그 사랑을, 그 정을, 그 수고를 좀 알았으면 좋겠다. /os1 그래서 /oe 그 작품이 있다는 것도 소개해 드리고 싶고. n/ 어쨌든 많은 분들이 와서
2131.243	2131.908	speaker#A	 /os1 좀. /oe 
2136.242	2136.427	speaker#A	 /os1 [네.(BC/continuer)] /oe 
2140.900	2141.250	speaker#A	[네.(BC/continuer)]
2141.270	2151.903	speaker#B	작품 하나, 소품 하나에 다 사연이 있는 겁니다. 다 보시고 n/ 가정에 어떤 화목, 사랑이 많이 좀 싹 틔었으면 하는 /os2 생각입니다. /oe 
2151.580	2152.225	speaker#A	 /os2 [네.(BC/continuer)] /oe 
2152.225	2160.799	speaker#A	제가 지금 또 생각나는 /os2 작품이 /oe 그/ 전시관 (1관)/(일 관)이었던 것 /os2 같은데 그 /oe 들어가는 입구에 큰 대문이 /os1 있더라고요. 옛날식 초록색 /oe 
2153.955	2154.055	speaker#B	 /os2 [네.(BC/continuer)] /oe 
2156.585	2157.245	speaker#B	 /os2 [예예예.(BC/continuer)] /oe 
2159.270	2160.375	speaker#B	 /os1 [예예. 예.(BC/continuer)] /oe 
2160.802	2165.634	speaker#A	대문 /os2 이었는데 /oe 왜 명패도 붙어있고요. /os1 진짜로 /oe 동네에 온 것처럼?
2161.407	2162.052	speaker#B	 /os2 [아. 예예.(BC/continuer)] /oe 
2164.102	2164.502	speaker#B	 /os1 [예.(BC/continuer)] /oe 
2165.705	2168.266	speaker#A	 /os1 그 /oe 설치 미술의 의미는 또 뭘까요?
2165.705	2166.015	speaker#B	 /os1 [네.(BC/continuer)] /oe 
2168.803	2182.833	speaker#B	예. 그/ 의미는 인제 음/ 그/ 집에 들어가는 문이지 /os2 않습니까? /oe 그 집의 대문으로 들어가면 한 가정인데, 가정의 실제 그/ 보금자리입니다.
2176.063	2176.573	speaker#A	 /os2 [네.(BC/continuer)] /oe 
2183.756	2203.685	speaker#B	그래서 그 집 안에 들어가면 엄마도 있고, 아들도 있고, 딸고 있고, 그 대표성을 띈 분이 이제/ 아버지고 예. 문패에는 아버지 이름이 붙어 있는데요. n/ 네. 근데 인제 그/ 아버지전 문패가 김영수라고 돼 있습니다. 왜 그리 해놨냐면은
2205.114	2218.801	speaker#B	먼저 입구에 설치된 대문. 대문의 의미는 아까 말씀드린 것처럼 /os1 예. 그 당시 아버지들이 /oe 고단한 삶을 마치고 집에 들어서는 (1관)/(일 관)의 주제 /os1 테마가 아빠 왔다. 아버지 왔다 /oe 그겁니다.
2208.879	2209.714	speaker#A	 /os1 가장이신. /oe 
2216.629	2218.319	speaker#A	 /os1 아버지 왔다. 네. /oe 
2219.468	2237.923	speaker#B	그래서 그/ 집에 들어서는 느낌을 주기 위해 설치된거고요. 어/ 또/ 이름이 문패에 /os2 김영수라는 /oe 이름은 시대별로 선호했던 이름이 있더라고요. 이거는 이제 그/ 대법원의 통계 자료에서 인제 /os2 찾아왔는데요. /oe 
2228.788	2229.058	speaker#A	 /os2 [네.(BC/continuer)] /oe 
2237.552	2241.511	speaker#A	 /os2 아 되게 /oe 근거가 있던 /os2 이름이었군요 n/ /oe 
2240.107	2249.614	speaker#B	 /os2 예예예예. 일단 /oe (1940년대)/(천 구백 사십 년대) 에/ 남자들의 가장 선호되는 (1순위)/(일 순위)가 영수.
2249.708	2250.882	speaker#A	[아/(BC/understanding)]
2251.089	2260.919	speaker#B	또 (50년대)/(오십 년 대)에도 역시 영수, (60년대)/(육십 년 대)에도 역시 /os2 영수. /oe 이제 (70년대)/(칠십 년 대) 와서 정훈이라는 이름으로 바뀌었더라구요.
2256.884	2257.919	speaker#A	 /os2 영수. /oe 
2260.947	2262.648	speaker#A	좀 더 세련된 /os2 이름으로. n/ /oe 
2262.074	2266.729	speaker#B	 /os2 그리고 (40년)/(사십 년)대 /oe n/ (50년)/(오십 년), (60년)/(육십 년)대 남자 이름 (1위)/(일 위)가 영수에요. 영수.
2267.469	2286.345	speaker#B	그리고 참고로 여자의 이름을, 여성 이름을 알려드리면 (40년대)/(사십 년 대)는 영자, /os1 (50년대)/(오십 년 대)도 /oe 영숙, (60년대)/(육십 년대)는 미숙인데, n/ 이/ 남자 이름은 영수, 영수, 영수의 변화가 없었어요 인제. 그래서 그런 어떤 이/ 아버지전 그/
2273.289	2274.164	speaker#A	 /os1 [음/(BC/understanding)] /oe 
2286.530	2303.477	speaker#B	시대적인 배경이 우리는 (40년대)/(사십 년 대)부터 /os2 시작됩니다. /oe 해방둥이, 해방둥이일 때. (40년대)/(사십 년 대), (6.25)/(육이오)후인 (50년대)/(오십 년 대) 보릿고개 시절인 (60년대)/(육십 년 대) 선호한 남자 이름이 영수, 그래서 인제 문패를 김영수로 했고요.
2288.725	2289.325	speaker#A	 /os2 [네.(BC/continuer)] /oe 
2303.482	2306.943	speaker#A	또 우리나라에 가장 많은 성이 김씨이기 때문에 /os1 그렇게 하셨군요. /oe 
2305.842	2306.932	speaker#B	 /os1 [예. 맞습니다.(BC/affirmative)] /oe 
2306.944	2325.020	speaker#B	그리고 n/ 영수라는 그/ 한문 뜻이 영은 길 영자입니다. 수자가 빼어날 /os2 수자. 네. /oe 그래서 아버지라는 존재는 빼어나다는 것은 아름답다는 의미가 있지 않습니까? 그래서 아버지라는 존재는 세월이 흘러도 에/ 그렇게 영원히 아름답다라는 뜻의 의미를 가지고
2313.239	2314.069	speaker#A	 /os2 [음/(BC/understanding)] /oe 
2325.470	2327.426	speaker#B	이/ 김영수라는 이름을 붙였죠.
2327.438	2330.622	speaker#A	어/ 그 이름에 굉장히 많은 의미가 담겨 /os2 있었네요. /oe 
2329.719	2330.614	speaker#B	 /os2 [네. 예.(BC/continuer)] /oe 
2330.636	2336.447	speaker#B	그냥 한 게 아니고 /os1 이/ /oe 그런 사료도 찾아보고 뜻을 가지고 n/ 이렇게 /os2 만들었습니다. /oe 
2331.762	2332.332	speaker#A	 /os1 [네.(BC/continuer)] /oe 
2336.260	2342.760	speaker#A	 /os2 예. /oe 이 방송을 보시고 나서 그 전시회를 가시는 분들은 /os1 그런 /oe 사소한 거 하나하나 이제 눈여겨 보실 것 /os2 같네요. /oe 
2339.678	2339.743	speaker#B	 /os1 [예.(BC/continuer)] /oe 
2342.407	2343.444	speaker#B	 /os2 아휴. /oe n/ 감사합니다.
2343.445	2353.270	speaker#A	네. 지금 열리고 있는 아버지전 이전에는 /os1 또 어머니전이 /oe 열렸었습니다. /os1 그 당시에도 /oe 반응이 굉장히 뜨거웠다고 알고 있는데, /os1 어떤 /oe 전시였나요, 그 전시는?
2345.925	2346.320	speaker#B	 /os1 [네.(BC/continuer)] /oe 
2348.275	2348.790	speaker#B	 /os1 [예예.(BC/continuer)] /oe 
2351.650	2351.855	speaker#B	 /os1 [네.(BC/continuer)] /oe 
2353.542	2369.936	speaker#B	어/ 저희 교회에서 인제 그/ 봉사활동이라던가 이런 내용들은 다양하게 했었는데요. 저희가 그/ 태안 기름 유출 /os2 사고땐가? /oe 그 때도 우리 성도들이 많이 가서, 그/ 뭐/ n/ 저도 인제 가서 n/ 또 기름도 막 닦고 그랬었는데, 하여튼 그/ 여러 봉사활동을 많이 하는데
2361.328	2361.783	speaker#A	 /os2 [네.(BC/continuer)] /oe 
2370.920	2381.658	speaker#B	어/ 요즘 시대가 인제 좀 아무래도 각박하고, 정이 메마르고, 사랑이 식어지다 보니까, n/ 야 사랑을 좀 회복할 수 있는
2382.133	2396.751	speaker#B	어/ 이런 어떤 그/ 봉사활동이 없을까 생각해보다가 아/ 사랑은 뭐니뭐니해도 어머니의 사랑이 최고지 않느냐 그래서 어머니 주제로 한 번쯤 메시지를 /os2 n/ 전해보자 해서 /oe 
2396.068	2396.728	speaker#A	 /os2 전하자. /oe 
2396.752	2409.823	speaker#B	말을 한 게 어머니전입니다. 인제 그래서 제목이 우리 어머니 글과 사진전. /os1 이/ 글과 /oe 뭐 사진과 소품과 영상과 다양하게 입체적으로 했는데요.
2403.940	2404.560	speaker#A	 /os1 [네.(BC/continuer)] /oe 
2410.964	2416.968	speaker#B	어/ 실제 처음 시작할 때는 (2013년도 6월 20일)/(이천 십 삼년도 유 월 이십 일)이였습니다. 인제 서울 강남에서 시작을 했는데요.
2417.416	2432.677	speaker#B	밖에서 할려고 보니까 그 대관 문제라든가 이게 운영이 보통이 /os2 아니더라고요. /oe 그래서 어쩔 수 없이 /os1 음/ 좀 많은 분들이 /oe 편하게 올 수 있도록 교회에 /os2 마련했어요. /oe 교회를 오픈해 가지고 어/ 근데 처음에 오픈할 때는
2421.548	2422.228	speaker#A	 /os2 [네.(BC/continuer)] /oe 
2424.232	2424.992	speaker#A	 /os1 교회 안에서 /oe 
2427.031	2427.446	speaker#A	 /os2 [네.(BC/continuer)] /oe 
2433.012	2437.988	speaker#B	사실 저희도 한 번도 안 해봤던 거라서 n/ 이게 /os2 어떻게 돼가 좀 염려도 /oe 많이 됐어요. 궁금하기도 하고.
2435.037	2436.412	speaker#A	 /os2 미숙한 부분이 많았죠. /oe 
2439.012	2451.279	speaker#B	관심을 가질까. 어/ 그래서 한 세트를 해서 준비를, 오픈했는데 아/ 뚜껑을 열고 보니까 아/ 그 결과는 음/ 파격적이였어요. 파격.
2451.416	2453.155	speaker#A	너무 많이 사랑을 /os2 해주셨죠. /oe 
2452.301	2453.011	speaker#B	 /os2 [예.(BC/continuer)] /oe 
2453.916	2462.570	speaker#B	정말 많은 분들이 다녀가시고 정말 많이 울어요. 이렇게. n/ 그때부터 모든 전시관에 각티슈가 등장한 n/ 겁니다. 예.
2463.861	2468.412	speaker#A	 n/ 그 어머니전에서는 특별히 기억에 남는, 감동적인 전시품이 있었을까요?
2469.055	2481.580	speaker#B	인제 먼저 그 아버지전처럼 테마가 있습니다. 주제가. 해서 (1번째)/(첫 번째)는 인제 엄마라는 엄마. 그래서 우리가 아마 태어나서 제일 먼저 배우는 단어가 엄마이지 않는가 /os1 싶습니다. /oe 엄마. 해서
2479.935	2480.590	speaker#A	 /os1 [그렇죠.(BC/affirmative)] /oe 
2482.668	2499.927	speaker#B	에/ 엄마의 사랑은 불변인데 그/ 아마 우리 사회자님께서도 (3살)/(세 살), n/ (2살)/(두 살), (4살)/(네 살)때 생활이 있습니다만은 n/ 그 때 어떻게 아파서 어떤 약국에 갔거나 병원에 갔거나 어떤 유치원에 갔거나
2500.397	2503.059	speaker#B	엄마의 어떤 애를 태웠거나 기억이 나세요? 안 나세요?
2503.569	2504.927	speaker#A	잘 /os2 기억이 나지 않아요. /oe 
2503.914	2508.727	speaker#B	 /os2 안 납니다만은 /oe n/ 그 시절이 /os2 있었습니다. /oe 
2506.941	2508.514	speaker#A	 /os2 네. 분명히 /oe 있었죠.
2508.727	2528.427	speaker#B	있었죠. 모든 사람이 마찬가지죠. 엄마 없이 태어난 사람 없고 우리가 태어나 자라 성장하기까지, 엄마의 역할은 지대적인데요. 그 엄마를 생각하자. 당신이 잊고 살아가지만 n/ 엄마의 품 속에 있었고 희생이 있었다. 엄마를 기억하자. 엄마. 이 (1관)/(일 관)의 주제가 엄마입니다.
2529.705	2546.860	speaker#B	우리가 엄마만 생각하면 당연시 여기는데, 엄마도 엄마이기 이전에 여자의 삶이 있었잖아요. 나를 가져서 엄마가 됐는데, 나를 낳기 전 엄마의 삶. 그녀. 그래서 (2관)/(이 관)의 주제가 그녀입니다. /os1 엄마를 /oe 한 번 여인으로, 그녀로 바라봐라. 
2543.638	2544.348	speaker#A	 /os1 [음/(BC/understanding)] /oe 
2546.861	2547.418	speaker#A	 [네.(BC/continuer)] 
2547.750	2564.500	speaker#B	그 자신의 어떤 고귀한 삶이 있고, 소망이 있었지 않겠느냐. 근데 여인의 삶 삶이 여인의 소망이 다 없어지고, 삶이 바뀌어서 된 게 엄마의 삶이다. 왜? 자녀 때문에. 해서 엄마를 그녀로 바라보면은
2565.206	2583.583	speaker#B	에/ 시야가, 시각, 시야가 달라질 겁니다. /os1 그런 거를 좀 /oe 제시하고 싶어서 n/ 이/ 그녀로 정했고 에/ 그래도 엄마는 여전히 우리 엄마니까, (3번째)/(세 번째) 테마관은 다시 엄마. 다시 엄마. 그래서 엄마를 그녀로 바라보고 왔을 때에는 아무래도 인제
2568.671	2569.426	speaker#A	 /os1 [그렇죠.(BC/affirmative)] /oe 
2583.585	2602.718	speaker#B	그 엄마의 못했던, 모질게 했던 생각이 나서 엄마도 엄마에게 내일의 삶이 있었구나. 근데 엄마의 삶을 포기할 수 밖에 없었던 것은 나를 위한 예. 여인의 삶을 포기하고 엄마가 됐구나. 그랬을 때, 좀 많이 n/ 아프고 실제 회한이 생깁니다 인제. 연민도 생기고.
2602.729	2603.152	speaker#A	[음.(BC/continuer)]
2603.210	2620.382	speaker#B	그래서 어머니의 부제가 희생, 사랑, 연민, 회한. 아/ 어머니에요. 그랬을 때 인제 그/ 이/ 회한 어린 마음을 (3관)/(삼 관)에 와서 갖게 되고, 에/ 죄송한 마음을 가졌을 때, 미안한 마음을 가진 자녀에게 여전히 엄마는
2621.125	2637.819	speaker#B	에/ 그래도 괜찮아.그래도 괜찮다. (4관)/(사 관)은 n/ 용서죠 용서. /os1 용서. /oe 네. 우리가 엄마의 사랑이 없이는 이렇게 존재할 수가 없죠. 모든 걸 끊임없이 용서하지 않습니까? 용서, 용서. 그래서 (4번째)/((4번째)/(네 번째)) 주제가 그래도 괜찮다.
2625.735	2626.440	speaker#A	 /os1 [네.(BC/continuer)] /oe 
2638.614	2657.687	speaker#B	에/ 그렇게 하고 이제 (5번째)/(다섯 번 째) 역시 우리가 어떤 세상의 모든 어머니들의 사랑, 희생의 뿌리가 하늘 어머니로부터 내려온 모성의 시작점이 하늘에 있기 때문에, 성경 속 어머니 이야기를 이제 들려드리고 있습니다. 네/ 그래서 n/ 어머니전은 지금
2658.611	2669.986	speaker#B	어/ 뭐 인제 한자리에서 뭐 또 끝냈다가 다시 막 (2번째)/(두 번째), (3번째)/(세 번째) 인제 n/ 열어서 횟수는 많습니다만은 지역으로 보면은 (68)/(육십 팔)지역, (68)/(육십 팔)차를 한 것 같애요.
2670.028	2671.791	speaker#A	아/ 굉장히 많이 /os1 하셨네요. /oe 
2670.893	2679.746	speaker#B	 /os1 네. 그래서 /oe (80만명)/(팔십만 명)이 다녀가셨고요. 네. 처음에는 이렇게까지 할 지 몰랐어요 사실. 근데 너무 요청을 해 /os2 오셔서, /oe 
2679.030	2679.440	speaker#A	 /os2 [네.(BC/continuer)] /oe 
2680.322	2699.842	speaker#B	음/ 인제 그/ 바로 동시에 인제 그/ 서울에서 했고, 에/ 어떤 그/ 인천, 대전, 대구, 울산, 부산, 광주광역시 /os1 네. 동시에 /oe (7세트)/(일곱 세트)를 했었어요. 그 당시 (7세트)/(일곱 세트)를. n/ 네. 그리고 이제 중소도시로 파급해서 (68)/(육십 팔)지역 지금 하고, 지금도 끊임없이 하고 있습니다. 인제.
2690.005	2690.810	speaker#A	 /os1 전역으로. /oe 
2700.610	2711.071	speaker#B	그래서 인제 아버지전 다녀가신 아니 어머니전 다녀가신 분들이 한결같이 집에는 아빠만 있는, 엄마만 있는 게 아니다 /os1 아빠도 있다. 이게 /oe 아버지는 왜 안하냐 해가지고
2707.214	2708.474	speaker#A	 /os1 아빠도 있다. /oe 
2711.991	2717.007	speaker#B	정말 요청이 많이 들어왔어요. 그래서 아버지전을 하게 됐죠.
2717.008	2719.196	speaker#A	 /os1 아버지전도 /oe 아주 반응이 뜨겁구요.
2717.023	2717.433	speaker#B	 /os1 그래서 /oe 
2719.248	2737.500	speaker#B	예. n/ 그래서 어/ 정말 그/ 많이 다녀가신 분들이 그런 이야기를 합니다. 실제로 저한테 이렇게 인터뷰할 때 감사합니다. n/ 고맙습니다. 왜 그런가 봤더니 n/ 어/ 자신에게 가장 소중한 존재가 어머니였다.
2739.518	2748.809	speaker#B	근데 바쁜 삶을 살다보니까 어머니라는 존재를 내가 잊고 살아왔다. 잊어서는 안 될 어머니인데 잊고 /os2 살아왔다 내가. /oe 
2748.118	2749.458	speaker#A	 /os2 그렇죠. /oe 네.
2749.793	2759.864	speaker#B	 n/ 그런 걸 깨달아요, 이분들이. 관람객 그래서 제가 여기 전시관 나가자마자 전화부터 n/ 하겠습니다. 오늘 저녁 당장 찾아뵙고 식사 한 끼 하겠습니다. 굉장히 많아요.
2760.853	2779.476	speaker#B	그리고 어머니전에 오면은 그/ 사랑의 우편함 코너가 있습니다. 그래서 실제 아버지전도 그렇지만, 엄마에게 엽서를 해서 보내는 n/ 코너가 있어요. 우편함이 있고 엽서를 써서 넣으면서 우리가 무료로 보내줍니다 n/ 그거를. 엽서를 받아 본 엄마들이 또 감동을 해요. 이래서 엄마와 자식 간에
2779.833	2796.516	speaker#B	연결이 되는 경우도 많고요. 그래서 n/ 어/ 정말 그/ 세상이 잘 되려면 저는 그리 생각합니다. 모든 사랑의 뿌리라 할 수 있는 어머니 사랑이 회복이 되어야 한다. 그래서 유명한 링컨이라든가, 또 에디슨 같은 경우도
2797.667	2811.258	speaker#B	학교에서 또 포기할 정도로였던 /os1 교육을 엄마가 했지 않습니까? /oe 그래서 애들이 실제 그렇게 이야기했지 않습니까? 커서. 어/ 내가 누군가를 위해 살아야 한다면, 내가 실망시켜서는 사람이 있다면, 그 사람은 어머니다.
2800.197	2801.287	speaker#A	 /os1 그렇죠. 네. /oe 
2811.281	2811.875	speaker#A	[음.(BC/continuer)]
2811.952	2823.355	speaker#B	우리가 그런 마음을 갖고 음/ 그런 어떤 그/ 성품을 갖게 됐을 때 이 사회는 더 건강하고 건전하고 살기 좋을 세상이 된다라고
2824.440	2839.020	speaker#B	생각합니다. 해서 n/ 에/ 어머니 사랑 회복, 많은 분들이 어머니의 사랑을 좀 발견했으면 좋겠고, 그런 따듯한 사회가 됐으면 해서 이렇게 계속 우리 교회 측에서는 전시를 지금 무료로 이렇게 또 봉사를 하고 /os2 있습니다. /oe 
2838.792	2847.906	speaker#A	 /os2 네. /oe 지금 어머니전, /os1 아버지전 이어서 /oe 하고 계시는데 /os2 혹시 그 /oe 새해에 지금 /os1 새해가 됐는데 /oe 또 다른 전시 계획도 있으신가요?
2840.488	2841.253	speaker#B	 /os1 [네네.(BC/continuer)] /oe 
2842.373	2843.063	speaker#B	 /os2 [네.(BC/continuer)] /oe 
2844.628	2845.008	speaker#B	 /os1 [네.(BC/continuer)] /oe 
2848.977	2865.579	speaker#B	예/ 지금 인제 아버지전이 인제 그/ (2019년)/(이천 십 구 년)에 n/ 두 지역에 개관이 됐는데요. 지금 우리 지역은 언제 하냐고 또 다녀가신 분들이 너무 좋다고 그래서 많이 요청이 와요. 사실은 그래서 정말 빨리 해주면 좋겠는데 n/ 
2866.062	2881.771	speaker#B	그래서 지금 우리 교회 인제 그 총회에서 급하게 계획 세운 게 아/ 원하니까 많은 분들이 그래서 지금 어머니전 (2개)/(두 개), 아버지전 (2개)/(두 개) 하고 있는데 어머니전 (5개)/(다섯 개), n/ 아버지전 (5개)/(다섯 개)를 빨리 마련해서
2882.448	2893.197	speaker#B	일단 광역시부터 하자. /os2 해서 /oe n/ 인제 뭐/ 서울, 부산 하는데 대구, 뭐/ 대전, 광주, 인천 빨리 할 계획입니다. 지금 계속 더 확대를 시켜 나갈 계획입니다.
2883.708	2884.003	speaker#A	 /os2 [네.(BC/continuer)] /oe 
2893.197	2902.819	speaker#A	어/ 많은 분들이 좋아하실 것 /os2 같은데요? n/ /oe 그렇다면 이번에는 /os1 목사님의 /oe 좀/ 개인적인 목표를 좀/ 들어보고 싶은데요. /os1 앞으로의 /oe 계획이나 비전은 어떻게 되세요?
2895.032	2895.452	speaker#B	 /os2 [예.(BC/continuer)] /oe 
2896.457	2896.652	speaker#B	 /os1 [네.(BC/continuer)] /oe 
2900.230	2900.515	speaker#B	 /os1 [네.(BC/continuer)] /oe 
2905.039	2924.039	speaker#B	아무래도 이제 그/ n/ 제가 몸 담고 있는 교회가 이제 하나님의 교회, 세계복음선교협회다 보니까 뭐/ 제가 단일 교회로 어떤 지역의 한 교회만 이렇게 소속되 있는게 n/ /os2 아니고. /oe 예. 저희 교회가 또 국내 (400개)/(사백 개), 전 세계 또 (7500개)/(칠천 오백 개) 또 있다 보니까 n/ 아마 그/
2917.069	2917.584	speaker#A	 /os2 [네.(BC/continuer)] /oe 
2924.225	2944.165	speaker#B	거기 몸 담은 일원으로서 그/ 우리 이/ 하나님의 교회 전세계복음 계획이 이뤄지는 것이 제 /os2 계획이고, 목표가 /oe 됩니다. 그래서 n/ 어/ 저희 교회 인제 그/ 아까 말씀드린 것처럼 이런 봉사활동이라든가 n/ 어떤 그/
2933.370	2933.900	speaker#A	 /os2 [음.(BC/continuer)] /oe 
2944.166	2960.364	speaker#B	많은 사람들의 아버지, 어머니 사랑을 자극시킬 수 있는 이런 또 전시 봉사를 확대해 나가면서 n/ 에/ 우리 한국에서 시작한 우리 교회의 어떤 이런 아름다운 소식이 어/ 전 세계로 파급되는 게 인제 어떤 목표입니다. 그래서
2961.020	2976.843	speaker#B	에/ 지금은 인제 그/ 어/ 히말라야 세르뚱이라는 마을이 있어요. 아주 n/ 산 골, 그 깊숙한 곳까지 우리 교회가 /os2 세워지고 n/ /oe 아마존 밀림의 인디언들 추장도 지금 우리 교회도 나오고 있 /os1 교회가 세워지고 있거든요? /oe 
2970.570	2971.265	speaker#A	 /os2 [아.(BC/continuer)] /oe 
2975.210	2976.820	speaker#A	 /os1 [어/ 진짜요? 어/(BC/request confirmation)] /oe 
2977.031	2993.082	speaker#B	에/ 또 n/ 알래스카라던가, 또 남극의 문이라는 가장 가까운 아르헨티나 우수아이라던가 인제 사모아라던가 퉁가라던가 전 세계에 난치된 섬까지 다 이렇게 세워지고 있는데. n/ 아직도 어떤 이/ 사랑의 소식을 못 들은 지역이 있기 때문에
2993.696	3008.071	speaker#B	어/ 전 세계 모든 나라, 모든 민족들에게 인제 이/ 하나님의 사랑, 새 언약 n/ 예. 유월절 복음을 전하는 게 계획이고 목표가 되겠고 에/ 그거를 위해서 열심히 어떤 일익을 담당하는 것이 제 계획이고 목표라고 할 수 /os2 있겠습니다. /oe 
3007.701	3011.173	speaker#A	 /os2 아/ /oe 네. 올해 n/ 꼭 목표를 이루시길 저도 응원하겠고요.
3011.173	3011.533	speaker#B	[예.(BC/continuer)]
3011.543	3015.497	speaker#A	마지막으로 교인 분들께 남기고 싶은 말씀이 있다면 어떤 게 있을까요?
3016.551	3030.375	speaker#B	에/ 이 자리를 빌어서 인제 우리 시청자분들과 또 우리 교회 성도분들에게 꼭 남겨드리고 싶은 이야기가 있다면은 성경에 인제 그런 말씀이 있습니다. 심는 대로 거두리라는 말씀 있습, 이것은 불변의 법칙입니다.
3031.783	3049.513	speaker#B	이래서 우리나라 속담에 팥 심은 데 팥 나고, 콩 심은 데 콩 난다는 말이 있는 것처럼 음/ 정직한 삶을 통해서 음/ 정직한 결과를 얻을 수 있기 때문에, n/ 지금 제가 아버지의 사랑, 어머니의 사랑을 많이 말씀드렸지 않습니까? 그래서 이/ 사랑을 좀
3049.633	3068.931	speaker#B	많이 심을 수 있는 마음, 실천. 그래서 그/ 예를 들어서 네. 높은 산에 올라가서 큰 소리로 사랑해, 사랑해라고 외쳐보신다면은 돌아오는 메아리가 분명히 사랑해, 사랑해라고 /os2 돌아올겁니다. /oe 
3068.213	3068.918	speaker#A	 /os2 [그렇죠.(BC/affirmative)] /oe 
3069.965	3087.812	speaker#B	어/ 또 산에 올라가서 미워, 미워라고 외친다면은 돌아오는 메아리가 똑같이 미워, 미워라고 이렇게 돌아올 겁니다. 그래서 시청자 여러분, 성도 여러분들은 올 한 해 n/ 희망찬 새해를 맞이해서 사랑을 많이 심고 실천해서
3088.275	3100.861	speaker#A	사랑의 열매를 많이 거두는 모든 분들이 꼭 됐으면 좋겠습니다. 아/ 네. n/ 좋은 말씀 /os2 감사합니다. 앞으로도 /oe 목사님의 선교 활동을 /os1 더 /oe 기대하겠습니다. /os2 오늘 귀한 /oe 시간 내주셔서 고맙습니다.
3095.074	3095.599	speaker#B	 /os2 [네네.(BC/continuer)] /oe 
3097.644	3097.794	speaker#B	 /os1 [네.(BC/continuer)] /oe 
3098.829	3099.399	speaker#B	 /os2 감사합니다. /oe 
3100.891	3102.315	speaker#B	네. 감사합니다.
3103.779	3123.436	speaker#A	 n/ 네. 아버지전으로 바쁜 나날을 보내고 있는 서승복 목사님 모시고 이야기 나눠봤습니다. 올해 더욱 더 건강하시고 활발한 선교 활동 펼치시길 기 기대하면서 오늘의 더 인터뷰는 여기서 마무리 하도록 하겠습니다. 저희 방송은 네이버 (tv)/(티비)와 유튜브로도 다시 보실 수 있습니다. 지금까지 진행에 백일홍이였습니다.
3123.446	3125.320	speaker#A	 n/ 시청해 주신 여러분 고맙습니다.
