8.215	15.913	speaker#A	 n/ 인생을 담은 영화이야기, 영화같은 인생이야기, 그리고 그 이야기를 들려주는 사람들이야기, 씨네초대석.
22.420	30.249	speaker#A	 n/ 이 가을 오래도록 기억하고픈 영화가 개봉을 합니다. 영화 리멤버의 배우 이성민씨 어서 /os2 오세요. /oe 
29.280	30.240	speaker#B	 /os2 네. /oe 안녕하세요.
30.249	44.049	speaker#A	 n/ /os2 네. /oe 하하하. (1067)/(일공육칠)님이 오늘 아니 이성민 배우님 나오신다고요? 미생에서 팬이 되서 그 뒤로 작품들 다 찾아보고 있다고 평범한 듯 따듯하고 카리스마 있는 연기 정말 멋지세요 하셨습니다.
30.684	30.929	speaker#B	 /os2 [예.(BC/continuer)] /oe 
44.050	44.653	speaker#B	감사합니다.
44.652	54.161	speaker#A	으흐흐흐 지금 우리 보는 라디오도 함께하고 있습니다. 현주님이요, 시사회 때 이성민 배우님 직접 보니까 너무 좋았다고, 정말 잘생기셨어요. n/ 
56.027	56.840	speaker#B	 n/ 아이구.
56.840	61.646	speaker#A	 n/ 하셨습니다. 어/ (4988)/(사구팔팔)님 한번 읽어주세요.
61.646	65.486	speaker#B	이성민씨 n/ 씨네타운에서 보게 되어 n/ 너무 좋네요.
65.521	66.016	speaker#A	네.
66.283	70.068	speaker#B	보다보니까 피부에 반짝반짝 광이나요. 어떻게 관리하세요?
70.068	76.268	speaker#A	 n/ 이게 보라 라고 보는 라디오의 /os2 줄임말이거든요. 예. 지금 보고 계시나봐요. /oe 
73.648	79.513	speaker#B	 /os2 아, 보 아 보라를 제가 오타 /oe 인줄 알고 보다보니 n/ 까 아 죄송합니다. /os1 보라보니까 /oe 
78.212	78.957	speaker#A	 /os1 네. 아니에요. /oe 
79.514	82.396	speaker#B	관리요? 관리 안해요. /os1 그냥 /oe 예.
80.684	81.259	speaker#A	 /os1 [어우!(BC/assessment)] /oe 
82.396	85.016	speaker#A	 /os1 어? /oe 근데 어떻게 이렇게 좋으세요? 말도 안 돼요.
82.456	82.946	speaker#B	 /os1 [예.(BC/continuer)] /oe 
85.041	89.577	speaker#B	에/ 사람 예. 저는 뭐/ 딱히 /os2 관리 /oe 안 해요.
88.536	88.921	speaker#A	 /os2 [어!(BC/assessment)] /oe 
89.577	91.197	speaker#A	타고 나신 거구나.
91.196	95.953	speaker#B	그러 그러 n/ 아/ 민망한데 진짜로 관리를 잘 /os2 안하는데. /oe 
95.432	95.802	speaker#A	 /os2 [와!(BC/assessment)] /oe 
95.953	99.203	speaker#A	잘 드시고 뭐/ 잘 운동하시고 하시나 /os2 봐요. /oe 
98.803	100.713	speaker#B	 /os2 운동도 /oe 도 잘 안해. n/ 
100.713	117.360	speaker#A	 n/ 아! 타고나신거다, n/ 이건 저희가 못 따라가죠. 네. 이성민씨의 우리 가장 최근 업데이트된 소식을 알아보는 근황 토크로 우리 씨네 초 초대석의 문을 열어보겠습니다. 어/ 가장 최근에 문자를 보낸 후배는 누군지, 어떤 안부문자였는지 저희가 또 궁금한데요.
117.554	120.363	speaker#B	아/ 문자 보낸. 후배여야 돼요?
120.363	121.658	speaker#A	어. 아니요. 상관없어요.
121.926	137.227	speaker#B	요즘은 /os1 그/ /oe 저희 영화가 이제 (26일)/(이십 육 일)날 /os2 개봉하는데 /oe 그/ 아시겠지만 이제 개봉 즈음 되면은 이제 살짝 막 긴장도 되고 이/ 잠도 잘 안 /os2 오고 그렇게 /oe 돼요. 그/ 그러다 보면은
122.541	122.841	speaker#A	 /os1 [네.(BC/continuer)] /oe 
125.836	126.296	speaker#A	 /os2 [네.(BC/continuer)] /oe 
134.145	134.985	speaker#A	 /os2 [네/(BC/understanding)] /oe 
137.227	147.391	speaker#B	이게 홍보를 시작할 때쯤이면 배우들끼리 감독하고 같이 뭐/ 제작사 대표님이랑 같이 헤어지기 싫어해요. /os1 네. 같이 /oe 모여있으면 좀 더 의지가 /os2 되니까. /oe 
144.407	145.582	speaker#A	 /os1 [어/(BC/understanding)] /oe 
147.152	148.016	speaker#A	 /os2 어. /oe n/ 맞아요.
148.031	154.910	speaker#B	그래서 밤 밤마다 요즘 감독님하고 문자를 /os2 하죠. 에/ /oe n/ 반응이 어떠냐 n/ 서로 /os2 물어보고 /oe 
151.176	151.681	speaker#A	 /os2 [어. 허!(BC/assessment)] /oe 
154.321	154.891	speaker#A	 /os2 [어.(BC/continuer)] /oe 
155.033	160.667	speaker#B	네, 화이팅하자 그러고 /os1 그렇게 뭐/ 좀 /oe 감독님하고 자주 밤마 밤마다 문자를 n/ 하고 있습니다.
156.218	156.973	speaker#A	 /os1 [음.(BC/continuer)] /oe 
161.292	176.345	speaker#A	네, 브로맨스의 장인이란 말 많이 들으시잖아요. 저희가 왜 여쭤봤냐면 우리 신작영화 리멤버의 남주혁씨, 미생의 임시완씨, 그리고 재벌집 막내아들의 송중기씨까지 우리 후배들과의 케미 장인으로 손꼽히는 이유가 뭘까요? 아우.
176.345	193.863	speaker#B	음, n/ 그/ 글쎄요. 그/ 뭐/ 그러네요. n/ 하다보니까. n/ 네, 근데 그/ 저는 그/ 그/ 그/ 뭐랄까 연기를 할 때 물론 개인의 각자 개인의 캐릭터도 /os2 중요하지만 /oe 
193.310	193.660	speaker#A	 /os2 [네.(BC/continuer)] /oe 
193.863	208.383	speaker#B	앙상블을 저는 중요하다고 늘 생각해왔었는데 그런 실험때문이지 않을까? /os1 에/ 그런 /oe 지점에 서로 이렇게 뭐랄까 저/ 조화 이런 것에 대해서 좀 그런 환경을 만들고 뭐/ 그런 시험이
199.293	200.303	speaker#A	 /os1 [음.(BC/continuer)] /oe 
208.882	216.391	speaker#B	그/ 후배들하고도 연기할 때 저도 편하고 후배들도 편하고 /os1 그러면서 /oe 자연스럽게 그런 뭐/ 소위 말하는 브로맨스가
212.723	213.223	speaker#A	 /os1 [음.(BC/continuer)] /oe 
216.391	216.791	speaker#A	[네.(BC/continuer)]
216.904	221.188	speaker#B	그/ 보여지는게 아닐까 그렇게 생각해 보네요. n/ 허허허.
221.188	227.617	speaker#A	네. n/ 반면에 또 이성민씨가 함께 하면서 편안했던 또 선배가 있으시다면?
227.617	240.457	speaker#B	아/ 선배분들 많은데 n/ 이/ 저희 영화 리멤버를 찍으면서 저는 처음 뵀었는데 박근형 /os2 선생님을 /oe 처음 /os2 뵀었고, 처음 같이 /oe 연기를 했었는데
235.487	236.097	speaker#A	 /os2 [허/(BC/assessment)] /oe 
237.372	238.162	speaker#A	 /os2 [네.(BC/continuer)] /oe 
240.457	243.436	speaker#B	처음에는 굉장히 좀 어려웠었어요. /os1 다가가기. /oe 
242.802	245.257	speaker#A	 /os1 어. 스 /oe 선배님도 /os2 어려우세요? /oe 
244.571	245.116	speaker#B	 /os2 [예. 그/(BC/continuer)] /oe 
245.337	255.979	speaker#B	선생님 선생님 첫 촬영날 전 촬영이 없었는데 /os1 (3일)/(삼 일), /oe (3일)/(삼 일)을 제가 매일 갔던 /os2 기억이나요. /oe 어떻게 가서 n/ 뭐/ 이렇게 /os2 어슬렁거려볼까 하고. /oe 
247.697	248.132	speaker#A	 /os1 [네.(BC/continuer)] /oe 
251.012	251.502	speaker#A	 /os2 [허!(BC/assessment)] /oe 
254.862	255.837	speaker#A	 /os2 [와!(BC/assessment)] /oe 
255.979	261.917	speaker#B	그러다가 우연히 이제 뭐/ 서로 대화를 이렇게 /os2 하기시작했고 /oe 
261.014	261.744	speaker#A	 /os2 [네.(BC/continuer)] /oe 
261.915	281.100	speaker#B	어/ 선생님이 재밌는 옛날 얘기를 많이 해주셨고 n/ 점점 저희 모니터쪽으로 /os2 오시고 어느 /oe 날 이/ 저희가 선생님 주변에 둘러앉게 되고, /os1 어/ 그러면서 /oe 선생님의 그 옛날 얘기 저희, 저희도 겪지 못했던 /os1 시절의 /oe 그/ 방송국 /os2 이야기 /oe 
267.946	268.686	speaker#A	 /os2 [오/(BC/continuer)] /oe 
272.745	273.650	speaker#A	 /os1 [음.(BC/continuer)] /oe 
278.255	278.790	speaker#A	 /os1 [어.(BC/continuer)] /oe 
280.780	281.025	speaker#A	 /os2 [아.(BC/continuer)] /oe 
281.479	284.117	speaker#B	그런 얘기를 많이 들었었죠. /os1 네. /oe 
282.789	284.049	speaker#A	 /os1 재밌겠다. /oe 
284.066	290.553	speaker#B	그때는 진짜 이렇게 할아버지한테 이렇게 손 손 손자들이 /os1 이렇게 /oe 모여서 옛날얘기 듣는 /os1 그런 느낌이었었어요. /oe 
286.921	287.241	speaker#A	 /os1 [네.(BC/continuer)] /oe 
289.180	302.131	speaker#A	 /os1 음. 오. /oe 아 그렇게 또 노력을 하셨군요. 또 가장 n/ 우리 근황토크하고 있는데요. 과, 가장 최근에 했던 검색어가 있다면, 혹시 본인 이름이나 뭐/ 작품들 검색도 하시는지?
302.132	303.368	speaker#B	 n/ 리멤버죠, 리멤버 n/ 
303.368	304.649	speaker#A	아우! /os2 하세요? /oe 
304.273	305.209	speaker#B	 /os2 아우! /oe 수시로 하죠.
305.209	307.502	speaker#A	 n/ 어, 저거 이/ 댓글들도 다 읽으세요?
307.502	313.381	speaker#B	네. 아/ 그런 리뷰들 지금 요즘 시사를 하고 /os1 있으니까. /oe 리뷰라던가 기사든가
311.202	311.922	speaker#A	 /os1 [네.(BC/continuer)] /oe 
313.382	313.803	speaker#A	[음.(BC/continuer)]
313.803	316.498	speaker#B	뭐/ 짬만 나면은 n/ 계속 검색해보죠.
316.497	329.808	speaker#A	꼼꼼히 /os2 읽어보시는구나. /oe 여러분, 보고있대요, 보고 있으시대요. n/ n/ 가장 최근에 아, 내가 참 괜찮은 사람이구나 했던적이 있다면, 아니면 본인이 어떤거 할 때 제일 멋있으신거 같냐고.
317.302	317.762	speaker#B	 /os2 [네.(BC/continuer)] /oe 
329.808	348.665	speaker#B	그/ 뭐/ 멋있는 거 /os2 없고요. /oe 괜찮은 사람이라고 생각 별로한 적 없는데, 저희 집사람한테는 맨날 그 얘기하죠. 에/ 신랑 잘 만났다고. n/ 허허허허허허. 제가 알아서 챙겨먹고 제가 알아서 다 먹고 돌아다니고 /os2 하니까. /oe 
331.213	331.418	speaker#A	 /os2 [네.(BC/continuer)] /oe 
345.472	346.622	speaker#A	 /os2 아. 그래서 /oe 
348.665	353.308	speaker#A	 n/ 어/ n/ 가장 최근에 쓴 돈이 있다면?
353.308	353.778	speaker#B	돈이요?
353.778	357.040	speaker#A	네, 뭐/ 쇼핑을 하셨다거나 이게 /os2 취향을 알아보는. /oe
355.627	362.471	speaker#B	 /os2 저는 쇼핑도 /oe 별로, 거의 저는 /os2 안하구요. 물건을 /oe 잘 살 줄 /os2 모르고. /oe 
359.133	360.393	speaker#A	 /os2 아. 안하시는구나. /oe 
361.438	362.208	speaker#A	 /os2 [어/(BC/understanding)] /oe 
362.472	367.449	speaker#B	그리고 저 주로 밥 밥 밥 먹는데 밥 밥사죠.
367.449	368.865	speaker#A	어 하하하하.
368.864	371.433	speaker#B	술을 못하니까 술 사는게 /os2 아니라 예. /oe 
370.479	371.379	speaker#A	 /os2 [어/(BC/understanding)] /oe 
371.928	377.108	speaker#A	밥을 /os2 사시는구나. /oe 어/ 최근 가장 크게 웃었던 일이 있다면?
372.643	373.153	speaker#B	 /os2 [예.(BC/continuer)] /oe 
377.696	389.204	speaker#B	음 n/ 글쎄, 이게 이 질문을 n/ 받고 저 최근에 그렇게 막 웃은적이 /os1 없었는데 /oe 그/ 그저께 여기 최화정의 /os2 파워타임에서 /oe 
384.661	385.331	speaker#A	 /os1 [어.(BC/continuer)] /oe 
388.316	388.961	speaker#A	 /os2 [네.(BC/continuer)] /oe 
389.204	402.768	speaker#B	그/ 저희 제가 또 하 그/ 하는 드라마 행사로 홍보 때문에 파워타임을 /os2 했을때 /oe 경수진양 /os2 땜에 /oe 제가 한번 크게 웃었던 /os1 기억이 나네요. 아주 /oe 밝은 친구 /os1 반가운 친군데 /oe 
395.039	395.679	speaker#A	 /os2 [네.(BC/continuer)] /oe 
397.139	397.674	speaker#A	 /os2 [어.(BC/continuer)] /oe 
399.369	400.489	speaker#A	 /os1 [오!(BC/positive surprise)] /oe 
401.139	402.719	speaker#A	 /os1 [아/ 맞아요. 예.(BC/affirmative)] /oe 
402.768	407.562	speaker#B	경수진양의 그 학창시절 얘기를 듣고 /os1 빵 /oe 터졌던 n/ 기억이.
404.998	405.333	speaker#A	 /os1 [어머!(BC/assessment)] /oe 
408.516	417.390	speaker#A	 n/ 어, 또 본인 영화 빼고 가장 최근에 본 영화가 있다면? 저희 또 영화 프로그램이니까. /os1 이런 /oe 뭐/ 어렸을 때 좋아했던 배우라던지.
414.222	415.287	speaker#B	 /os1 [아/(BC/continuer)] /oe 
417.390	419.859	speaker#B	그/ 극장에서 봤죠?
419.859	420.160	speaker#A	네.
420.308	429.696	speaker#B	그/ 늑대사냥이라는 영화를 n/ 극장에서 제가 제가 저랑 친하신 분이 영화를 제작하셨고 /os1 해서 /oe 극장에서 저 봤던 /os2 기억이나네요. /oe 
426.754	427.744	speaker#A	 /os1 [아/(BC/understanding)] /oe 
429.173	435.303	speaker#A	 /os2 아/ /oe 저도 봤는데 어렸을 때 혹시 어떤 배우분 좋아하셨어요? n/ 그것도 궁금해지는데.
435.303	453.687	speaker#B	이게 어렸을 /os2 때에는 /oe 저/ 그/ 뭐/ 연기를 잘한다, 뭐/ 멋있다 이런 생각을 안했던 거 /os2 같애요. /oe 제가 뭐/ 초등하고 뭐/ 요럴 때, 사춘기 전에는 한국배우중에서 박노식이라는 n/ 박노식 선생님
436.523	437.003	speaker#A	 /os2 [네.(BC/continuer)] /oe 
443.183	444.058	speaker#A	 /os2 [음.(BC/continuer)] /oe 
453.687	454.212	speaker#A	[네.(BC/continuer)]
454.263	474.223	speaker#B	/os2 좋아했었어요. 에/ /oe 그 분이 영화에 나오면 뭔가 통쾌하고, /os1 호쾌하고 /oe 그래가지고 그분을 /os2 좋아했었고, /oe 외국배우로는 /os2 토니커티스라고 /oe 그 옛날 서부영화 많이 하시고, 굉장히 재밌는 배우가 있었어요. /os1 살아계신지 /oe 모르겠는데 그 분을 좋아했었어요.
454.838	455.758	speaker#A	 /os2 [아/(BC/understanding)] /oe 
457.733	458.298	speaker#A	 /os1 [어.(BC/continuer)] /oe 
462.308	462.653	speaker#A	 /os2 [음.(BC/continuer)] /oe 
466.068	466.413	speaker#A	 /os2 [네.(BC/continuer)] /oe 
471.058	471.913	speaker#A	 /os1 [아/(BC/understanding)] /oe 
474.286	477.432	speaker#A	재밌는 /os1 분들, /oe 유쾌한 분들 /os2 좋아하셨군요. /oe 
474.782	475.082	speaker#B	 /os1 [예.(BC/continuer)] /oe 
476.196	482.979	speaker#B	 /os2 어릴 때는 그/ 토니 /oe 커스티스 그 분은 외모가 약간 요즘의 그/ 아이언맨 /os1 그/ 로버트다 /oe 다우니주니어?
481.262	481.982	speaker#A	 /os1 [음.(BC/continuer)] /oe 
482.979	483.519	speaker#A	네.
483.523	487.501	speaker#B	그 분 약간 닮으신 /os2 배우였는데 /oe 그 배우를 좋아했던 거 /os2 같애요. /oe 
485.179	485.679	speaker#A	 /os2 [아.(BC/continuer)] /oe 
486.648	487.258	speaker#A	 /os2 [아.(BC/continuer)] /oe 
488.416	497.097	speaker#A	이번 작품 또 리멤버에서는 기억에 관한 이야기를 다루는데요. 기억력 좋으신 편이세요? 어떠세요?
497.097	497.821	speaker#B	아휴.
497.821	500.161	speaker#A	아/ 점점 안 n/ 좋아지는데 /os2 저도. /oe 
499.671	499.946	speaker#B	 /os2 아/ /oe 
500.173	510.343	speaker#B	n/ 아/ 이게 나이를 /os2 먹는다는게 /oe 뭐/ 요 최근 리멤버라는 영화를 /os2 개봉하니까 이제 나이에 /oe 대한 얘기를 질문을 기자분들이 /os2 하시는데 /oe 나이를 먹었다고 생각할 때가 언제냐 /os2 하면은 /oe
501.798	502.443	speaker#A	 /os2 [네.(BC/continuer)] /oe 
504.848	505.683	speaker#A	 /os2 [네.(BC/continuer)] /oe 
507.653	508.023	speaker#A	 /os2 [음.(BC/continuer)] /oe 
509.918	510.328	speaker#A	 /os2 [음.(BC/continuer)] /oe 
511.172	520.497	speaker#B	아/ 내가 관심 없는 것들은 별로 관심이 없다. /os1 그니까 /oe 내가 관심있는 분야만 보게 /os2 되고 /oe 에/ 그래서 뭔가 이렇게 내가
514.108	514.433	speaker#A	 /os1 [네.(BC/continuer)] /oe 
516.633	517.248	speaker#A	 /os2 [음.(BC/continuer)] /oe 
521.578	541.512	speaker#B	그/ 관심을 /os2 가지는게 폭이 /oe 좁아지는거 같다 /os2 그런 이야기를 한 적이 있었는데 /oe 기억도 비슷한 거 같애요. /os1 옛날에 /oe 젊을 때는 여러 데이터들 내가 많이 이렇게 저장을 /os2 했는데 /oe 요즘은 아/ 내가 필요한 것만 딱 저장하고 /os1 다른 것들은 /oe 저장이 안 되고, 또 필요한 거를 저장했는데도 /os1 까먹고 /oe n/ 그러네요.
523.178	523.358	speaker#A	 /os2 [음.(BC/continuer)] /oe 
524.393	525.463	speaker#A	 /os2 [어.(BC/continuer)] /oe 
527.493	528.138	speaker#A	 /os1 [음.(BC/continuer)] /oe 
531.393	531.793	speaker#A	 /os2 [네.(BC/continuer)] /oe 
535.058	535.903	speaker#A	 /os1 [음.(BC/continuer)] /oe 
538.398	539.388	speaker#A	 /os1 음. 또 까먹고. /oe 
541.861	544.041	speaker#A	어/ 근데 대본은 또 어떻게 암기하세요?
544.059	549.343	speaker#B	 /os2 그거는 /oe 그/ 같이 /os2 배우시니까 그거는 /oe 
544.659	545.119	speaker#A	 /os2 [예.(BC/continuer)] /oe 
548.124	550.593	speaker#A	 /os2 네. /oe 이상하게 그건 돼요. 아. n/ 
550.593	556.500	speaker#B	 n/ 일반인들은 가장 신기한 /os1 지점이 그 지점인데 /oe 그거는 돼요.
552.333	552.968	speaker#A	 /os1 [예.(BC/continuer)] /oe 
556.500	558.424	speaker#A	그쵸 /os1 신기하죠. /oe 
556.970	560.468	speaker#B	 /os1 근데 그거는 /oe 돼요. /os1 n/ 신기하죠. /oe 허허.
558.909	559.299	speaker#A	 /os1 [네.(BC/continuer)] /oe 
560.468	572.493	speaker#A	어제 일도 기억이 안 나는데 /os2 그거는 되더라고요. /oe 네, n/ 관심이 있어서 그런 거 같습니다. 계속해서 우리 그럼 본격적으로 영화 리멤버 이야기 (2부)/(이 부)에서 나누도록 하고요. 여러분 문자 받고 있어요. 지금도 많이 오고 있는데요.
561.663	562.483	speaker#B	 /os2 [네.(BC/continuer)] /oe 
572.726	586.955	speaker#A	단문 (50원)/(오십 원), 장문 (100원)/(백 원) 추가되는 (#1077)/(샾 일공칠칠) 번으로, 혹은 고릴라로 보내주세요. 뭐 궁금한점, 목격담, 뭐든 좋습니다. 이성민씨가 골라오신 노래 (1곡)/(한 곡) 들을께요. 김필의 다시 산다면 입니다. 이유가 있다면요.
586.979	598.534	speaker#B	 n/ 예. 그/ 이번 개봉하는 영화가 /os2 리멤번데 /oe 제가 그/ 몇 년전에 기억이라는 드라마를 찍은 적이 /os2 있었어요. /oe 그/ 으/ 지금 영화 리멤버도 알츠하이머에 대한 이야기고,
589.559	589.754	speaker#A	 /os2 [네.(BC/continuer)] /oe 
594.054	594.814	speaker#A	 /os2 [네.(BC/continuer)] /oe 
599.013	611.028	speaker#B	그때는 그/ 젊은 나이에 알츠하이머에 걸린 그/ 주인공의 /os2 이야기였었는데 /oe 그 때 주제가였었어요. n/ 해서 지금 영화하고도 관련있고, 오랜만에 노래도 듣고 싶고해서 추천했습니다.
602.973	603.438	speaker#A	 /os2 [네.(BC/continuer)] /oe 
611.028	614.174	speaker#A	 n/ 네, 우리 이 곡 같이 듣고, (2부)/(이 부)에서 다시 만나요.
653.403	658.687	speaker#A	네. (2부)/(이 부)가 시작이 됐습니다. 영화 리멤버의 배우 이성민씨와 함께하고 있습니다.
658.687	664.205	speaker#B	여러분은 지금 배우 이성민이 사랑하는 박하선의 씨네타운과 함께하고 있습니다.
664.205	675.007	speaker#A	아/ 감사합니다. 깜짝이야, 빨래 널고 오느라 늦게 보라를 켰더니 n/ 제가 제일 좋아하는 배우 이성민님 오셨네요. 반갑습니다. n/ 하셨어요. 히히히히히.
675.007	687.476	speaker#A	이성민님은요. 한없이 선한기도 하고, 악역할 때면 또 굉장히 악하고, 평범한 역할은 또 내 주위에 어딘가에 살고 있는 사람 같아서 어떤 역을 하시든 몰입하게 된다는 우리 혜정님이 또 보내주셨습니다.
687.476	688.641	speaker#B	감사합니다. n/ 
689.424	708.359	speaker#A	(3672님)/(삼육칠이 님), 어/ 지난주 리멤버 시사회에서 이성민 배우님 만났어요. 맨 앞열, 맨 우측이라 벽에 붙어서 보느라 n/ 힘들었어요. n/ 한필주의 시선에 따라 영화를 보며 마음이 아팠습니다. 개봉일에 또 예매했어요. 이 시대에 꼭 봐야하는 리멤버, 파이팅입니다. /os1 하셨습니다. /oe 
707.345	708.350	speaker#B	 /os1 예. 감사합니다. /oe 
708.359	725.590	speaker#A	히히히 네, 그럼 본격적으로 영화 리멤버 이야기 나눠볼께요. (10월)/(시 월) (26일)/(이십 육 일) 여러분 다음주 수요일 개봉을 앞두고 있습니다. 저희가 어제 위클리 매거진에서도 소개해드렸지만, 벌써부터 예매율 (2위)/(이 위)를 차지했어요. 어떤 영화인지 줄거리 소개 /os2 부탁드려요. /oe 
724.509	732.065	speaker#B	 /os2 그/ /oe 일제 강점기 때, 에/ 그/ 일제 부역한 자들에 의해서
732.489	746.744	speaker#B	그/ 온 가족을 다 /os2 잃어버린 /oe 그/ 현재의 (80대)/(팔십 대) 노인 필주가 아/ (20대)/(이십 대) 청년 인규 그 남주혁씨가 맡은 역할과 함께
735.134	735.634	speaker#A	 /os2 [음.(BC/continuer)] /oe 
747.421	755.549	speaker#B	그/ (60년)/(육십 년) 동안 /os2 묵혀왔던 그들에 /oe 대한 복수를 으/ 하는 으/ 과정을 담은 영화입니다.
750.265	750.551	speaker#A	 /os2 [어.(BC/continuer)] /oe 
755.549	760.145	speaker#A	네. 이성민씨가 연기한 필주는 어떤 n/ 캐릭턴가요?
760.145	775.440	speaker#B	그/ 지금은 아주 열심히 그/ 그/ 패밀리 레스토랑에서 알바를 하고 있는 (80)/(팔십)이 넘은 /os2 노인이고요. /oe 어/ 그/ 하지만 그/ 인싸노인이죠. n/ 예.
769.890	770.175	speaker#A	 /os2 [네.(BC/continuer)] /oe 
775.440	775.929	speaker#A	인싸. n/ 
775.929	781.418	speaker#B	 n/ 인싸 노인이지만, 그/ (60년)/(육십 년)동안 가족에 대한 복수를 가슴에 담고 있었던 분이고,
781.418	781.919	speaker#A	[어.(BC/continuer)]
781.919	798.544	speaker#B	어/ 그/ 알츠하이머를 앓고 /os2 있는 /oe 음/ 상태에요. 그래서 n/ 기억이 곧 사라질거 같아서 기억이 사라지기전에 에/ 그동안 품어왔던 그/ 복수를 실행하는 그런 인물입니다.
785.229	785.684	speaker#A	 /os2 [네.(BC/continuer)] /oe 
798.940	812.367	speaker#A	네. (20대)/(이십 대) 절친 인규는 남주혁 배우가 열연을 했죠. 두 분 함께 작품 하면서 어떠셨는지 뭐/ 쉬는 시간에 얘기도 많이 나누셨는지, 혹은 (12월)/(십 이 월)에 또 입대를 앞두고 있는데 한마디해주신다면.
812.367	815.372	speaker#B	예. 뭐/ 다 가는거잖아요.
815.377	816.455	speaker#A	 /os2 네. /oe 
815.796	832.666	speaker#B	 /os2 아. /oe 당연히 가야 되고 어/ 아무쪼록 건강하게 에/ 에/ 다치지 말고 무사히 마치길 바라고 n/ 어/ n/ 그/ 남주혁 군은 그/ 굉장히 좀 뭐랄까
832.666	845.210	speaker#B	그/ 많이 어려요. /os1 그/ /oe 지금 영화를 그/ /os2 (2년)/(이 년)전에 이런 /oe 이제 크랭크업이 끝난지가 (2년)/(이 년)이 /os2 넘었는데 /oe 그때 얼굴 영화를 보니까 지금보다 훨씬 더 어려 /os2 보이더라고요. /oe 
835.061	835.386	speaker#A	 /os1 [음.(BC/continuer)] /oe 
837.526	838.006	speaker#A	 /os2 [아.(BC/continuer)] /oe 
840.346	841.026	speaker#A	 /os2 [네.(BC/continuer)] /oe 
845.031	845.201	speaker#A	 /os2 [어.(BC/continuer)] /oe 
845.223	846.807	speaker#A	지금도 /os2 어리지만. /oe 
846.098	847.231	speaker#B	 /os2 예. /oe 근데,
847.231	847.646	speaker#A	[아/(BC/continuer)]
847.799	856.898	speaker#B	처음 만났을 때 그렇게 어려 어려 어리 어리게 느끼지 않았던 거 /os1 같애요. 그/ /oe 덩치도 있고 애가 뭔가 이렇게 좀 /os2 듬직해보이고 /oe 에/ 그래가지고
851.289	852.139	speaker#A	 /os1 [어/(BC/continuer)] /oe 
854.909	855.629	speaker#A	 /os2 [음.(BC/continuer)] /oe 
857.572	863.994	speaker#B	그/ 좀 애처럼 대하지 않고, /os1 그냥 /oe 이렇게 친구처럼, /os1 동료처럼, 그렇게 /oe 쉽게 대해 대했던거 같아요.
860.017	860.482	speaker#A	 /os1 [음.(BC/continuer)] /oe 
861.606	862.231	speaker#A	 /os1 [어.(BC/continuer)] /oe 
863.994	865.609	speaker#A	진짜 /os2 극중에서 /oe 처럼.
864.348	865.593	speaker#B	 /os2 [예. 음.(BC/continuer)] /oe 
865.606	882.216	speaker#B	그러면서 현장에서 뭐/ 바로 /os2 친해졌었고, /oe 또 뭐/ 우리들하고 어울리는거에 대해 거리낌이 없었고 /os1 그래가지고 /oe 편하게 지냈고 또 이건 /os2 (TMI)/(티엠아이)지만은 /oe 주혁이가 좀 애늙기같은 애늙은이? /os1 같은 /oe 게 있어요.
869.861	870.371	speaker#A	 /os2 [음.(BC/continuer)] /oe 
874.481	875.081	speaker#A	 /os1 [음.(BC/continuer)] /oe 
878.401	878.711	speaker#A	 /os2 [네.(BC/continuer)] /oe 
881.011	881.636	speaker#A	 /os1 [음/(BC/understanding)] /oe 
882.307	882.827	speaker#A	[네네.(BC/continuer)]
883.750	900.244	speaker#B	지가 애청 청취하는 라디오 프로를 예약해놓은 /os1 적이 있었어요. 그게 /oe 거의 한 심야에 (10시)/(열 시)인가 (11시)/(열 한 시) /os1 몇 시에 하 /oe 는 그 옛날 옛날 가요들 틀어주는 /os2 방송이었었어요. /oe 그래서 선배님 저 이 노래, /os1 이 방송 좋아해요. 그러더라고요, /oe 그래가지고
887.380	888.395	speaker#A	 /os1 [어/(BC/assessment)] /oe 
891.570	892.090	speaker#A	 /os1 [어.(BC/continuer)] /oe 
894.945	896.050	speaker#A	 /os2 [네.(BC/continuer)] /oe 
897.905	899.785	speaker#A	 /os1 [아. 어/(BC/continuer)] /oe 
900.598	906.562	speaker#B	아/ 이놈이 무슨 나이가 어린놈이 n/ 애늙은이같이 노래도 옛날 노래를 좋아하고 /os1 그러더라고요. /oe 
905.323	906.408	speaker#A	 /os1 [어/(BC/continuer)] /oe 
906.887	924.174	speaker#A	어우 정말 좋은 또 (TMI)/(티엠아이)를 /os1 또 알려주셨습니다. /oe (5169)/(오일육구)님이 일상생활에서도 와 정말요. (80대)/(팔십 대) 노인 필주처럼 태도, 자세, 목소리, 걸음걸이를 바꿨다고 들었는데, 아 정말 영화를 보면요. 너무 대단하셨어요. 힘들진 않으셨는지요.
908.777	909.187	speaker#B	 /os1 [예.(BC/continuer)] /oe 
924.174	929.389	speaker#A	이런 노력으로 만들어낸 캐릭터 리멤버의 한필주 참, 기대가 되네요 보내주셨습니다.
929.668	936.893	speaker#B	네. 그/ n/ 그/ 힘들죠. /os1 이게 /oe 제 나이또래가 /os2 아니라 /oe 
932.963	933.598	speaker#A	 /os1 [예.(BC/continuer)] /oe 
936.208	936.878	speaker#A	 /os2 [네.(BC/continuer)] /oe 
937.692	953.382	speaker#B	음/ (80)/(팔십)이 넘은 /os1 그것도 /oe 굉장히 고단한 삶을 산 그/ 노인의 연기를 해야된다는게 n/ 굉장히 /os2 부담스러웠지만 /oe 아/ 배우로서 그런 기회가 흔치 않고
939.732	940.237	speaker#A	 /os1 [음.(BC/continuer)] /oe 
948.782	949.062	speaker#A	 /os2 [음.(BC/continuer)] /oe 
953.382	969.382	speaker#B	어/ 한번 n/ 해볼만 하다는 생각도 해 했고, /os1 하면서 /oe 이게 과연, 과연 어/ 몰입하는데 집중하는데 방해 되지 않을까 /os1 그런 걱정을 /oe 많이 했죠. /os1 그/ /oe 감독님은
957.152	957.612	speaker#A	 /os1 [음.(BC/continuer)] /oe 
964.597	965.297	speaker#A	 /os1 [음.(BC/continuer)] /oe 
966.192	966.807	speaker#A	 /os1 [음.(BC/continuer)] /oe 
969.382	989.302	speaker#B	에/ 그/ 그런 걱정을 무서웠다고 말씀하실 /os2 정도였으니까. /oe 그/ 저도 역시 비슷했고요. 에/ 으/ 근데 뭐/ 영화를 보시면은 아시겠지만 에/ 비교적 그/ 몰입하는데 방해되지는 않은거 같아서 /os1 다행이라 /oe 생각하고
973.867	974.717	speaker#A	 /os2 [네.(BC/continuer)] /oe 
988.217	988.657	speaker#A	 /os1 [아.(BC/continuer)] /oe 
989.955	1000.408	speaker#B	어/ 그 외에 뭐/ 자세, 목소리, 태도 이런거는 그렇게 힘들지는 않았어요. /os1 예. /oe 그/ 외모가 가장 걱정스러웠었지. /os1 예. /oe 
994.331	995.176	speaker#A	 /os1 [음.(BC/continuer)] /oe 
999.080	999.980	speaker#A	 /os1 [음.(BC/continuer)] /oe 
1000.468	1015.364	speaker#A	아유 저는 시사회를 미리 보고 왔는데 정말 최고셨습니다. n/ 걱정 하나도 안하셔도 될 거 같구요. 그 노인 분장이 또 힘들었을 거 같아요. 분장같은게 하는게 또 힘들잖아요. 제품같은 걸 쓰니까. 어떠셨는지?
1015.364	1034.264	speaker#B	그/ n/ 저는 저 저희 제 분장을 맡은 /os2 팀은 /oe 저의 그/ 그/ 얼굴을 어/ 다 가지고 있어요. /os1 예전에 /oe 본을 뜬게 있어서
1021.754	1021.944	speaker#A	 /os2 [네.(BC/continuer)] /oe 
1032.444	1032.789	speaker#A	 /os1 [어.(BC/continuer)] /oe 
1034.250	1041.010	speaker#B	 /os1 제 /oe 뭐/ 눈, 코, 입, 귀 뒤통수 /os1 또 앞통수 다 가지고 있고 /oe 
1034.270	1035.075	speaker#A	 /os1 [네/(BC/understanding)] /oe 
1038.827	1040.322	speaker#A	 /os1 다 갖고 계시는구나. /oe 
1041.010	1054.239	speaker#B	 n/ 어/ 심지어 치아, 잇몸까지 다 /os2 가지고 있어서. /oe 어/ 그/ 그렇게 보통 그런 과정을 거쳐야 이제 분장을 할 수 /os2 있는데 /oe 그런 데이터가 그 티 그 팀이 /os2 있어서 네. 들 /oe 힘들었구요.
1044.490	1044.885	speaker#A	 /os2 [와!(BC/assessment)] /oe 
1050.405	1050.900	speaker#A	 /os2 [아.(BC/continuer)] /oe 
1052.350	1054.954	speaker#A	 /os2 이미 있어서. /oe 네.
1054.953	1064.531	speaker#B	처음에 그/ 그/ 노인을 만들어가는 과정에서 테스트 과정이 /os2 많았었어요. /oe n/ 그때는 분장시간이 한 (4시간)/(네 시간) 이상씩 막 n/ 걸리고 그랬었어요.
1059.443	1060.088	speaker#A	 /os2 [네.(BC/continuer)] /oe 
1064.531	1065.964	speaker#A	아이고. /os1 힘드셨겠다. /oe 
1065.092	1082.412	speaker#B	 /os1 그래서 또 /oe 또 다음에 가서 또 한번 해보고, 여러차례 시행착오를 /os2 겪으면서 /oe 시간은 한 (2시간)/(두 시간) 조금 더 걸리는 걸로 그렇게 정리를 에/ 당일은 /os1 촬영때는 했었고 그 시간에는 /oe 그냥 뭐 누워있으니까 /os1 저는 /oe 다행히 이렇게 서있 서있질 /os2 않고 이렇게, /oe 
1070.164	1070.589	speaker#A	 /os2 [음.(BC/continuer)] /oe 
1075.418	1077.798	speaker#A	 /os1 [음. 음.(BC/continuer)] /oe 
1079.093	1079.888	speaker#A	 /os1 [어.(BC/continuer)] /oe 
1081.598	1082.403	speaker#A	 /os2 [어.(BC/continuer)] /oe 
1082.412	1085.706	speaker#B	아/ (40도)/(사십 도) 정도 이렇게 (45도)/(사십 오 도) 정도 누워있는 상태에서 분장을 해서
1085.706	1086.284	speaker#A	[음.(BC/continuer)]
1086.284	1093.385	speaker#B	그렇게 힘들진 /os2 않았고 /oe 보통 촬영시간보다 좀 일찍 나가야 된다는거? 그 /os2 정도밖에? /oe 
1087.829	1088.394	speaker#A	 /os2 [음.(BC/continuer)] /oe 
1092.619	1093.369	speaker#A	 /os2 [그쵸.(BC/affirmative)] /oe 
1093.385	1101.010	speaker#A	 /os1 (2시간)/(두 시간) /oe 이상 일찍 /os2 가야되니까. /oe 하/ 처음에 딱 보셨을 때 어떠셨어요? 이렇게 미리 나이들어 보시는거잖아요.
1093.390	1093.635	speaker#B	 /os1 [네.(BC/continuer)] /oe 
1094.990	1095.275	speaker#B	 /os2 [네.(BC/continuer)] /oe 
1101.836	1104.432	speaker#B	그 으허허허 n/ 
1104.432	1105.432	speaker#A	 /os1 뭔가 다르겠지만. /oe 
1104.447	1104.972	speaker#B	 /os1 그/ /oe 
1106.515	1117.165	speaker#B	그/ 옛날 연극할 때 이렇게 분장으로 노인을 /os2 해본적 있어가지고 그렇게 /oe 이상하진 /os2 않은데 /oe 너무 리얼해서 /os1 어/ 좀 /oe 신기했던 기억이 나고.
1110.505	1111.495	speaker#A	 /os2 아, 해보셨구나. /oe 
1112.335	1112.810	speaker#A	 /os2 [네.(BC/continuer)] /oe 
1115.020	1115.370	speaker#A	 /os1 [음.(BC/continuer)] /oe 
1117.095	1117.735	speaker#A	[네.(BC/continuer)]
1117.817	1129.212	speaker#B	그/ 뭐 좀 또 우스운 얘기지만 저같은 경우는 평소에 주름이 그렇게 많지가 /os2 않아요. /oe 에. /os1 그래서 /oe 분장팀이 많이 힘들어 /os2 했었어서 그래서 n/ /oe 
1124.783	1125.328	speaker#A	 /os2 [음.(BC/continuer)] /oe 
1126.217	1126.667	speaker#A	 /os1 [맞아요.(BC/affirmative)] /oe 
1128.142	1129.127	speaker#A	 /os2 우와! 오히려. /oe 
1129.212	1136.816	speaker#B	이/ 주름이 지면은 이렇겠구나 /os1 하는 생각을 했었고, /oe 에/ 저희 집사람 보고 굉장히 싫어하더라구요. n/ 허허허허허.
1131.137	1132.597	speaker#A	 /os1 [어. 음.(BC/continuer)] /oe 
1136.816	1149.177	speaker#A	 n/ 또 찐반응이! 아/ 이성민씨와 다른 연령대의 캐릭턴데 이 작품을 선택하신 이유는 또 아/ 배우로서 정말 이런 기회가 없을 거 같아서 또 선택을 하셨다고 하셨습니다. n/ 
1149.177	1157.847	speaker#A	코로나로 개봉이 미뤄지면서 오랜만에 또 영화 리멤버를 다시 마주하셨어요. 뭐/ 시사회에서 근데 하 우셨다고요?
1157.847	1171.176	speaker#B	예, 그/ 저도 한 (2년)/(이 년) 넘게 에/ 그/ 캐릭터들 떠나보내고 다시 (2년)/(이 년) 지나서 /os2 만났으니까 /oe 아/ 조금 생경했다 그럴까? /os1 아/ /oe 그랬었고.
1166.682	1166.932	speaker#A	 /os2 [네.(BC/continuer)] /oe 
1169.307	1169.922	speaker#A	 /os1 [어.(BC/continuer)] /oe 
1171.176	1184.729	speaker#B	뭐 그러므로 또 나도 모르게 그/ 영화에 집중하게 됐던 거 /os2 같애요. /oe 어/ 그러면서 후반에 그/ 제가 연기한 필주의 그/ 회상신 때
1176.711	1177.361	speaker#A	 /os2 [음.(BC/continuer)] /oe 
1184.729	1203.348	speaker#B	그/ n/ 곧 죽음을 앞둔 노인의 /os2 기억속에 /oe 그/ 아름다운 /os2 누나가 /oe 어린 소녀의 모습으로 /os2 나왔을 때 /oe 아/ 저도 모르게 약간 /os1 내 /oe 눈물이 났던 거 /os2 같애요. 그/ 주혁이가 /oe 옆에 있어가지고
1190.199	1190.779	speaker#A	 /os2 [음.(BC/continuer)] /oe 
1194.659	1195.194	speaker#A	 /os2 [음.(BC/continuer)] /oe 
1197.159	1197.664	speaker#A	 /os2 [네.(BC/continuer)] /oe 
1199.274	1199.734	speaker#A	 /os1 [음.(BC/continuer)] /oe 
1201.458	1202.223	speaker#A	 /os2 [음/(BC/understanding)] /oe 
1203.348	1203.833	speaker#A	 [네.(BC/continuer)]
1203.854	1207.562	speaker#B	소리는 못 /os2 내고 /oe n/ 눈치 n/ 챘더라구요.
1204.759	1205.149	speaker#A	 /os2 [어이고(BC/assessment)] /oe 
1207.562	1219.348	speaker#A	 n/ 어, /os1 아이구. /oe 리멤버는 이렇게 기억에 관한 영환데요. 혹시 이성민씨에게 평생 잊고싶지 않은 기억이 하나있다 어/ 절대 잊고싶지 않다 이런게 /os2 있다면? /oe 
1208.662	1209.092	speaker#B	 /os1 [네.(BC/continuer)] /oe 
1219.247	1219.382	speaker#B	 /os2 [음.(BC/continuer)] /oe 
1219.348	1235.635	speaker#B	뭐/ n/ 최근 자주 듣던 이야기입니다. 에. 뭐/ 우리 애가 태어났을 때도 /os2 그렇지만 /oe 그/ 내가 배우였던 사실 그거는 /os1 기억 /oe 했으면 /os2 좋겠다 라는 생각이 들었네요. /oe 
1226.973	1227.498	speaker#A	 /os2 [음.(BC/continuer)] /oe 
1231.333	1232.733	speaker#A	 /os1 맞아요. 봤어요. /oe 
1233.498	1235.573	speaker#A	 /os2 [음/ 어.(BC/understanding)] /oe 
1235.635	1247.510	speaker#A	음/ 그랬습니다. 은주님이요, 드라마 파스타보고 반해서 n/ 이성민씨 나오는 작품 다 찾아보고 있다고. 아, 여기 또 계시네요. 저같이 조용 조용히 응원하는 팬들도 있다는 거 /os2 기억해달라고. /oe 
1246.930	1248.515	speaker#B	 /os2 감사합니다. /oe 
1248.535	1256.068	speaker#A	어/ 어/ n/ 이거를 여쭤봐도 될까요? /os1 아버지로 /oe 점수를 메긴다면 어/ 몇 점 이냐고? 근데 /os1 아까 말이예요. /oe 
1252.187	1252.297	speaker#B	 /os1 [음.(BC/continuer)] /oe 
1255.505	1258.290	speaker#B	 /os1 그걸 내가 /oe 어떻게 점수를 매겨요? n/ 
1258.290	1262.755	speaker#A	따님이 /os2 근데 연기를 /oe 안하셨으면 좋겠다고 인터뷰를 하셨더라구요. /os2 이유가? /oe 
1258.790	1259.370	speaker#B	 /os2 [네.(BC/continuer)] /oe 
1262.375	1262.755	speaker#B	 /os2 [예.(BC/continuer)] /oe 
1262.760	1264.567	speaker#B	안해요, 안하는 /os1 안하 /oe 안하는데
1263.715	1263.970	speaker#A	 /os1 [오!(BC/assessment)] /oe 
1264.567	1266.506	speaker#A	아아, /os2 따님이. /oe 
1265.712	1279.854	speaker#B	 /os2 예. 딸 /oe 딸이 혹시라도 /os1 어/ 뭐/ /oe 그/ 뭐/ 어쩌겠어요. 뭐/ 자기 자기 인생인데 /os1 한다면 하는데 이왕이면은 /oe 그냥 좀 더 편안하고 /os2 다른 다른 일? /oe 에/ 좀 더 이런 머리 아픈일은 n/ 안 했으면 좋겠다.
1267.889	1269.024	speaker#A	 /os1 [음음음음음.(BC/continuer)] /oe 
1271.963	1274.213	speaker#A	 /os1 [음. 네. 음.(BC/continuer)] /oe 
1275.364	1275.979	speaker#A	 /os2 [음.(BC/continuer)] /oe 
1279.822	1280.412	speaker#A	 n/ 맞아요.
1280.451	1281.990	speaker#B	네, 그런 n/ 부모의 마음이었죠.
1281.990	1296.875	speaker#A	네. 그레이스님이 용산영화관에서 지나가시는 걸 우연히 뵀는데 팬이라고 하는 하니까 이렇게 웃어주셨대요. 참 행복했다고. 배우님의 최애 영화가 뭔지 궁금하대요. 아까 또 우리가 얘기했었는데 영화에 대해서.
1296.875	1307.400	speaker#B	 /os1 어/ /oe 뭐/ 많은 영화가 있죠. /os1 많은 /oe 영화가 있는데 저 저번에 여기 와서도 얘기했었는데 박하사탕 /os2 이라는 영화를 /oe 굉장히 /os2 좋아해요. /oe 
1296.900	1297.365	speaker#A	 /os1 [음.(BC/continuer)] /oe 
1299.385	1299.685	speaker#A	 /os1 [네.(BC/continuer)] /oe 
1304.385	1305.015	speaker#A	 /os2 [네.(BC/continuer)] /oe 
1305.655	1307.380	speaker#A	 /os2 [어. 맞아요.(BC/affirmative)] /oe 
1307.490	1322.125	speaker#A	맞아요. 좋아하신다고 했죠. (3223)/(삼이이삼)님이 이성민 배우님 점점 더 멋있어지세요. n/ 어/ 살도 많이 빼셨다고 하셨는데 아까 운동을 많이 안하신다고 하셨는데 다이어트비법이 있으면 좀 공유를 /os2 n/ 해달라고. /oe 
1320.655	1321.805	speaker#B	 /os2 [예.(BC/continuer)] /oe 
1322.155	1339.004	speaker#B	그/ 그/ 체중이 /os1 그/ /oe 드라마 촬영을 최근에 끝냈는데 어/ 많이 불었더라구요. /os1 그니까 /oe 너무 육체적으로 힘든 씬들이 /os2 많아가지고 /oe 잘먹고 일을 했어요. /os1 n/ 어 /oe 
1325.160	1325.360	speaker#A	 /os1 [네.(BC/continuer)] /oe 
1329.970	1330.745	speaker#A	 /os1 [네.(BC/continuer)] /oe 
1333.950	1334.305	speaker#A	 /os2 [어.(BC/continuer)] /oe 
1337.239	1339.000	speaker#A	 /os1 예. 잘 드셨구나. 힘들죠, 힘들 /oe 
1339.004	1347.449	speaker#B	살라고 /os1 그러다 /oe 보니까 어느날 체중계 올라갔는데 말도 안되는 체중이 /os2 나와가지고 /oe 체중계가 고장났다그랬어요. n/ 아니더라구. 그래서 어/ 이거는 아니지 해가지고
1339.689	1340.064	speaker#A	 /os1 [예.(BC/continuer)] /oe 
1342.284	1343.034	speaker#A	 /os2 [어어.(BC/continuer)] /oe 
1348.348	1358.708	speaker#B	그랬는데 운동을 막 그렇게 /os1 좋아하는편은 아닌데 /oe 어/ 탄수화물을 거의 잘 안 /os2 먹으려 그러고 /oe 
1351.973	1352.718	speaker#A	 /os1 [어.(BC/continuer)] /oe 
1358.012	1358.942	speaker#A	 /os2 줄여야죠. /oe 네.
1359.484	1361.781	speaker#B	당류를 안 /os2 먹어요. /oe 
1360.668	1361.708	speaker#A	/os2 [아.(BC/understanding)] /oe
1361.781	1363.008	speaker#A	달달한 /os1 것 들. /oe 
1362.411	1370.488	speaker#B	 /os1 네. 당류 /oe 뭐가 들어간 것 /os1 까지 /oe 예. 그거를 확실히 줄이니까 네.
1365.923	1366.928	speaker#A	 /os1 [어머! 음.(BC/assessment)] /oe 
1370.494	1373.625	speaker#A	/os2 맞아요. 필수죠. 좋다. /oe
1371.192	1374.359	speaker#B	/os2 효과가 근데 이거 일반인들 /oe 하지 마세요. 힘들어요. n/
1374.359	1384.661	speaker#A	맞아요. n/ 밥을 어떻게 안 먹냐구. 다들 n/ 네. 여기서 우리 또 노래 한곡 들어볼까요. 나나 무스꾸리의 (try to remember)/(트라이 투 리멤버)에요. 오! 신청하신 이유가 있다면?
1384.661	1400.982	speaker#B	 n/ 에/ 저희 영화 리멤버구요. /os1 에/ /oe (try to remember)/(트라이 투 리멤버) 옛날에 제가 했던 뭐/ 노랜 못하지만 뮤지컬을 젊을 때 /os2 했던 영화 /oe 판타스틱스의 그 주제가 /os2 이기도해서 /oe 예. 겸사겸사
1387.111	1387.541	speaker#A	 /os1 [네.(BC/continuer)] /oe 
1394.591	1394.841	speaker#A	 /os2 [네.(BC/continuer)] /oe 
1397.901	1398.976	speaker#A	 /os2 [아/(BC/understanding)] /oe 
1400.982	1401.449	speaker#A	[네.(BC/continuer)]
1401.449	1402.260	speaker#B	 n/ 추천했습니다.
1402.260	1403.980	speaker#A	 n/ 네. 우리 이곡 같이 들어보죠.
1416.088	1426.262	speaker#A	네. 청취자 여러분이 질문과 목격담을 많이 보내주셨습니다. 혜민님이 요트 자격증 따셨잖아요. n/ 혹시 어디에 쓰셨냐고. 와! 요트 자격증 /os2 있으세요? /oe 
1426.083	1426.253	speaker#B	 /os2 [아.(BC/continuer)] /oe 
1426.352	1434.625	speaker#B	정확히 말하면 요트와 보트는 n/ 에/ 자격증이 틀리구요. /os1 요트는 /oe 무동 무동력이고
1431.507	1431.807	speaker#A	 /os1 [오!(BC/assessment)] /oe 
1434.626	1434.977	speaker#A	[네.(BC/continuer)]
1434.977	1440.182	speaker#B	보트는 n/ 동력이라서 면허가 틀리고, 저는 보트 면허가 /os2 있어요. /oe 
1440.007	1440.157	speaker#A	 /os2 [아.(BC/continuer)] /oe 
1440.182	1442.031	speaker#A	 /os2 보트면허가 있으시구나. /oe 
1440.832	1450.895	speaker#B	 /os2 옛날에 보안관 /oe 촬영 때 그/ 보트를 운전해야 됐는데 그/ 촬영 때문에 운전을 해도 면허가 있어야 돼서 면허를 /os1 땄죠. /oe 
1450.178	1450.598	speaker#A	 /os1 [아!(BC/assessment)] /oe 
1450.895	1456.581	speaker#A	 /os2 따셨구나 /oe . 아! 너무 좋으시겠어요. 또 앞으로 쓰실 계획이 /os2 있으신가요? /oe 
1451.460	1451.680	speaker#B	 /os2 [예.(BC/continuer)] /oe 
1455.844	1457.280	speaker#B	 /os2 뭐/ 제트스키도 /oe 운전하고 n/ 
1457.280	1458.214	speaker#A	 /os2 와 진짜요? /oe 
1457.510	1460.432	speaker#B	 /os2 뭐/ 조그만 /oe 낚시배도 운전 /os2 할 수 있고. /oe 예.
1459.089	1460.269	speaker#A	 /os2 [오!(BC/assessment)] /oe 
1460.432	1467.817	speaker#A	아하! n/ 현주님이 이성민님 어/ 영화 촬영전에 꼭 하는 루틴이 있냐고.
1467.964	1476.764	speaker#B	 /os1 촬영전에 /oe 이게 크랭크인 들어가기전에 하는 뭐/ 특별한 루틴은 /os2 없구요. /oe 촬영이 임박해지면 변비가 걸린다.
1467.980	1468.350	speaker#A	 /os1 [흠/(BC/continuer)] /oe 
1473.884	1474.179	speaker#A	 /os2 [음.(BC/continuer)] /oe 
1476.764	1481.189	speaker#A	 n/ 아, 긴장이 돼서. /os1 그렇죠, 그렇죠. 그럴 /oe 수 있죠.
1479.029	1480.279	speaker#B	 /os1 네, 아이고. /oe 
1481.302	1482.737	speaker#B	꼭 그러더라구요. /os1 n/ 네. /oe 
1482.012	1482.672	speaker#A	 /os1 [네.(BC/continuer)] /oe 
1483.479	1491.991	speaker#A	난실님이 성민님 요즘 최애 음식이 뭐냐고. 노포집이 잘 어울리실 거 같은데 의외로 스테이크, 파스타 이러실 거 /os2 같다고. /oe 
1491.449	1493.458	speaker#B	 /os2 저는 /oe 어/ 음식을 별로 안 가리고요.
1493.458	1494.280	speaker#A	[어.(BC/continuer)]
1494.280	1498.234	speaker#B	에/ 그냥 n/ 다 잘 먹습니다. /os1 예. /oe 
1497.285	1498.105	speaker#A	 /os1 [아하(BC/continuer)] /oe 
1498.886	1511.729	speaker#A	 n/ 선영님이 보안관 찍으실 때 아까 그 영화 찍으실 때 /os1 부산에서 /oe 봤다고. 아이 데리고 인사했는데 옆에 분이 제지하려는거 막아주시면서 흔쾌히 인사를 받아주셨다고. 너무 팬이 더 됐다고 /os2 보내주셨어요. /oe 
1501.772	1502.252	speaker#B	 /os1 [음.(BC/continuer)] /oe 
1510.971	1515.316	speaker#B	 /os2 예. 감사합니다. /oe 비교적 그러는 편이에요. n/ 바쁘지 않으면은 예. n/ 흐흐흐.
1516.196	1520.842	speaker#A	어/ 한번 기자님 읽어주세요. 부산 /os2 기장, 응. /oe 
1520.271	1529.477	speaker#B	 /os2 부산. /oe 기장에서 이성민 배우님을 실제로 봤어요. 너무 안타까웠어요. /os1 어? /oe 화면이 배우님 얼굴을 제대로 못보여주더라구요. 실물 진짜 아
1524.532	1524.957	speaker#A	 /os1 [음.(BC/continuer)] /oe 
1530.641	1532.739	speaker#A	아그리파? 처럼 /os1 잘 생기셨어요. /oe 
1531.741	1534.688	speaker#B	 /os1 아그리빠. /oe 처럼 /os2 생기셨어요. /oe 
1533.619	1534.649	speaker#A	 /os2 오! 아그리파가 /oe 
1534.687	1538.167	speaker#B	 /os1 이거 과장이 좀 심하신데요. 그 데생할 때 조각상. n/ /oe 
1534.698	1537.468	speaker#A	 /os1 뭐지? 아 조각상. 으흐흐흐. /oe 
1538.197	1544.483	speaker#B	 n/ 하하하 감사합니다. 하이구야. 참, 나. 아름답단 소리를 야 차 야 이런데서.
1544.483	1545.760	speaker#A	 n/ 아그리파세요. 네.
1545.760	1547.714	speaker#B	 n/ 네, 감사합니다. n/ 
1547.714	1563.822	speaker#A	성민님을 음식점에서 본 적이 있는데 정말 젊어 봐봐요, 정말 정말 실물이 또 멋지시다고 또 보내주셨습니다. 내성적인 성격이라 사인도 못 받고 사진도 같이 찍고 싶었는데 너무 아쉬웠다고, 말을 못 거셨대요. /os1 요렇게 또 /oe 보내주셨네요. 히히히.
1561.661	1562.116	speaker#B	 /os1 [예.(BC/continuer)] /oe 
1563.823	1564.893	speaker#B	저도 내성적이라. n/ 
1566.814	1571.131	speaker#A	 n/ 아쉽지만 우리 마무리 할 /os2 시간입니다. 우리는. 네. /oe 
1568.979	1571.109	speaker#B	 /os2 아니 벌써요? 에 아구야. /oe 
1571.089	1574.369	speaker#A	그럼 광고 듣고와서 끝인사 함께 /os2 나눌께요. /oe 
1573.335	1573.945	speaker#B	 /os2 [네네.(BC/continuer)] /oe 
1575.275	1591.409	speaker#A	박하선의 씨네타운 오늘은 리멤버의 이성민 배우와 얘기 나눠봤습니다. 꽃별님이 이성민씨랑 함께 한 (1시간)/(한 시간) 힐링이 됐다고 보내주셨습니다. (7226)/(칠이이육)님이 아 다들 실물 칭찬 자자하니, 저도 실물 꼭 뵙고 싶어진다고.
1591.409	1602.005	speaker#A	 n/ 흐흐흐흐흐 아유 벌써 마칠 시간이에요. (10월)/(시 월) (26일)/(이십 육 일) 다음주 수요일 개봉하는 영화 우리 리멤버 마지막으로 한말씀 또 관객분들께 해주세요.
1602.005	1611.875	speaker#B	어/ n/ 그/ 영화 재밌습니다. 어/ 장담하구요. 어/ 그/ 예매가 오픈됐거든요.
1611.875	1612.390	speaker#A	[네.(BC/continuer)]
1612.473	1629.015	speaker#B	어/ 예매가 움직이기 시작합니다. 서둘러서 빨리 예매 좀 부탁드리고요. 에/ 이/ 극장에 오셔서 리멤버 통해서 아/ 감동과 재미 느껴보시길 바라겠습니다. 그리고 마지막으로 제가 팬들이 보내준 /os1 커피랑 이거를. /oe 
1628.057	1630.723	speaker#A	 /os1 어어. /oe 맞아요, 너무 감사해요.
1630.723	1632.194	speaker#B	보내주신 분 감사합니다. n/ 
1632.193	1634.589	speaker#A	 n/ 가 저도 감사합니다. 잘 /os2 먹었습니다. 저희. /oe 
1633.913	1635.634	speaker#B	 /os2 리멤버 /oe 예매 부탁드릴께요.
1635.635	1648.364	speaker#A	음. 네. 아 오늘도 지금까지 리멤버 배우 또 이성민씨였습니다. 끝 곡은 이문세의 n/ 기억이란 사랑보다 아, 너무 좋은 노래죠. 추천하시는 이유가 있다면? /os1 또 기억이들어가네요. /oe 
1646.978	1661.571	speaker#B	 /os1 음/ 예. /oe n/ 뭐/ 그런류로 어/ 노래를 선택, 선곡을 /os2 했는데 n/ /oe 그/ 제가 또 울먹여서 봤던 황정민씨의 그/ 남자가 사랑할 /os2 때에 나오는 /oe /os2 노래였었어요. /oe 
1653.262	1653.866	speaker#A	 /os2 [예.(BC/continuer)] /oe 
1659.411	1659.801	speaker#A	 /os2 [아.(BC/continuer)] /oe 
1661.086	1663.015	speaker#A	 /os2 네. /oe n/ 너무 좋았어요.
1663.015	1664.187	speaker#B	 /os1 n/ 아 그거보고 울었어요. /oe 
1663.025	1666.676	speaker#A	 /os1 저는 네. /oe n/ 저두요. n/ 
1666.676	1668.793	speaker#B	 n/ 네. 그래서 추천했습니다.
1668.793	1674.183	speaker#A	 n/ 네. 우리 이 곡 들으면서 같이 인사드릴께요. 클로징 멘트 부탁드립니다.
1674.837	1679.172	speaker#B	 n/ 에/ 하고 싶은 거 다 하세요. 오늘도 영화처럼!
1679.368	1681.078	speaker#A	 n/ 아, 감사합니다.
