27.155	35.730	speaker#A	n/ 안녕하세요.(The interview)/(더 인터뷰)의 백일홍입니다.(The interview)/(더 인터뷰)는 각계 각층의 명사를 초대해 사회문화 전반에 대한 견해를 들어보는 시간이죠.
36.249	39.694	speaker#A	n/ 오늘은 충청북도 단양군의 류한우 군수님 모셨습니다.
45.516	46.324	speaker#A	n/ 안녕하세요.
46.375	47.174	speaker#B	네, 안녕하세요.
47.181	48.105	speaker#A	네, 반갑습니다.
48.118	48.826	speaker#B	/os2 반갑습니다. /oe
48.513	51.382	speaker#A	/os2 시청자 분들께도 /oe 인사 한 말씀 부탁드립니다.
51.561	56.921	speaker#B	네/ 시청자 여러분 안녕하십니까. 충북 단양군수 류한우입니다.
57.840	70.350	speaker#B	아시다시피 우리 단양군은 내륙에서 보기 드물게 소백산 국립공원과 월악산 국립공원 이렇게 (2개)/(두 개)의 국립공원을 가지고 있는 지역입니다.
71.385	85.269	speaker#B	우리 지역의 명산인 소백산을 기반으로 월악산 국립공원과 단양강이 함께 어우러져 빚어내는 천혜의 관광 명소들이 주변에 산재해 있는 공기 맑고 산소 아름다운 고장입니다.
86.191	98.411	speaker#B	우리 단양군은 이러한 자연경관을 기반으로 열정적으로 체험시설 등을 유치해 가면서 체류형 관광 사업을 주된 산업으로 발전시켜 나가고 있는데
98.931	109.606	speaker#B	우리들의 노력이 하나하나 가시적인 효과를 나타내기 시작하면서 많은 관광객들이 증가하고 있고 지금 (10000000명)/(천만 명) 관광 시대를 맞이하고 있습니다.
110.348	122.721	speaker#B	아/ n/ 여러분들도 이/ 찾고 n/ 싶은 단양 그리고 머물고 n/ 싶은 우리 n/ 단양에 오셔서 아름다운 풍광 n/ 즐기시면서 힐링을 하는 기회 (1번씩)/(한 번씩) n/ 가져보시기 바랍니다. 감사합니다.
123.908	139.338	speaker#A	네/ 정말 군수님 말씀처럼 많은 분들이 n/ 단양에서 몸과 마음의 여유를 좀 느끼셨으면 좋겠습니다. 또 군수님 이번에 (2019)/(이천 십 구) 대한민국 의정대상 지방자치행정대상에서 지방자치행정대상을 수상하셨습니다.
139.977	147.751	speaker#C	n/ (2019)/(이천 십 구) 지방자치행정대상 충청북도 단양군 군수 류한우 이하 내용은 전과 같습니다. 축하의 박수 부탁드립니다.
162.296	165.951	speaker#A	n/ 수상 소감을 안 들어볼 수가 없는데요. 이번에도 말씀 부탁드립니다.
166.672	181.854	speaker#B	예, 우리 군민들의 성원에 의해서 제가 지방자치행정대상이라고 하는 이/ 뜻 있고 의미 있는 큰 상을 수상을 해서 매우 영광스럽고 기쁘게 생각을 합니다.
182.617	196.277	speaker#B	저에게 이 큰 상을 주신 데에는 우리가 열정적으로 추진하고 있는 체류형 관광 사업에 기반이 n/ 구축돼 가고 있고 또 n/ 소통 행정으로 열린 군정을 추진하기 위한
196.616	205.257	speaker#B	열정과 노력이 높게 평가됨으로 인해서 이렇게 큰 상을 주시지 않았나 이렇게 생각을 하고 감사를 드립니다.
205.680	216.287	speaker#B	어/ 저는 우리 단양에 있어 체류형 관광 사업이야말로 종합적인 발전 전략 사업이고 또 미래의 지향적인 사업이라고 어/ 생각을 합니다.
216.910	232.873	speaker#B	n/ 이 체류형 관광의 (momentum)/(모멘텀)을 계속 유지해가면서 이/ 관광 사업과 지역 경제가 함께 상승하는 n/ 체류형 관광도시의 발전을 목표로 열심히 노력을 해나가도록 하겠습니다.
233.688	236.675	speaker#A	네/ 꼭 목표를 이루시길 n/ 저도 응원하겠습니다.
236.690	237.414	speaker#B	n/ /os2 감사합니다. /oe
237.169	246.624	speaker#A	/os2 네. /oe 그렇다면 군수님께서 몸담고 계시는 단양에 관한 이야기를 이제 나눠볼까 하는데요. 단양 하면 단양팔경이 정말 유명하잖아요.
246.819	247.454	speaker#B	/os1 그렇죠. /oe
246.824	261.264	speaker#A	/os1 이 도담삼봉 /oe 사인암 이렇게 이름만 들어도 유명한 (8곳)/(여덟 곳)의 절경을 이르는 말인데요. n/ 물론 모두 다 아름답겠지만 이 단양팔경 중에 군수님이 개인적으로 이건 정말 특별히 자랑하고 싶다 하는 풍경이 있을까요?
261.636	263.968	speaker#B	정말 어려운 n/ 질문이십니다.
264.398	265.320	speaker#A	고르기가 어려우시죠.
265.329	272.544	speaker#B	방금 n/ 말씀하셨듯이 우리 단양팔경은 어느 곳 하나라도 아름답지 않은 곳이 /os1 없고, /oe
272.054	272.299	speaker#A	/os1 [네.(BC/continuer)] /oe
273.466	280.256	speaker#B	또 많은 관광객들이 찾아주시고 계시는 이런 이름난 명승지이기 때문입니다. 먼저
281.014	299.239	speaker#B	아/ 이 상중하선암이 있는 선암계곡부터 좀 말씀을 드리면은, 봄에는 n/ 고운 n/ 이 철쭉 꽃이 피어나고 또 가을이면 아름다운 단풍이 물드는 또 이런 계곡과 함께 어우러진 하선암이 있고 그 위에 올라가면은
299.778	310.178	speaker#B	쌍용이 승천하였다고 하는 이런 이야기가 전할 정도로 이 작은 폭포 맑은 물이 흐르는 중선함이 있습니다. 그리고 상류에는
310.498	321.346	speaker#B	이/ 청단 벽암에 에/ 맑고 넓은 이런 암반위를 또 타고 내리는 물이 그 절경을 이루고 있는 상선암이 /os2 있습니다. /oe
321.121	321.710	speaker#A	/os2 [음.(BC/continuer)] /oe
322.009	334.369	speaker#B	그리고 어/ 이제 죽령천으로 또 넘어가면은 에/ 이/ 사인암 계곡에 어/ 우측편 절벽을 깎아지른 듯 웅장한 모습을
334.868	347.984	speaker#B	뽐내면서 n/ 음/ 경관을 n/ 조성하고 있는 이/ 사인암 이/ 우탁 선생의 흔적이 남아 있는 곳이기도 하죠. 많은 관광객들이 찾아오고 있습니다. 그리고
348.980	365.276	speaker#B	또 우리 남한강 이/ 본류를 타고 흘러가다 보면 장외리 일대에 다다르게 되는데 에/ 금수산과 제비봉과 함께 어우러져서 또 이 절경을 빚고 있는 이 기암절벽들이 있습니다.
365.335	365.683	speaker#A	[아.(BC/continuer)]
365.894	375.388	speaker#B	에/ 마치 이/ n/ 대나무 어/ 새싹과 같다고 해서 옥순봉이라고 명명하는 /os1 이제 /oe 하나의 절경이 있고요.
373.514	373.819	speaker#A	/os1 [아.(BC/continuer)] /oe
375.613	378.755	speaker#A	/os1 그 /oe 바위가 /os2 대나무 죽순처럼요? /oe 음.
375.628	376.033	speaker#B	/os1 또. /oe
377.028	378.398	speaker#B	/os2 예. 예. /oe
378.803	396.518	speaker#B	그리고 또 아래쪽으로는 마치 거북이 등과 같이 이 괴이한 형상을 하고 아름답게 버티고 있는 이/ 구담봉이 있습니다. 아/ 그리고 또 북쪽으로 올라가면은 우리 단양팔경을 대표하는 관광지죠. 이 도담삼봉 /os1 아마 /oe 누구나 들어보셨을 텐데,
394.543	394.923	speaker#A	/os1 [네.(BC/continuer)] /oe
396.993	414.717	speaker#B	남한강 한복판에서 에/ (3개)/(세 개)의 봉우리가 장엄하게 /os2 버티고 서 /oe 있습니다. 이/ 조선시대의 개국공신이었던 이/ 정도전 씨가 /os1 이곳에서 /oe 머물렀다고 합니다. 어 정말요? 그래서 그 양반 호도 이/ 삼봉이라는 호를 사용하고 있는데요.
401.704	402.004	speaker#A	/os2 [음.(BC/continuer)] /oe
407.843	408.718	speaker#A	/os1 [아.(BC/continuer)] /oe
415.368	434.528	speaker#B	n/ 이렇게 대표적인 관광지가 있고 또 우측 편 위로는 이 봉우리와 봉우리를 n/ 이 돌이 연결을 하고 있어요. 그래서 마치 큰 문과 같다고 해서 석문이라고 일컫는 이런 /os1 (8개)/(여덟 개)의 /oe 에/ 그/ 경관이 있습니다. 우리 단양은 이 단양팔경 외에도
428.098	428.993	speaker#A	/os1 [음.(BC/continuer)] /oe
435.235	451.963	speaker#B	어/ 구봉팔문 이/ 소백산 자락에 위치해 있는 구봉팔문이 있고 또 금수산 또 죽령폭포 등과 같은 제 (2)/(이)의 또 단양팔경을 비롯해서 n/ 이/ 계곡마다 아름답지 않은 곳이 /os1 없는 /oe 그런 지역이라고 할 수 있습니다.
449.385	450.015	speaker#A	/os1 [네.(BC/continuer)] /oe
452.250	458.565	speaker#A	n/ 그러니까 지금 군수님 말씀해 주신 n/ 것만 들어도 이거 하루 안에 다 보기는 정말 어려울 것 /os2 같은데요. /oe
458.114	461.782	speaker#B	/os2 그럼요. /oe 하루엔 다 둘러보실 수 /os1 없는 예, /oe 그런 경관들이.
459.934	460.994	speaker#A	/os1 예, 방금 또 /oe
461.851	465.516	speaker#A	단양팔경 외에도 제(2)/(이) n/ 단양팔경이라고 하셨으니까,
465.526	465.886	speaker#B	n/ [음.(BC/continuer)]
465.959	470.924	speaker#A	n/ 정말 많은 절경이 n/ 단양에 모여 있는 것 같습니다. /os1 자랑하실 /oe 만한 것 같아요. 오흣
469.219	469.549	speaker#B	/os1 그렇죠. /oe
470.928	471.154	speaker#B	네.
471.665	484.925	speaker#A	네/ 또 이 단양이 풍경 외에도 n/ 견지낚시의 메카라고 들었습니다. /os1 이/ /oe 견지낚시라는 건 파리채처럼 생긴 견지대에 살아있는 미끼를 사용한 낚시법이라고 알고 n/ 있는데요.
477.520	477.740	speaker#B	/os1 [음.(BC/continuer)] /oe
485.224	492.795	speaker#A	이게 또 채비가 간단하기 때문에 누구나 쉽게 할 수 있다고 n/ 들었습니다. 군수님께서도 낚시를 좀 즐겨하시는 편인가요?
493.336	504.700	speaker#B	네, 과거 젊었을 때도 저는 한때는 낚시를 꽤 즐겼습니다. 그러나 여러 가지 바쁜 일정 관계로 어/ 하지 못했던 것이 지금까지도 못하고 그냥 /os1 지나고 /oe
503.606	504.661	speaker#A	/os1 아! 정말요? /oe
504.708	505.136	speaker#B	예.
505.144	506.244	speaker#A	하고 싶으시겠어요.
506.253	522.765	speaker#B	예. 그럼요. 그러나 시간이 없어 아직은 못 하고 아시다시피 우리 단양은 n/ 소백산 자락을 타고 내리는 아름다운 계곡수들이 많이 있습니다. 아/ 이 계곡수들은 곱게 흘러가서 남한강 본류로 합류를 하는데요.
523.221	540.130	speaker#B	그러기 때문에 하천이 잘 발달되어 있는 그런 지역입니다. 이 견지낚시 외에도 루어낚시라든가 또 플라이낚시 이/ 대낚시 이런 낚시를 다양하게 즐기시는 강태공들이 n/ 많이 찾고 있는 곳이 우리 단양입니다.
541.026	550.666	speaker#B	또 어종도 어/ 이 쏘가리 외에 에/ 잉어를 비롯해서 /os1 많은 /oe 고기들이 이/ 서식을 또 하고 하고 있습니다.
545.981	546.571	speaker#A	/os1 [음.(BC/continuer)] /oe
551.320	562.409	speaker#B	에/ 방금 사회자님께서도 말씀을 하셨지만은 이/ 견지낚시는 에/ 큰 기술 없이도 초보자도 할 수 있는 또 간단히 요령만 익히면 누구나 할 수 있는
562.429	562.924	speaker#A	[네.(BC/continuer)]
562.953	582.098	speaker#B	이런 낚시이기 때문에 단양에 관광을 하러 오신 분들도 가끔 참여해서 즐기는 또 그런 낚시라고 할 수가 있습니다. 특히 우리 지역에 이/ 북부 지역이 가곡과 영춘일 때 여울이 잘 발달되어 있어서 그곳에서 견지낚시를 즐기시는 분들 계절이 되면은
582.523	594.623	speaker#B	몰려오고 이 있는 것입니다. 그래서 n/ 우리 단양에서 빼어난 풍경을 또 같이 즐기면서 낚시도 함께 즐기는 어/ 이런/ 겨울 이런 음/ 네/
594.902	603.900	speaker#B	풍경이 이/ 봄이 되면은 나타나고 n/ 있는데 에/ 이런/ 찾어오시는 분들을 대상으로 해서 우리 단양은
604.367	608.007	speaker#B	이/ 쏘가리 낚시 대회를 n/ 매년 n/ 개최해 /os2 왔습니다. /oe
607.757	608.607	speaker#A	/os2 아! 정말요? /oe
608.640	614.875	speaker#B	n/ 예. 근데 해가 n/ 거듭될수록 찾아주시는 분들이 많이 n/ 증가하고 있고 /os2 해서 /oe
614.026	614.831	speaker#A	/os2 와! 네. /oe
615.028	628.638	speaker#B	에/ 이것을 좀 더 확대해서 쏘가리 축제를 한번 하는 것도 바람직하고 또 효과가 있겠구나. 이렇게 판단해서 지난해 처음으로 저희들이 (3일)/(삼 일)간의 기간으로 /os1 어/ /oe 쏘가리 축제를 개최했습니다.
626.268	626.988	speaker#A	/os1 [네.(BC/continuer)] /oe
629.033	629.822	speaker#A	/os2 어땠나요? /oe
629.296	637.315	speaker#B	/os2 예상외로 /oe 한 (1300명)/(천 삼백 명) 이상이 /os1 참여하면서 성황을 이루는 예. /oe 그런 축제로 지금 시작이 되고 있습니다.
632.446	634.821	speaker#A	/os1 오! 많이들 오셨네요. /oe
637.610	643.606	speaker#A	그 쏘가리 축제라면 뭐/ 낚시하는 걸 포함해서 먹고, 마시고 이런 게 포함된 축제인가요?
643.617	644.513	speaker#B	아/ 그렇죠.
644.684	647.249	speaker#A	가장 많이 잡으신 분이 뭐/ 우승을 /os2 한다거나. /oe
647.039	647.604	speaker#B	/os2 어/ 그럼요. /oe
647.831	648.111	speaker#A	/os1 아! /oe
647.986	659.645	speaker#B	/os1 크게 /oe 잡은 분 n/ 또 많이 잡은 분들 이분들을 선별해서, 또 이/ 시상을 하고 n/ 또 같은 n/ 축제 에/ 같이 즐기는 그런 행사로 진행이 되고 있습니다.
659.663	666.563	speaker#A	다음 n/ 행사 때는 군수님도 n/ 한번 참여를 참가자로 해서 쏘가리를 한번 낚아보시는 것도 좋을 것 /os2 같은데요. /oe
666.388	668.177	speaker#B	/os2 아 /oe 그래 봐야 n/ 되겠습니다. 예. 예. 
668.520	671.244	speaker#A	저도 이 강태공들이 많이 n/ 모인다고 하니까,
671.260	671.492	speaker#B	[예.(BC/continuer)]
671.497	674.807	speaker#A	n/ 낚시를 모르는 저도 n/ 한번 가보고 싶다는 생각이 드네요.
674.973	677.289	speaker#B	n/ 이/ 쏘가리 대회 때 한번 참여를 /os2 하세요. /oe
677.065	694.523	speaker#A	/os2 아. /oe 네. 꼭 가겠습니다. /os2 아하하, /oe n/ 쏘가리 또 먹으러 가야죠. /os2 아하하 /oe 그리고 이/ 단양강 또 유명한데요. 이 단양강을 따라서 이/ 관광을 할 수 있도록 단양 선착장이 들어선다고 들었습니다. 그렇게 되면 유람선을 타고 단양 팔경을 볼 수 있는 건가요?
678.525	678.880	speaker#B	/os2 [예.(BC/continuer)] /oe
680.620	680.885	speaker#B	/os2 [예.(BC/continuer)] /oe
695.127	697.202	speaker#B	그렇습니다. 에/ 우리 단양은
698.317	711.335	speaker#B	이/ (85년도)/(팔십 오 년도) 충주댐이 이/ 건설이 되면서 정들었던 옛 단양을 버리고 지금의 신 단양으로 /os1 단양읍 /oe 소재지 주민들이 이전을 해왔습니다.
708.122	708.577	speaker#A	/os1 [아!(BC/understanding)] /oe
711.361	711.816	speaker#A	[네.(BC/continuer)]
712.039	731.822	speaker#B	아/ 그리고 충주에서 단양을 오고 가는 유람선이 운항을 해서 단양에 계시는 분들은 어렵지 않게 이/ 생활을 할 수가 있었습니다. 아/ 그러다 (1999년도)/(천 구백 구십 구 년도) 정부의 물관리 정책에 대한 이/ 변화로 어/ 이/
731.953	749.893	speaker#B	갈수 현상이 나타나면서 뱃길이 중단되기 /os2 시작했습니다. /oe 때문에 전 구간을 이/ 유람선이 운행하질 못하고 어/ 장외리 일대 또 이 청풍을 오고 가는 에/ 그런 구간으로 어/ 계속 운행을 해오고 있었고,
735.183	736.063	speaker#C	/os2 [음.(BC/continuer)] /oe
750.632	757.992	speaker#B	또 북쪽으로 도담삼봉과 석문을 중심으로 이/ 관광유람선이 운영을 하는 형태로 이어져 왔습니다.
758.472	772.208	speaker#B	아/ 그러다 우리 단양 군민들의 오랜 n/ 숙원이었던 수중보가 완공이 됨으로써 아/ 단양읍을 중심으로 한 그 일대에 지금 아름다운 호수가 하나 탄생이 /os1 됐습니다. /oe
771.070	772.105	speaker#A	/os1 아! 진짜요? /oe
772.268	783.488	speaker#B	아/ 그래서 금년부터 이제 담수가 시작이 됐는데요. 지난 (10월)/(시 월)부터 이 구간에도 이제 유람선이 운항하기 시작을 했습니다. 그래서 단양을 오시게 되면은
783.887	796.627	speaker#B	앞으로 이 장외 에/ 지역하고 도담삼봉 지역 또 우리 단양 소재지 지역 이/ 세 군데 어느 곳에서나 n/ 유람선을 타고 아름다운 풍광을 둘러보실 수 있습니다.
796.877	800.421	speaker#A	어/ 다음에 한번 진짜 n/ 유람선 /os1 꼭 /oe /os2 타봐야겠습니다. /oe
799.092	799.232	speaker#B	/os1 [네.(BC/continuer)] /oe
800.077	800.952	speaker#B	/os2 네. 그렇게하세요. /oe
800.950	815.904	speaker#A	네, 또 n/ 단양 하면 먹거리 얘기도 빼놓을 수가 없는데요. n/ 단양군의 농산물 공동브랜드 단고을이라고 들었습니다.(3년)/(삼 년) 전에 단고을조합 n/ 공동사업법인이 세운 통합 마케팅 조직인데요.
816.314	823.992	speaker#A	군수님께서 민선 (6기)/(육 기) 재임하실 때 설립된 기업입니다. 이 기업 어떤 일을 하는 기업인지 간략하게 소개 부탁드립니다.
824.215	829.825	speaker#B	예, 우리 단양뿐만 아니라 어/ 우리나라 농업 형태 전반에 걸친 구조적인 문제인데요.
830.544	840.322	speaker#B	어/ 우리가 영농을 함에 있어서 너무나 비용이 많이 들어가는 문제 그리고 농사를 잘 지어놓고도 어/ 판매처를 /os2 찾지 못하고 /oe
839.384	839.819	speaker#A	/os2 [음.(BC/continuer)] /oe
840.796	855.736	speaker#B	또 저가로 판매되는 이런 문제입니다. 이런 것을 해결하기 위해서 어/ 이/ 농가 인력 대체라든가 소품종 전략화 사업 또 기계화 영농사업들이 추진되고 있고 또 마케팅 사업이 필요한 것입니다.
856.076	867.226	speaker#B	어/ 방금 말씀드렸듯이 저는 농사 짓는데 들어가는 비용이 너무 비싼 것보다도 지어놓은 농산물 제 값 못 받는 부분이 /os1 더 /oe 중요하다고 생각을 해서
864.879	865.564	speaker#A	/os1 [아.(BC/continuer)] /oe
867.244	867.633	speaker#A	[네.(BC/continuer)]
867.765	885.210	speaker#B	민선(6기)/(육 기) 출범과 함께 저희 조직을 개편해서 이 마케팅 사업을 전담할 수 있는 사업소를 신설을 했습니다. 그래서 그 사업소에서 관내에서 n/ 생산되는 농산물 이/ 판매에 주력을 하고 있는데요. n/ 한 (3년)/(삼 년) 전에
885.771	903.713	speaker#B	우리 단양군이 이/ 주최가 되고 또 관내에 있는 모든 농협이 함께 에/ 참여를하고 또 우리 농업인 단체가 같이 협조하는 이런 형태의 우리 단고을 으/ 유통 법인을 설립을 n/ 해서 운영을 하고 있습니다.
904.276	913.997	speaker#B	이/ 전문 경영인을 어/ 임명을 해서 전문 경영체제로 운영을 하고 있는데 아/ 이제 설립한 지 한 (3년)/(삼 년)밖에
914.049	931.440	speaker#B	되지 /os2 않습니다마는 /oe 이 짧은 기간이라도 대단히 그/ 활성화되고 있고 이 판매량이 증가되고 있습니다. 그래서 우리 n/ 농업인들은 과거에 이 판매에 어려움을 겪고 불편을 겪던 그런 상황에서 이제 농사만 잘 지어놓으면
914.359	914.724	speaker#A	/os2 [네.(BC/continuer)] /oe
931.945	944.556	speaker#B	유통법인에서 /os2 각 /oe 지역을 /os2 순회하면서 /oe 수거해서 판매를 해서 제값을 받아주는 이런 형태가 되고 있어서 대단히 고마워하고 있고 또 참여율이 높아가고 있습니다.
933.475	934.000	speaker#A	/os2 알아서 /oe
935.236	935.566	speaker#A	/os2 [네.(BC/continuer)] /oe
944.973	946.898	speaker#A	어/ 굉장히 좋은 법인이네요.
946.918	947.205	speaker#B	[네.(BC/continuer)]
947.265	965.754	speaker#A	방금 군수님께서 하신 말씀 n/ 중에 농사를 잘 짓는 것도 중요하지만 제값 받고 파는 게 중요하다. 라는 말씀에 정말 깊은 공감을 했습니다. 네, 이렇게 단양만의 특산물 얘기를 또 해볼까 하는데요, 특산물 어떤 게 있을까요? 군수님께서 즐겨드시는 음식이 있다면 말씀 부탁드립니다.
966.132	981.607	speaker#B	예, 우리 단양은 앞서서 말씀드린 n/ 대로 어/ 이/ 소백산 월악산에 있는 그런 계곡에 위치한 지역이라 이/ 밤낮에 기온 차가 좀 크게 나타나는 이런 한지형 기온을 가지고 있는 곳입니다.
982.064	989.632	speaker#B	아/ 때문에 우리 지역에서 생산되는 농산물은 모두가 단단하고 /os1 또 저장성이 /oe 높다는 게 특징입니다.
987.084	987.594	speaker#A	/os1 [어.(BC/continuer)] /oe
990.322	1004.522	speaker#B	그리고 또 우리 지역은 이 지형을 볼 때에는 이 석회암 지대에 약산성 중성토양을 가지고 있고 또 황토 흙에서 재배되는 우리 지역의 농산물들
1005.001	1018.000	speaker#B	어/ 이 난지형 이/ 농산물에 비해서 이/ 맛과 향이 /os2 뛰어나고 /oe 또 그 효능이 높다는 요/ 평을 받고 있습니다. 때문에 가격대도 상당히 높게 이/ 형성이 되어 가고 있습니다.
1009.452	1010.042	speaker#A	/os2 [음.(BC/continuer)] /oe
1018.624	1021.354	speaker#B	이/ 대표적인 농산물 몇 가지를 좀 말씀을 드리면
1021.356	1022.344	speaker#A	네. 말씀해 주세요.
1022.359	1027.104	speaker#B	저희들이 (4년)/(사 년) 연속 브랜드 대상을 받고 있는 단양 마늘이 /os2 있습니다. /oe
1026.749	1027.059	speaker#A	/os2 [음.(BC/continuer)] /oe
1027.719	1031.729	speaker#B	아/ 그리고 또 금년부터 우리가 브랜드 대상을 받기 시작하는
1031.734	1032.193	speaker#A	[네.(BC/continuer)]
1032.384	1043.327	speaker#B	청정 단양고추 또 이외에 에/ 또 전국 생산량의 거의 (1/ 3)/(삼 분의 일)을 차지하다시피 하는 n/ 이런 단양수수 등 잡곡이 유명하고요.
1044.296	1062.406	speaker#B	또 한 (400m)/(사백 미터) 이상의 고지대 우리가 죽령 일원에서 이/ 찬 공기를 마시면서 이/ 달리는 이/ 죽령사과 /os1 상당히 /oe 신선하고 당도도 높고 어/ 이 맛도 또 뛰어나다는 이런 평을 받으면서
1055.461	1055.831	speaker#A	/os1 [음.(BC/continuer)] /oe
1062.734	1079.514	speaker#B	인기가 높아가고 있습니다. 그리고 또 우리 어상천 지역 아/ n/ 이 황토 흙 의 기름진 땅에서 생산되는 어상천 수박이 n/ 이/ 출하 시기도 다른 데보다 좀 차별화되면서 /os1 이 /oe 당도도 높고 해서
1077.773	1078.038	speaker#A	/os1 [네.(BC/continuer)] /oe
1079.834	1087.786	speaker#B	상당히 다른 데서 생산되는 이/ 수박보다 이/ 고가로 판매가 /os1 되는 /oe 이런 지역이라고 할 수가 있습니다.
1084.583	1084.888	speaker#A	/os1 [아.(BC/continuer)] /oe
1087.993	1098.667	speaker#B	때문에 에/ 우리 단양의 관광 단양의 관광이 활성화되어 가면서 어/ 이/ 향토 음식 먹거리를 저희들이 열심히 개발을 해 나가고 있는데,
1098.800	1099.150	speaker#A	[네.(BC/continuer)]
1099.155	1116.613	speaker#B	이러한 우수 농산물을 이용해서 먹거리를 계속 만들어가고 있는 것입니다. 에/ 단양마늘 정식을 /os2 비롯해서 /oe 단양마늘 순대 또 단양마늘 닭강정 또 단양마늘 또 만두 어/ 뭐/ 이런 음식들
1107.670	1107.890	speaker#A	/os2 [하.(BC/continuer)] /oe
1117.119	1127.193	speaker#B	에/ 즐기시는 분들이 많고 어/ 또 시간을 내서 이런 음식을 드시기 위해서 단양을 찾는 분들 계속 늘어가고 있고 저도 그런 음식 n/ 좋아합니다.
1127.223	1144.088	speaker#A	네/ 요즘은 안 n/ 그래도 그 지역의 특별한 n/ 음식을 먹기 위해서 n/ 먼 곳까지 가는 분들이 굉장히 많기 때문에 이/ 단양 자연이 준 선물인 단양의 농산물 또 마늘을 이용한 음식들 먹으러 많이들 가실 것 /os2 같습니다. /oe 저도 나중에 꼭 방문 한다면
1141.563	1142.793	speaker#B	/os2 네. 그러시죠. /oe
1144.473	1146.703	speaker#A	지금 말씀하신 거 굉장히 할 게 많은데요.
1146.708	1146.958	speaker#B	[네.(BC/continuer)]
1147.009	1150.744	speaker#A	n/ 그중에 이 만두 먹어보는 거 꼭 기억하고 있다가 해보겠습니다.
1150.883	1152.218	speaker#B	제가 /os2 대접해드리겠습니다. /oe
1152.118	1153.103	speaker#A	/os2 아! 정말요? /oe
1153.104	1153.401	speaker#B	네.
1153.504	1156.136	speaker#A	n/ 꼭 잊지 않고 기억해 주시길 바랍니다. /os2 군수님. /oe
1155.693	1156.505	speaker#B	/os2 예. /oe 예.
1156.947	1172.777	speaker#A	네/ 제가 단양에 대해서 조사를 하다 보니까요. 이 단양군의 캐릭터가 온달과 평강이더라고요. 예/ 온달 관광지 또 온달 산성이 아주 잘 n/ 돼 있는데 n/ 거기에 더해서 매해 온달 문화 축제가 열리고 있습니다.
1173.027	1177.004	speaker#A	이 온달 문화 축제가 다른 축제랑은 다른 뭔가 특징이 있을까요?
1177.819	1187.605	speaker#B	예, 과거 우리 이/ 단양은 이/ n/ 삼국시대에 이/ 군사 n/ 요충지로서 어/ 좀/ 영토에 대한
1188.088	1199.428	speaker#B	이/ 분쟁이 많이 일어나던 /os1 그런 지역입니다. /oe 그래서 그 당시의 상황을 찾아볼 수 있는 이런 흔적들이 주변에 많이 남아 있는데요.
1190.302	1191.657	speaker#A	/os1 [음. 네.(BC/continuer)] /oe
1199.867	1208.307	speaker#B	특히 이/ n/ 북부지방 이/ 영춘에 가면은 요/ 온달산성이라는 이/ 산성이 잘 보존되어 내려오고 있습니다.
1208.790	1218.333	speaker#B	이 산성은 당시 용맹스러웠던 온달 장군이 n/ 또 나라를 지키기 위해서 용맹히 싸우다가 전사한 그런 /os2 곳인데요. /oe
1217.570	1218.290	speaker#A	/os2 [아.(BC/continuer)] /oe
1218.661	1228.104	speaker#B	그래서 우리 단양 군민들은 오래전부터 이/ 온달 장군의 용맹성 그리고 이/ 호국 충정의 그/ 정신을 기리고
1228.900	1242.250	speaker#B	또 이/ 평강공주의 /os2 지고지순한 사랑의 /oe 이야기를 에/ 담아서 후세에 전하기 위해 에/ 온달 축제를 지역의 큰 축제로 어/ 저희들이 개발해서
1231.569	1232.550	speaker#A	/os2 [아! 그렇죠.(BC/affirmative)] /oe
1242.702	1251.140	speaker#B	어/ 매년 (10월)/(시 월)이면은 이/ 온달 산성에 있는 온달 관광지 일대에서 개최를 해나가고 /os1 있습니다. /oe
1250.512	1251.052	speaker#A	/os1 [음.(BC/continuer)] /oe
1252.013	1271.837	speaker#B	그 이/ 온달문화축제는 이/ 문화관광부 그/ 지정 축제고 또 우리 충청북도 어/ 또 우수 축제로 지원을 받으면서 매년 개최하고 있는데 저희들이 이 축제를 다른 일반 축제보다 상당히 특색 있는 축제로 추진을 하고 있는데요.
1271.922	1272.927	speaker#A	네/ 어떤 /os1 차이죠? /oe
1272.381	1277.437	speaker#B	/os1 여기에 /oe 에 참여하시는 분들은 모두 이 고구려 복식을 하고
1277.447	1278.217	speaker#A	아! 진짜요?
1278.222	1281.862	speaker#B	네. 이/ 고구려 시대의 저작거리를 /os2 체험하게 되고 /oe
1281.317	1282.511	speaker#A	/os2 [하. 와.(BC/positive surprise)] /oe
1282.640	1296.472	speaker#B	또 같이 퍼레이드도 /os2 하면서 아/ /oe 또 각종 행사에 참여하는 즐거움을 갖습니다. 그리고 저도 이 고구려 (25대)/(이십 오 대) 평원왕으로 돌아가서 n/ 왕의 복장을 n/ 하고
1285.025	1285.505	speaker#A	/os2 [네.(BC/continuer)] /oe
1296.498	1298.167	speaker#A	아/ 왕 역할을 해 /os2 주시는 건가요? /oe
1297.493	1315.618	speaker#B	/os2 네. 그리고 /oe n/ 우리 n/ 관내에 기관 단체장들도 함께 /os2 참여해서 /oe 이/ 대신 역할을 하면서 이 개회식을 n/ 연극 형태로 이/ 재미있게 진행을 하기 때문에 많은 분들이 특색 있는 /os2 축제를 인정을 하고 /oe 있고 이/ 매년 관광객이 증가를 하고 있습니다.
1301.413	1301.973	speaker#A	/os2 [아.(BC/continuer)] /oe
1310.998	1311.688	speaker#A	/os2 [네.(BC/continuer)] /oe
1315.732	1330.186	speaker#A	n/ 어/ 정말 재미있을 것 같네요. 고구려 n/ 복식을 하고 그 시절로 돌아가는 체험을 한다는 n/ 게 정말 다른 곳에서는 할 수 없는 일이잖아요, 어/ 굉장히 기획을 잘하신 것 같습니다. 직접 왕이 돼보신 소감이 어떠신가요? 군수님.
1331.156	1339.111	speaker#B	근데 n/ 많은 분들이 진짜 왕 같다고 그래요. /os1 저보고 /oe 나이가 들어서 n/ 있는지 에/ 그렇게 보이는가 봅니다.
1334.958	1335.984	speaker#A	/os1 [어. 정말요?(BC/request confirmation)] /oe
1339.600	1341.972	speaker#A	옷이 너무 잘 어울려서 그런 게 아닐까요? 아하하하.
1341.973	1343.812	speaker#B	그런 것도 있겠죠. n/ 허허허
1343.878	1355.645	speaker#A	또 단양에서는 전국 유일무이한 축제가 또 다른 축제가 있다고 들었습니다. 바로 쌍둥이 힐링 페스티벌이라는 건데요. 개인적인 얘기지만 제가 쌍둥이거든요.
1355.654	1356.677	speaker#A	/os2 그래서 네. /oe
1355.809	1356.664	speaker#B	/os2 아 그러세요? /oe
1356.677	1359.979	speaker#A	이 이름을 보자마자 굉장히 관심이 많이 /os2 갔습니다. /oe
1359.382	1359.962	speaker#B	/os2 [아.(BC/continuer)] /oe
1360.052	1362.504	speaker#A	어떤 축제인지 말씀 좀 부탁드릴게요.
1362.781	1371.744	speaker#B	예. 이 축제라고 하면은 그 축제를 소화할 수 있는 적당한 기반이 마련돼야 되고 또 여건이 마련돼야 되잖아요.
1372.536	1390.356	speaker#B	아/ 그런데 아시다시피 우리 단양은 너무 협소한 지역이라 에/ 어떤 세계적인 축제나 또 전국 단위의 큰 축제를 개최하기 위해서 필요한 어떤 기반을 설치할 만한 그런 여건을 갖지 못하는 /os1 그런 지역입니다. /oe 때문에
1388.785	1389.265	speaker#A	/os1 [네.(BC/continuer)] /oe
1390.935	1396.708	speaker#B	다른 데 (Expo)/(엑스포)가 열리거나 세계적인 축제를 할 때는 항상 n/ 부러워하고 그러고 있었습니다.
1397.604	1414.579	speaker#B	에/ 그래서 우리도 그런 기반 시설 없이 이런 세계적인 축제를 하나 만들어서 어/ 우리가 축제를 활성화시킬 또 그런 대상이 없는가 늘 고민을 해왔었는데 에/ 한때 우리 가족이 전부 모이는 날이 있었어요.
1415.053	1428.967	speaker#B	저희 아이들과 또 손주들이 모두 함께 하는 그런 날이었었는데 이/ 늦은 시간까지 아이들이 잠을 자지도 않고 손주들과 함께 (terebi)/(테레비)를 보면서 그렇게 즐거워하는 모습을 봤습니다.
1428.968	1429.162	speaker#A	[네.(BC/continuer)]
1429.163	1439.895	speaker#B	그래서 어떤 프로길래 이렇게 즐거워하는가 하고 저도 가서 봤더니 그 당시에 한참 그 인기를 끌고 있던 슈퍼맨이 /os1 돌아왔다. /oe
1439.127	1439.477	speaker#A	/os1 [아.(BC/continuer)] /oe
1440.281	1446.384	speaker#B	/os1 라고 /oe 하는 그 n/ 프로였는데 저도 한참을 보니까 그 어린 쌍둥이 아이들이 나와서
1440.316	1440.586	speaker#A	/os1 [네.(BC/continuer)] /oe
1446.385	1447.055	speaker#A	너무 귀엽죠?
1447.110	1461.438	speaker#B	예. 이/ 또 놀이도 하고 또 체험도 하고 뭐/ 이런 모습을 보고 다들 즐겨하더라고요. 그걸 보니까 이/ 브라레 브라질에서 이/ 실시하고 있는 이/ (samba)/(삼바) 축제 생각이 /os2 났어요. /oe
1460.555	1461.425	speaker#A	/os2 [음.(BC/continuer)] /oe
1461.943	1472.979	speaker#B	저도 가보진 /os2 못했지만은 /oe 매년 그 축제가 열릴 때 방영되는 그 화면을 보면은 거리에 나와서 직접 참여하는 그 무희들의 현란한 춤.
1462.983	1463.508	speaker#A	/os2 [네.(BC/continuer)] /oe
1473.384	1473.759	speaker#A	/os2 [그렇죠.(BC/affirmative)] /oe
1473.619	1482.544	speaker#B	/os2 그 /oe 음악보다도 주변을 관심 있게 보니까 이 주변을 구경하는 관객들도 그냥 서 있는 사람이 없어요.
1482.869	1483.911	speaker#A	/os2 [없습니다.(BC/affirmative)] /oe
1483.264	1492.964	speaker#B	/os2 모두가 흥겹게 /oe 같이 /os2 참여해서 /oe 자기 자리에서 율동을 하는 이런 모습을 보고 축제가 활성화되기 위해서는 모두가 참여하는 형태가 돼야 /os1 되는데 /oe
1484.554	1484.829	speaker#A	/os2 [예.(BC/continuer)] /oe
1492.404	1492.729	speaker#A	/os1 [음.(BC/continuer)] /oe
1493.323	1504.890	speaker#B	기반이 없어 아쉬웠는데 이/ (samba)/(삼바) 축제는 그런 기반 시설 없이 이 퍼레이드 형식으로 진행을 하기 때문에 저런 축제라면 우리도 할 수 /os2 있겠구나 /oe 하는 /os2 생각이 /oe 들어서
1503.199	1503.579	speaker#A	/os2 [아.(BC/continuer)] /oe
1504.169	1504.329	speaker#A	/os2 [네.(BC/continuer)] /oe
1505.500	1521.310	speaker#B	또 소재도 얼마나 좋습니까? 쌍둥이를 대상으로 한, 쌍둥이와 비 쌍둥이 또 우리 관광객과 지역 주민 한껏 어우러지는 축제로 해서 퍼레이드 형태로 진행을 하면 우리 단양에서도 세계적인 축제로 발전시킬 수 있겠구나!
1521.953	1535.921	speaker#B	이렇게 생각을 하고 어/ 저희들이 시작을 /os2 했습니다. /oe 그래서 이제 쌍둥이 가족과 또 우리 관광객이나 우리 지역 n/ 일반인들은 이/ 쌍둥이 복장을 하거나 쌍둥이 가면을 쓰거나
1525.288	1525.613	speaker#A	/os2 [아.(BC/continuer)] /oe
1535.942	1536.608	speaker#A	[음.(BC/continuer)]
1536.620	1550.045	speaker#B	쏘/ 이/ 쌍둥이화된 그런 이미지를 가지고 함께 n/ 참여하는 이런 형태로 어/ 즐기고 있는데요. 지금 (4회)/(사 회) 째밖에 진행이 안 /os2 됐습니다만은 /oe 매 회 이/ 활성화되어 가고 있습니다.
1546.610	1547.190	speaker#A	/os2 [네.(BC/continuer)] /oe
1550.089	1554.869	speaker#A	아/ 점점 정말 큰 축제로 n/ 발전해 나가길 저도 응원하겠습니다.
1554.885	1556.432	speaker#A	/os1 한 쌍둥이의 일원으로서. /oe
1554.940	1555.795	speaker#B	/os1 네. 고맙습니다. /oe
1556.436	1559.136	speaker#B	n/ 내년 n/ 내년에는 꼭 좀 참여를 /os1 해주세요. /oe
1558.506	1559.957	speaker#A	/os1 아. 네. /oe 진짜 저는
1559.959	1560.218	speaker#B	[네.(BC/continuer)]
1560.224	1568.935	speaker#A	이 전에는 몰랐거든요. /os1 좀 /oe 죄송한 말씀이지만 이제 알았으니까 내년에는 저의 동생 손을 n/ 잡고 한번 n/ 단양에 같이 가도록 하겠습니다.
1561.694	1562.079	speaker#B	/os1 [음.(BC/continuer)] /oe
1568.937	1573.502	speaker#B	그리고 우리 자치 (TV)/(티브이)에서도 이 축제 많이 홍보를 좀 해주세요.
1573.587	1583.010	speaker#A	어/ 네, 제가 널리 친구들한테 계속 n/ 알리겠습니다. 아하하하 네/ 그렇다면 이제 n/ 군수님의 정책에 관한 이야기로 n/ 넘어가 보도록 하겠습니다.
1583.355	1592.978	speaker#A	n/ 크게 (4가지)/(네 가지)의 약속을 하셨는데요. 순서대로 이야기를 나눠볼게요. 작년에 이어서 올해에도 한국 경제를 빛낸 인물에 선정되셨습니다.
1593.326	1600.550	speaker#A	그리고 가장 n/ 신뢰받는 (CEO)/(씨이오) 대상 시상식에서 (3년)/(삼 년) 연속으로 경영 혁신 부문 대상을 수상하셨는데요.
1600.854	1608.057	speaker#A	이거는 군수님이 추진하고 있는 체류형 n/ 관광도시 비전 실현이 좋은 평가를 받았기 때문으로 생각됩니다.
1608.428	1615.298	speaker#A	관망형 n/ 관광에서 벗어나서 이/ 체류형 관광지로 단양을 가꾸기 위해 그동안 정말 많은 노력을 하셨죠.
1615.790	1628.141	speaker#B	저도 어/ 이/ 단양이 (10000000)/(천만) 관광 시대로 변해가고 있는 모습을 보고 많은 분들이 칭찬을 해주시고 계셔서 상당히 기쁜 하루하루를 보내고 있습니다.
1628.166	1628.620	speaker#A	[네.(BC/continuer)]
1629.270	1640.691	speaker#B	네/ 아시다시피 우리 단양은 충북에서도 최북단에 위치해 있고, 어/ 또 인구는 (30000)/(삼만) 밖에 되지 않는 조그마한 자치단체입니다.
1641.681	1649.198	speaker#C	아/ 그리고 전체 면적 중에서 임야가 차지하는 면적이 무려 (82%)/(팔십 이 프로)가 /os2 넘고 예. /oe
1648.020	1649.181	speaker#A	/os2 [아/ 정말요?(BC/request confirmation)] /oe
1650.031	1655.076	speaker#B	이 경지 면적이라고 하더라도 전체 면적의 한 (7%)/(칠 프로) 조금
1655.088	1655.675	speaker#A	[음.(BC/continuer)]
1656.843	1666.833	speaker#B	밖에 /os2 되지 않는 /oe 이런 작은 면적을 가지고 있습니다. 아/ 그리고 이/ 석회석 외에는 우리 지역에서 생산되는 자원도 하나 없는 곳입니다.
1657.573	1657.923	speaker#A	/os2 [네.(BC/continuer)] /oe
1667.234	1684.109	speaker#B	그리고 앞서 말씀을 드렸지만 이쪽은 협곡에 위치하고 있어서 이/ 공장 하나 지을 수 있는 나대지도 (1필지)/(한 필지) 없는 곳이고, 주변에 인력시장이나 또 소비시장도 없기 때문에 우리 단양은 다른 지역과 같이 상공업을 중심으로
1684.541	1693.531	speaker#B	그 지역을 발전시킬 수 있는 그런 기반을 갖지 /os2 못하는 지역입니다. /oe 어/ 어떻게 보면 상당히 n/ 막막하죠. 그러나 다행히도 우리 지역은
1687.801	1688.281	speaker#A	/os2 [네.(BC/continuer)] /oe
1694.034	1708.853	speaker#B	이 소백산 월악산 (2개)/(두 개)의 국립공원이 n/ 있고 또 이 (2개)/(두 개)의 명산에서 아/ 이/ 파생되는 이/ 천혜의 관광 자원들이 있습니다. 그래서 우리 단양은 이러한 n/ 자연경관을 기반으로
1709.343	1724.000	speaker#B	열정적으로 어/ 체험시설들을 하나하나 정성스럽게 만들어가고 있고 또 문화예술 축제, 스포츠 축제를 활성화해 가면서 또 지역의 명품 농산물을 이용해서 향토 음식을 개발해 나가고 있습니다.
1724.649	1729.979	speaker#B	아/ 그리고 우리 전통시장 이/ 단양에서 구경시장이라고 그러는데요.
1730.003	1731.051	speaker#A	/os2 구경시장요? /oe
1730.703	1745.411	speaker#B	/os2 예. /oe 이 구경시장을 활성해서 쇼핑 공간으로 /os2 조성하고 있고 /oe 또 단양에 오시는 분들이 이/ 오붓한 저녁 시간을 즐길 수 있도록 야경 n/ 사업을 대대 n/ 적으로 만들어가면서 숙박업소를 잘 정비해 가고 있습니다.
1733.947	1734.647	speaker#A	/os2 [아.(BC/understanding)] /oe
1746.219	1765.220	speaker#B	이제 이런 형태로 하다 n/ 보니까 과거에 단양에 와서 구경만 하던 단조롭고 관망형이던 그런 관광형태에서 n/ 벗어나 이제 체험도 하고 각종 축제 함께 즐기고 또 맛있는 음식도 먹고 또 재래시장을 통해서 /os1 쇼핑도 /oe 하고
1764.039	1764.299	speaker#A	/os1 [네.(BC/continuer)] /oe
1765.843	1779.170	speaker#B	또 밤에 야경도 즐기면서 편안히 쉬어갈 수 있는 이런 여건이 하나하나 갖춰짐에 따라서 많은 관광객들이 찾아오시고 있고 (10000000명)/(천만 명) 관광 시대를 n/ 맞이하고 있는 것입니다.
1779.223	1780.014	speaker#A	/os2 [그러니까요.(BC/affirmative)] /oe
1779.745	1796.946	speaker#B	/os2 네. /oe 이렇게 관광이 또 어/ 활성화되다 보니까 우리 식재료로 지역에 농산물이 많이 소비가 돼요. 그리고 이분들이 돌아가실 때에 우리 공산품이 없는 지역에는 우리 농산물 또 농산물 가공품을 n/ 선물로 가져가시거든요.
1797.500	1805.030	speaker#B	그래서 우리 농업도 함께 발전을 n/ 하고 있습니다. 이뿐만 아니라 시장이 활성화되면서 창업이 증가하고 /os2 있고요. /oe
1804.298	1804.948	speaker#A	/os2 [음.(BC/continuer)] /oe
1805.453	1814.073	speaker#B	또 각종 이/ 체험시설들이 계속 증가해 나감으로 n/ 인해서 많은 고용 인력이 필요하잖아요. 그래서 일자리도 계속 늘어나가고 있습니다.
1814.807	1832.073	speaker#B	에/ 뿐만 아니라 우리 n/ 관광도 수입도 많이 발생되고 있습니다. 이 입장료 사용료 수입 연간 거둬지는 게 지금 한 (9000000000원)/(구십억 원) 대가 대가 /os2 되가는데요. /oe 이렇게 많은 재원이 확보됨으로써 이 재원이 재투자 비용으로도 쓰여지지만은
1824.797	1825.472	speaker#A	/os2 [아.(BC/continuer)] /oe
1832.868	1844.948	speaker#B	또 이/ 복지사업 등과 같은 다른 분야에 옮겨져서 활용이 되기 때문에 n/ 에/ 이/ 체류형 관광 사업이야말로 저는 이/ 종합적인 발전 전략 사업이고
1845.387	1855.104	speaker#B	또 미래 지향적인 사업이다. 그래서 이 사회를 하나로 통합하는 이런 기능을 갖는 좋은 사업이다. 이렇게 생각을 n/ 하고 있습니다. /os1 그리고 /oe
1854.473	1855.058	speaker#A	/os1 [네.(BC/continuer)] /oe
1855.869	1871.849	speaker#B	어/ 저희들이 지금 열정을 다해서 이/ 조성에서 많은 사람들이 찾아오고 있는 이/ 만천하(skywalk)/(스카이워크) 또 (alpine)/(알파인) (coaster)/(코스터), (zipline)/(집라인), n/ 단양강 잔도 수양개빛터널 뭐/ 이런 시설들 외에
1872.248	1878.009	speaker#B	지금도 저희들이 이/ 북부 지역에 민물고기 축양장을 만들고 /os2 있고, /oe
1877.735	1878.000	speaker#A	/os2 [아.(BC/continuer)] /oe
1878.831	1883.286	speaker#B	또 이 북벽 일원에 n/ 테마파크도 조성해 /os1 나가고 있고, /oe
1882.301	1883.230	speaker#A	/os1 [아! 정말요? (BC/request confirmation)] /oe
1883.987	1903.534	speaker#B	또 이/ 우여곡절 끝에 탄생이 된 단양호 수변 관광 /os2 조성을 위해서 /oe 지금 계류장도 이/ 조성을 해나가고 있고 또 앞으로 한 (2년)/(이 년) 후면은 중앙선 복선화 전철이 완공이 되는 시기에 맞춰 n/ 개장이 될 이/ 소백산 (rail bike)/(레일바이크) 사업
1889.222	1889.822	speaker#A	/os2 [음.(BC/continuer)] /oe
1903.644	1906.059	speaker#A	어/ /os2 너무 좋을 것 같은데요. 네. /oe
1904.003	1915.793	speaker#B	/os2 그리고 소백산 케이블카 사업들이 /oe 순차적으로 진행이 될 계획으로 있습니다. 아마 이런 시기가 되면은 이/ 지금 활성화되고 있는 패러글라이딩과 함께 어우러져서
1916.363	1933.061	speaker#B	명실공히 우리 단양만이 갖는 물길과 땅길, 하늘길이 하나의 선으로 연결되는 이런 관광 형태가 n/ 조성될 것입니다. n/ /os1 예/ /oe 그러나 이제 이런 기반 시설 마련 또 체류형 관광시설의
1927.603	1928.338	speaker#A	/os1 [아.(BC/continuer)] /oe
1933.469	1939.281	speaker#B	이/ 마련도 중요하지만 /os1 가장 /oe 중요한 것은 저는 우리 군민들의 자세라고 생각을 합니다.
1934.794	1935.014	speaker#A	/os1 [네.(BC/continuer)] /oe
1939.400	1941.395	speaker#A	아/ n/ /os2 어떤 n/ 자세가 좋을까요? /oe
1940.020	1950.270	speaker#B	/os2 예/ n/ 아무리 좋은 /oe 시설을 해놓고 좋은 기반을 마련했다 하더라도 우리 군민들이 친절하지 않고 /os1 찾아오시는 /oe 분들에게 사랑을 n/ 주지 /os2 않으면은 이 /oe
1947.050	1947.650	speaker#A	/os1 [음.(BC/continuer)] /oe
1949.390	1950.280	speaker#A	/os2 [아. 맞습니다.(BC/affirmative)] /oe
1950.313	1958.828	speaker#B	관광은 활성화되지 못하기 /os1 때문입니다. /oe n/ 그래서 저는 금년에 n/ 특별히 더 관심을 가지고 우리 군민들의 의식 변화를 위한
1951.768	1952.278	speaker#A	/os1 [네.(BC/continuer)] /oe
1959.238	1962.498	speaker#B	이런 교육 분야에 더 치중을 할 n/ 그런 생각을 가지고 있습니다.
1962.579	1975.608	speaker#A	아/ 이/ 관광을 n/ 그냥 n/ 관광으로만 그치지 않고 또 군민들의 자세까지 신경 쓰시는 모습에서 n/ 그래서 이렇게 상도 받으시고 단양이 계속해서 n/ 발전해 나가는 게 아닐까 n/ 하는 생각이 드네요. 네.
1975.891	1984.966	speaker#A	요즘 n/ 또 (SNS)/(에스엔에스)를 보면요. 그/ 아주 예쁜 장소에 가서 사진을 찍는 게 인생 사진 찍는 거라고 해서 아주 유행입니다.
1985.262	1995.642	speaker#A	그래서 벽화마을 동화마을이 인기 있는 곳이 굉장히 n/ 많은데요. 단양에는 별다른 동화마을이 있습니다. 이/ 이름이 참 예쁜데 어떤 사업인가요?
1996.723	2007.223	speaker#B	예/ n/ 지금 우리 n/ 마을마다 이제 n/ 계속해서 이/ 활성화시켜 나가고 있는데요. 현재 잘 조성된 곳 대표적인 곳을 하나 말씀을 드리려면
2007.703	2018.312	speaker#B	이/ 구단양 지금의 단성 상방리 일원에 가면은 한 (500m)(오백 미터) n/ 되는 뒤 골목을 /os2 저희들이 /oe 잘 조성을 해놨습니다.
2015.838	2016.208	speaker#A	/os2 [어. 네.(BC/continuer)] /oe
2019.223	2028.708	speaker#B	n/ 이/ 과거에는 이웃 주민 외에는 다녀가는 사람이 없었는데 이 거리를 우리 지역의 이/ 아름다운 풍광
2029.604	2036.799	speaker#B	또 이 애니메이션 캐 캐릭터 같은 거 또 그 다음에 우리 단양의 명승지
2038.062	2054.625	speaker#B	또 이런 것들을 소재로 해서 아름다운 그림을 잘 조성을 /os1 해놓으니까. /oe 아/ 또 n/ 휴대폰 핸드폰을 가지고 어/ 촬영하시는 분들이 주말이면 이 골목으로 /os2 몰려들고 /oe 있습니다. 그래서 아름다운 구간이 되고 있습니다.
2041.307	2042.082	speaker#A	/os1 [음.(BC/understanding)] /oe
2049.072	2049.636	speaker#A	/os2 [하.(BC/assessment)] /oe
2055.020	2069.492	speaker#A	이 벽화 n/ 마을이 사진 찍고 하기에는 참 n/ 좋은데 이게 또 n/ 문제가 거기에 살고 계시는 분들이 이/ 관광객으로 인한 피해를 입기도 하더라고요. 그런 건 없게끔 단양을 찾으시는 분들이 조금만 주의해 주시면 좋을 것 같네요.
2069.913	2076.729	speaker#A	네/ 또 n/ 온달 관광지부터 성골까지 느림보 생태유람지도 조성 중이라고 들었습니다.
2077.083	2088.629	speaker#B	예/ 이/ 이 구간은 어디냐 하면은 n/ 우리 소백산 자락을 타고 내리는 계곡수의 맑은 물이 흘러가는 지천이 여러 군데가 있습니다.
2088.639	2088.937	speaker#A	[네.(BC/continuer)]
2088.946	2096.559	speaker#B	그 중에서 가장 유수량이 많고 아름다운 경관을 이루고 있는 데가 바로 우리가 남천계곡이라고 하는 덴데요.
2097.099	2103.697	speaker#B	이/ 영춘면 일원에 소재하고 있습니다. 아/ 근데 하류에는 온달 관광지가 있고
2103.735	2104.117	speaker#A	[네.(BC/continuer)]
2104.207	2113.044	speaker#B	네/ 또 이 마을에는 어/ 이 계곡에는 (2개)/(두 개)의 마을이 이/ /os2 거주하고 있고 /oe 또 많은 펜션들이
2110.157	2111.232	speaker#A	/os2 인접되어 네. /oe
2113.426	2128.246	speaker#B	이곳에 위치를 하고 있습니다. 때문에 이 아름다운 또/ 물을 찾아서 또 아름다운 계곡의 풍광을 즐기려고 많은 분들이 찾아오고 계시는데 에/ 이곳에 오시는 분들이 이/ 좋은
2128.746	2134.378	speaker#B	이/ 산책을 좀 하고 싶어도 이/ 뚜렷한 산책로가 없어 불편을 많이 겪어 왔습니다.
2134.827	2151.305	speaker#B	그래서 이번에 (1차)/(일 차)적으로 한 (1km)/(일 킬로) 조금 넘는 지역 (1차)/(일 차)적으로 조성을 하는데 이렇게 해놓으면 이제 온달 관광지와 또 이 계곡 중에서 가장 아름다운 성골을 잇는 이런 이/ 탐방로가 개설이 될 겁니다. 그러면은 이/
2151.639	2164.384	speaker#B	이 계곡을 찾는 분들이나 또 이 펜션에 가서 투숙을 하시는 분들 아침에 일찍 일어나 맑은 공기 마시면서 n/ 아주 상쾌한 기분을 맛볼 수 있는 아마 이런 여건이 조성이 될 것으로 생각을 합니다.
2165.226	2180.558	speaker#A	요즘 뭐/ 제주에도 오름이다라고 n/ 해서 걸으러 가시는 분들 /os2 많은데 /oe 그 단양에서도 걸을 수 있는 좋은 길이 조성되는 거군요. 좀 많은 분들이 좋아하실 것 n/ 같아요. 그 강에 그냥 묵기만 하는 게 아니라 산책도 할 수 /os2 있으니까. /oe
2169.775	2170.180	speaker#B	/os2 [그렇죠.(BC/affirmative)] /oe
2180.160	2194.821	speaker#B	/os2 예/ 저희들이 /oe 이/ 이런 느림보 생태 탐방로를 많이 만들고 있습니다. /os1 앞서 말씀드린 대로 /oe n/ 상중하선암이 있는 서남계곡에도 잘 /os1 조성이 /oe 되어 있고요, 또 백두대간 탐방로도 만들고 있고
2186.976	2188.141	speaker#A	/os1 아 그거 말고도. /oe
2191.086	2191.591	speaker#A	/os1 [음.(BC/continuer)] /oe
2195.436	2206.715	speaker#B	또 아름다운 이/ 요 호수를 어/ 둘러볼 수 있는 (32km)/(삼십 이 킬로) 둘레길이 지금 한창 조성되는 등 n/ 이/ 많은 또 이/ 탐방로를 저희들이 조성해 나가고 있습니다.
2206.745	2217.971	speaker#A	네/ n/ 완성되면 정말 아름다울 것 같습니다. 하루빨리 완성됐으면 좋겠고요. 이제 둘째로 활력 n/ 넘치는 지역 경제를 구현하겠다고 약속을 또 하셨는데요.
2218.333	2226.855	speaker#A	크게는 도로망이나 이/ n/ 스포츠 인프라를 구축하는 데 진행을 하고 계십니다. 이렇게 되면 단양 군민들이 정말 좋아하실 것 같아요.
2227.333	2232.832	speaker#B	이/ 체류형 관광 사업을 하는 데 있어서 가장 중요한 게 접근성의 문제입니다. 에/ n/ 우리 단양은
2233.727	2244.729	speaker#B	이/ 서울에서 한 (2시간)/(두 시간) 소요되는 그런 구간에 위치해 /os1 있고 /oe 또 우리 단양을 중심으로 동해안과 서해안이 /os1 각각 /oe (1,2시간)/(한 두 시간)대에 연결이 돼 /os1 있습니다. /oe
2237.387	2237.817	speaker#A	/os1 [네.(BC/continuer)] /oe
2241.877	2242.552	speaker#A	/os1 [음.(BC/continuer)] /oe
2244.302	2246.584	speaker#A	/os1 하. 정확히 /oe 가운데에 /os1 있군요. /oe
2245.916	2260.125	speaker#B	/os1 네. /oe 그리고 남쪽으로는 이/ 대구가 (1,2시간)/(한 두 시간)대 거리에 있는데요. n/ 또 지금 영천에서 우리 도당 구간을 연결하는 중앙선 복선화 전철이 한참 시행 중에 있는데,
2260.524	2278.896	speaker#B	아마 (2년)/(이 년) 후에 이 구간이 완공이 되면은 아/ 서울에서 우리 단양까지 (1시간)/(한 시간)대 n/ 접근이 가능하게 /os1 될 것이고 /oe 또 영호남에서도 우리 지역에 (2시간)/(두 시간) 내지 (3시간)/(세 시간)대면 우리 지역에 접근할 수 있는 이/ 그런 단 편리성을 제공하게 될 것입니다.
2268.084	2269.299	speaker#A	/os1 [아. 네.(BC/continuer)] /oe
2279.666	2287.462	speaker#B	그리고 이 스포츠 인프라는 우리가 체류형 관광에 n/ 없어서는 안 될 중요한 한 축이 되고 있는 것입니다.
2288.037	2303.518	speaker#B	이 관광만 하기에는 너무 단조로운 형태이기 때문에 에/ 우리 지역에 와서 이/ 체육 행사 같이 참여해서 즐기고 관광도 하는 이런 형태로 발전을 해야 되거든요. 그래서 우리는 이/ 엘리트 체육 분야보다는
2304.041	2316.413	speaker#B	이/ 생활 체육 분야로 /os2 많이 관심을 가지고, /oe 예, 그리고 어린이나 청소년 또 여성을 대상으로 /os2 해서 /oe 이/ 가족 단위로 참여할 수 있는 환경을 만들어 가면서
2305.876	2307.806	speaker#A	/os2 많은 사람이 즐길 수 있게요. /oe
2312.336	2312.871	speaker#A	/os2 [음.(BC/continuer)] /oe
2316.970	2321.308	speaker#B	경기 방식도 토너먼트보다는 리그전으로 n/ 개최함으로서
2321.382	2322.364	speaker#A	많이 할 수 /os2 있게. /oe
2321.991	2336.017	speaker#B	/os2 예. 많은 /oe 분들이 n/ 대회 기간 내내 단양에 머물 수 있도록 이런 형태로 체육을 발전시켜가고 있습니다. 때문에 체육 행사도 활성화되고 관광도 또 활성화되는 이런 효과를 동시에 거둬가고 있는데요.
2336.631	2342.750	speaker#B	어/ 우리 좁은 지역에 비하면은 이/ 스포츠 인프라가 비교적 잘 돼 있는 곳이 우리 /os1 단양입니다. /oe
2341.926	2342.706	speaker#A	/os1 [음.(BC/understanding)] /oe
2343.154	2351.335	speaker#B	아/ 그러나 우천시나 겨울 어느 때든 와서 즐길 수 있게 하기 위해서 저희들이 하나하나 실내 경기 n/ 장을 지금 만들 옮겨가고 있는데요.
2351.876	2361.561	speaker#B	아/ 지금 저희들 실내 족구장 또 실내 배드민창 민턴장. 그리고 이 국궁장 등을 지금 한창 조성 중에 있습니다.
2362.208	2370.841	speaker#A	네, 군수님 이 지역 경제 활성화하면 창업 얘기를 또 빼놓을 수가 없는데요. 요즘은 창업을 하려는 청년이 많이 늘고 있습니다.
2371.047	2374.912	speaker#A	이/ 청년 예비 창업자들의 지원 정책은 따로 있으신가요? n/
2375.571	2394.864	speaker#B	예, 우리 군에서는 이/ 청년들의 자립을 돕고 또 이/ 가게를 이어나가게 하기 위해서 이/ 청년 창업공간 지원 사업을 확대 실시해 나가고 있습니다. 이/ 금년에도 어/ 저희들이 이/ (8분)/(여덟 분)을
2395.294	2410.611	speaker#B	그 대상자로 선정해서 지금 지원을 하고 있는데 주로 이분들의 업종을 보면은 이/ 기념품이라든가 또 우리 관광 n/ 상품 또 베이커리 뭐 이런 분야에 많이 관심을 가지고 창업을 하고 계세요.
2410.981	2418.958	speaker#B	이런 사업들이 앞으로 창업이 돼서 활성화하게 되면은 우리 또 단양을 알릴 수 있는 좋은 /os2 에/ /oe 이/ 직업이기 때문에
2416.247	2416.927	speaker#A	/os2 [그렇죠.(BC/affirmative)] /oe
2418.968	2419.341	speaker#A	[네.(BC/continuer)]
2419.350	2429.072	speaker#B	굉장히 효과가 높으리라고 이렇게 생각을 합니다. 그래서 어/ 이분들이 신청하시는 분들을 한번 파악을 해 보니까,
2429.634	2439.145	speaker#B	관내 계시는 분이 한 절반 정도 되고 외지에 계시는 분이 한 절반 /os2 정도가 한 /oe (50%)/(오십 프로) n/ 정도가 단양으로 주거를 옮겨서
2435.523	2436.458	speaker#A	/os2 [아 정말요?(BC/request confirmation)] /oe
2439.166	2439.562	speaker#A	[네.(BC/continuer)]
2439.708	2456.212	speaker#B	이 창업을 희망하시는 분들이 계세요. 어/ 그래서 이 사업이 이제 활성화되어 가게 되면은 어/ 인구도 증가하고 또 /os1 지역 경제도 /oe 활성화되는 마/ 이런 형태로 발전할 수 있겠구나 생각을 하고 앞으로 계속 계속 활성화시켜 나갈 그런 n/ 계획있습니다.
2448.093	2448.712	speaker#A	/os1 [그러게요.(BC/continuer)] /oe
2456.385	2465.195	speaker#A	어/ 근데 이/ n/ 지원 청년 절반이 타 지역에서 왔다는 n/ 얘기가 좀 놀랍습니다. 정말 지역 인구 유입에 큰 역할을 하고 있는 것 같네요.
2465.780	2475.608	speaker#A	다음으로 공약을 하신 분야가 살 맛 나는 농업 농촌 분야입니다. 농업은 아주 기본적인 (1차)/(일 차) 산업이면서 또 우리 삶에 없어서는 안 될
2475.689	2486.622	speaker#A	중요한 n/ 산업인데요. 그런데 문제는 고령화죠. 이/ 청년들의 귀농 귀촌과 관련해서 어떻게 생각하십니까? 단양군의 귀농 귀촌 n/ 정책이 있다면 뭐가 n/ 있을까요?
2487.010	2496.200	speaker#B	n/ 네/ 이/ 앞서서 우리 농촌이 안고 있는 구조적인 문제 이/ 고비용 또 저 판매 /os2 현상 /oe 말씀을 드렸는데,
2494.445	2494.915	speaker#A	/os2 [응.(BC/continuer)] /oe
2496.662	2513.256	speaker#B	그중에서 n/ 가장 문제가 되고 있는 게 n/ 우선 인력에 대한 문제라 할 수 있습니다. 지금 우리 농촌이 이/ 저출산 또 도시의 이주 현상 /os1 또 /oe 급속한 노령화 등으로 인해서 농촌 인력이 급감을 하고 있는 게 제일 큰 문제라고 할 수가 있습니다.
2506.722	2507.067	speaker#A	/os1 [네.(BC/continuer)] /oe
2513.798	2531.958	speaker#B	이런 문제에 대응하기 위해서 우리 군에서 어/ 외국에 이제/ 그/ 에/ 나가서 또 자매 결혼도 실시하고 또 협약을 하는 등 이렇게 농촌 이/ 근로자를 유입하기 위한 노력을 n/ 해나가고 있습니다. 그리고
2532.398	2541.964	speaker#B	무엇보다도 가장 바람직한 것은 이 도시에 있는 이/ 젊은 분들이 이/ 농촌으로 와서 /os2 아/ 같이 /oe 생활하면서
2540.189	2540.737	speaker#A	/os2 [그렇죠.(BC/affirmative)] /oe
2542.458	2554.899	speaker#B	이/ 영농을 하는 이런 형태가 돼야 인구도 /os2 증가하고 /oe 우리 농촌도 활력을 띄게 되거든요. 그래서 귀농 귀촌 정책에 대해서 특별히 우리 군도 관심을 가지고 접근을 하고 있는데요.
2545.648	2546.148	speaker#A	/os2 [네.(BC/continuer)] /oe
2555.658	2568.558	speaker#B	우선 이 현상을 알아야지 이/ 귀농을 하든 귀촌을 하든 결정을 할 거 아니겠습니까? 그래서 매년 에/ 저희들이 이분들을 대상으로 해서 교육을 실시하고 있습니다.
2568.818	2577.854	speaker#B	그래서 우리 지역이 어떤 데며 또 어떤 형태의 농업이 존재하는지 또 간단한 영농 기술도 익히는 뭐 이런 교육을 실시하고 있고,
2578.532	2592.771	speaker#B	또 그 이후에 그런 또 교육을 받은 분들이 아/ 우리 단양에 와서 살아야 되겠다. 라고 결정하신 분들을 대상으로 해서 저희들이 그 귀농인의 집이라고 하는 이런 공간도 /os2 마련했습니다. /oe 그래서 거기에서 와가지고
2590.616	2591.256	speaker#A	/os2 [아.(BC/continuer)] /oe
2592.770	2593.135	speaker#A	[네.(BC/continuer)]
2593.135	2599.395	speaker#B	생활을 /os2 하시면서 예. /oe 한 n/ (6개월)/(육 개월) (1년)/(일 년) 단위로 직접 농사를 지어보시고 체험을 합니다.
2594.080	2595.210	speaker#A	/os2 체험을 하는 거군요. /oe
2599.878	2602.958	speaker#B	그래서 자기가 가능성이 있다고 하는 분은 이제 거기에
2602.937	2603.513	speaker#A	/os2 남아서 /oe
2603.231	2609.771	speaker#B	/os2 예. /oe 네/ 이주를 해 /os2 오시거든요. /oe 또 이분들이 처음 와서 옮겨와서 사는 데 어려움이 많잖아요.
2605.206	2605.686	speaker#A	/os2 [네.(BC/continuer)] /oe
2609.789	2611.129	speaker#A	그렇죠. /os2 막막하죠. /oe
2610.534	2622.437	speaker#B	/os2 그래서 /oe 이/ 순기능을 가지고 이/ 생활하실 수 있도록 저희들이 정착 지원금이라고 해서 (3년)/(삼 년) 동안 매월 (1000000원)/(백만 원)씩 /os1 지원을 /oe 해드리고 있고,
2620.506	2620.866	speaker#A	/os1 [어.(BC/continuer)] /oe
2621.751	2622.431	speaker#A	[음.(BC/continuer)]
2622.456	2637.413	speaker#B	또 자기 자본이 없이 귀촌하시는 분들을 위해서 농지를 마련할 수 있는 비용 한 (300000000)/(삼 억)까지 저희들이 이/ 저리로다가 아/ 또 예/ 지원해주는 이런 /os1 정책을 /oe 병행하는 등 n/ 많은 노력을 하고 있습니다.
2634.241	2634.651	speaker#A	/os1 [네.(BC/continuer)] /oe
2637.903	2651.270	speaker#A	어/ 정말 많은 분들이 귀농하시겠네요. 이정도면 n/ 하하하하하하흐. 네/ 게다가 또 농업에 종사하고 있는 군민들을 위해서 농기계도 임대를 해주고 또 마을 공동급식소도 운영을 하고 있다고 들었습니다.
2651.718	2661.438	speaker#B	네/ 앞서서 제가 우리 농업 농촌이 갖고 있는 구조적인 문제에 n/ 대해서 말씀을 드렸는데요, 어/ 그중에 또 중요한 게
2661.917	2672.798	speaker#B	우리 전통 이/ 영농 재배 방식에서 벗어나서 이/ 농가의 소득을 기하기 위해서는 이/ 기계화가 시급한 문제가 되고 있습니다.
2673.045	2684.406	speaker#B	아/ 그러나 우리 농민들이 자기가 필요한 농기계를 전부 개별적으로 구입하는 데는 많은 비용이 들어가기 /os1 때문에 /oe 에/ 불가능한 거 아니겠습니까? 그래서 우리 군에서
2680.095	2680.785	speaker#A	/os1 [네.(BC/continuer)] /oe
2684.769	2694.669	speaker#B	이런 문제를 해결하기 위해서 필요한 농기계들을 미리 구입을 해서 필요한 분들에게 이/ 대여를 해주는 이런 사업을 추진하고 있는데
2695.188	2711.053	speaker#B	에/ 우리 n/ 농업기술원이 소재하고 있는 지역을 중심으로 활성화시켜 나가고 있고 또 지금은 북부와 남부 지역에 농기 n/ 임대사업소를 각각 설치를 해서 어/ 이곳에 거주하시는 분들을 위해
2711.350	2731.322	speaker#B	n/ 농기계 임대 사업을 실시하고 있습니다. 물론 최소한의 아주 적은 비용만 들이면은 누구나 쉽게 n/ 빌려다 쓸 수 있는 n/ 뭐/ 이런 방식으로 운영을 하고 n/ 있는데요. 그러나 이 농번기에 에/ 사용량이 /os2 집중되면서 /oe 이 n/ 농기계의 부족 현상이 항상 나타날 수 밖에 /os1 없습니다. /oe
2727.267	2727.807	speaker#A	/os2 [음.(BC/continuer)] /oe
2730.682	2731.277	speaker#A	/os1 [네.(BC/continuer)] /oe
2731.823	2746.363	speaker#B	그래서 앞으로 각 지역마다 이 농기 임대 사업소가 하나씩은 다 있어야 n/ 되겠다. 이렇게 생각을 하고 저희들은 매년 이 농기 임대사업소를 만들어가는 계획을 추진하고 있습니다. 그래서 n/ 내년에는
2746.983	2756.260	speaker#B	우리 단양 이/ 적성면 북부 지역과 또 이/ 매포 지역 인원을 담당할 농기 임대사요 사업소.
2756.822	2760.080	speaker#B	저희들이 신축할 계획을 준비 중에 있습니다.
2760.558	2768.163	speaker#A	n/ 아/ 네/ 진짜 워낙 고가이기 n/ 때문에 이렇게 임대를 해주는 n/ 사업이 농민분들께는 굉장히 n/ 큰 힘이 될 것 같습니다.
2768.166	2774.673	speaker#B	네. 그리고 어/ 마을 /os2 공동급식소 어 /oe 어/ 말씀을 하셨는데요.
2771.801	2772.831	speaker#A	/os2 어/ 네 그렇죠. /oe
2775.314	2782.983	speaker#B	이 농번기가 되면은 참 일손 하나가 소중한 시기입니다. 그래서 온 가족이 영농에 집중을 하게 되는데요.
2783.771	2796.871	speaker#B	이/ 식사 문제로 인해서 한 가정의 주부 한 n/ 분씩은 제대로 영농에 참여할 수 없는 /os1 이런 /oe 분위기가 형성돼 왔어요. 그래서 우리 군에서는 이런 문제를 해결해 드리고
2790.012	2790.292	speaker#A	/os1 [네.(BC/continuer)] /oe
2797.151	2808.229	speaker#B	모든 가족의 영농에만 집중할 수 있도록 환경을 조성해 드려야 되겠다. 에/ 이렇게 생각을 하고 우리 마을 단위 공동급식소를 운영을 하고 n/ 있습니다.
2808.295	2808.700	speaker#A	[네.(BC/continuer)]
2808.718	2821.714	speaker#B	네/ 식사를 하시는 도우미를 배치를 n/ 해서 공동으로 식사할 수 있는 이런 여건을 만들어 드리고 있기 때문에 이분들이 식사에 대한 걱정 없이 /os1 네. 하루 종일 영농에 또 /oe 이 종사 할 수 있습니다. 그리고
2817.718	2819.975	speaker#A	/os1 그렇죠. 농업에만. /oe
2822.167	2830.228	speaker#B	특히 농번기는 너무 바쁜 철이라 이웃과 함께 이제/ 마주 대화를 하는 시간이 거의 /os2 없거든요. /oe
2829.677	2830.227	speaker#A	/os2 [네.(BC/continuer)] /oe
2830.479	2849.436	speaker#B	그러나 이런 기회가 이제 마련됨으로 인해서 어/ 일하다 점심 때 같이 모여서 또 영농에 대한 어떤 /os2 정보도 서로 교 /oe 교환하고 정을 나누는 /os1 또 /oe 이런 분위기가 확산되면서 아/ 이/ 이 급식소를 희망하는 그런 마을이 n/ 계속 증가해 가고 있습니다.
2838.140	2839.130	speaker#A	/os2 대화도 나누고 /oe
2841.044	2841.539	speaker#A	/os1 [네.(BC/continuer)] /oe
2849.760	2860.479	speaker#A	어/ 정말 여러모로 문화적인 n/ 측면에서도 굉장히 도움이 되는 사업인 것 같네요. 이렇게 n/ 군민에게 도움이 되는 사업이기 n/ 때문에 몇 년째 n/ 계속해서 이어오고 있는 것 같고요.
2860.815	2877.163	speaker#A	이제 (4번째)/(네 번째)로 주민 복지 이야기를 나눠보도록 하겠습니다. 워낙 고령화 문제가 대두되다 보니까 이/ 어르신들의 건강을 n/ 유지하는 게 굉장히 중요합니다. 공공의료 서비스를 제공하기 위해서 단양군 보건의료원이 건립된다고 들었습니다.
2877.681	2878.114	speaker#B	예.
2879.330	2890.750	speaker#B	이/ 이 농어촌 의료 문제 지금 전국적인 문제로 확산돼 가고 있습니다. 이 농촌의 저출산 현상 또 이/ 도시로의 이주.
2891.250	2900.758	speaker#B	또 급격한 노령화 등으로 인해서 지금 농촌 환경이 취약해지면서 어/ 운영을 하고 있던 병원 의료원들이
2901.176	2915.049	speaker#B	또 하나씩 문을 닫아 가고 /os2 있습니다. /oe 뭐/ 우리 지역에도 어/ 잘 운영이 되던 그런 종합병원이 이/ (4년)/(사 년) 전 문을 닫는 사태가 발생 됐습니다. /os2 예. /oe
2902.581	2903.151	speaker#A	/os2 [네.(BC/continuer)] /oe
2913.986	2914.996	speaker#A	/os2 안타깝네요. /oe
2915.062	2927.502	speaker#B	너무나 오래된 이 경영 적자를 감내하지 못해서 /os1 문을 /oe 닫았는데요. 우리 군에서는 이런 갑작스러운 의료 공백 상황을 막아보기 위해서 우리 군에서
2919.342	2919.652	speaker#A	/os1 [네.(BC/continuer)] /oe
2927.821	2935.739	speaker#B	위탁 운영하고 있는 노인 요양병원에 그 기능을 확대하고 또 진료 과목 수를 늘리고
2935.747	2936.445	speaker#A	[음.(BC/continuer)]
2936.456	2943.334	speaker#B	또 이/ 종사 인원을 확대해가면서 응급의료체계를 갖추고 체계적으로 잘 운영을 해오고 있습니다.
2944.052	2955.172	speaker#B	그러나 이 완전한 이/ 응급체계는 갖춰지지 않기 때문에 우리 군민들이 의료에 대한 불안 심리는 지금도 계속 내재돼 오고 있는 게 사실입니다.
2955.652	2967.944	speaker#B	그래서 이런 문제를 해결하기 위해서는 이제 n/ 앞으로 이런 환경 속에서 이제 개인이 대응할 문제가 아니라 우리 공공에서 이 문제를 감당할 /os2 수밖에 /oe 없는 그런 환경이 되고 있거든요.
2965.457	2965.692	speaker#A	/os2 [음.(BC/continuer)] /oe
2968.387	2983.200	speaker#B	그래서 우리 n/ 군에서는 어렵지만은 우리 군이 이/ 국립의료원을 설립을 해서 이/ n/ 주민들에게 이런 복지 사업을 수행해야 되겠다. 하는 뜻을 가지고 어/ 여러모로 노력을 해왔습니다. 우여곡절 n/ 끝에
2983.750	2994.525	speaker#B	아/ 지난해 국비를 한 (2000000000)/(이십억) /os1 저희들이 /oe 확보를 했고 특히 우리 이시종 도지사님도 이 중요성을 같 함께 /os2 아/ 예. /oe 공감을 하고 인식하면서
2986.315	2986.890	speaker#A	/os1 [아.(BC/continuer)] /oe
2992.195	2993.208	speaker#A	/os2 공감을 하셨군요. /oe
2994.824	3002.350	speaker#B	n/ 적극적으로 지원 지원을 해주시고 계시기 때 때문에 에/ 이게 지금 착수가 됐고 이제 용역 중에 /os2 있습니다. /oe
3002.094	3002.804	speaker#A	/os2 [아. 네.(BC/continuer)] /oe
3002.782	3021.820	speaker#B	이제/ 의료원이 이제/ 지어지는 한 (2,3년)/(이 삼 년) 후가 되면은 어/ 우리 지역 주민들에 대한 n/ 의료 불안 심리는 물론 또 우리 과 단양을 찾아서 체류하시는 분들 /os1 걱정 없이 편하게 /oe 관광을 즐기고 가실 수 있는 그런 환경이 조성될 것으로 보입니다.
3014.947	3016.781	speaker#A	/os1 음. 그러게요. /oe
3021.965	3035.167	speaker#A	아/ 네/ 하루빨리 이 보건의료원이 건립되길 n/ 바랍니다. 그리고 대표적인 노인 질환이 치매인데요. 이 단양군에서 치매 어르신을 위한 n/ 노력을 굉장히 많이 하고 있다고 들었습니다. 어떤 노력을 하고 계신 건가요?
3036.013	3044.850	speaker#B	예/ 이제 이 농촌 지역이 특히 노령화 되어 n/ 가면서 이/ 치매를 앓고 계시는 분들이 계속 늘어만 가고 있습니다.
3045.656	3053.332	speaker#B	이 치매라고 하는 질환은 이/ 당사자의 문제를 떠나서 온 가족의 문제가 되고 있는 것입니다.
3053.842	3065.454	speaker#B	어/ 그렇기 때문에 이 치매가 발병했을 때 보다는 발병하지 않도록 /os2 어/ 예방을 하는 /oe 에/ 그런 아마 그 역할이 가장 중요하다고 생각을 해서
3059.487	3060.682	speaker#A	/os2 예방을 하는 게. /oe
3065.496	3065.849	speaker#A	[네.(BC/continuer)]
3065.936	3079.694	speaker#B	어 우리 군에서 (3년)/(삼 년) 전에 치매 n/ 안심센터를 /os1 설치를 /oe 해서 많은 그/ 전문인들을 투입을 해서 예방교육을 실시하고 있고 또 이 중요성을 인식하고 많은 분들이 참여를 하고 계십니다.
3068.996	3069.585	speaker#A	/os1 [음.(BC/continuer)] /oe
3080.302	3089.293	speaker#B	그리고 지금 또 이 (3층)/(삼 층) 규모로 치매 전문 n/ 병동을 저희들이 지금 /os1 에/ /oe 설립을 하고 /os2 있습니다. /oe
3087.123	3087.783	speaker#A	/os1 [아.(BC/continuer)] /oe
3088.742	3089.287	speaker#A	/os2 [네.(BC/continuer)] /oe
3089.568	3107.531	speaker#B	내년 상반기면은 아마 이/ 준공이 될 텐데요. 이렇게 되면은 이제/ 치매를 앓고 계시는 분들 또 치매를 걸리지 않도록 또 노력하시는 분들이 함께 접근할 수 있는 이런 체계적인 에/ n/ 이제 대응 태세 갖춰지리라고 봅니다.
3107.583	3120.310	speaker#A	n/ 어/ 정말 큰 도움이 될 것 같습니다. 치매를 n/ 치료하고 치료는 어렵겠지만 치매 어르신들을 돌보고 또 치매를 n/ 예방하는데 /os1 큰 /oe 도움이 될 센터 n/ 내년에 준공된다고 하니까요. 또 그 모습이 기대되기도 하네요.
3114.933	3115.163	speaker#B	/os1 [네.(BC/continuer)] /oe
3120.689	3133.521	speaker#A	또 n/ 저출산 문제를 해결하기 위한 정책들도 n/ 눈에 띄는데요. 출산 장려금을 확대 지원하신다고요. 이게 얼마나 확대가 되는 건지 또 다른 정책이 있다면 뭐가 있는지 함께 소개 부탁드립니다.
3133.781	3144.219	speaker#B	이/ 출산의 문제 정말 /os2 어려운 문제 중에 하나죠. /oe 어/ 이거는 우선 우리 군민들의 의식 변화가 n/ 선제돼야지 될 문제라고 생각합니다.
3135.701	3137.516	speaker#A	/os2 중요하죠 네. /oe
3144.705	3155.085	speaker#B	어/ 또 그리고 우리 자치단체의 역할도 중요하지만 무엇보다는 국가적인 대대적인 이/ /os1 제도 /oe 개선이나 n/ 이/ 관심이 더 필요한 분야라고 생각을 합니다.
3150.195	3150.665	speaker#A	/os1 [음.(BC/continuer)] /oe
3155.496	3172.704	speaker#B	아/ 우리 군에서도 이/ 출산을 하시는 또 이런 분들을 위해서 축하금도 이/ (1번째)/(첫 번째) 아이를 놓으면 (500000원)/(오십만 원) n/ 그다음에 (1000000원)/(백만 원) 또 셋째는 (1500000원)/(백 오십만 원) 이렇게 (500000원)/(오십만 원)씩 n/ 증가해 가면서 축하금도 드리고 있고
3173.156	3191.208	speaker#B	또 장려금도 둘째 아이를 놓으면은 (1200000원)/(백 이십만 원)을 /os2 드리고 /oe 또 셋째 아이는 n/ (2400000원)/(이백 사십만 원)을 드리는데 이렇게 n/ 높여가면서 지원을 해드리고 있습니다마는 아마 저희뿐만 아니라 어느 자치단체 /os2 자치단체에 /oe 대한 이런 노력을 하고 있어도 아마 나타나는 가시적인 n/ 효과는
3176.596	3177.131	speaker#A	/os2 [음.(BC/continuer)] /oe
3186.332	3187.001	speaker#A	/os2 [그렇죠.(BC/affirmative)] /oe
3191.220	3192.289	speaker#A	/os2 잘 늘지 않죠. /oe
3191.496	3196.575	speaker#B	/os2 상당히 /oe n/ 만족하지 못한 수준이 되고 있어서 n/ 안타깝다 할 수가 /os2 있습니다. /oe
3196.056	3196.511	speaker#A	/os2 [네.(BC/continuer)] /oe
3196.949	3215.269	speaker#A	n/ 이게 정말 군민들의 인식이 바뀌는 게 가장 중요한 문제인 것 같아요. 이렇게 꿈과 희망이 있는 살기 좋은 단양을 만들기 위해서 여러모로 애를 쓰고 계시는데요. 마지막으로 n/ 앞으로 단양군을 이끌어가는 데 있어서 군수님의 목표와 각오의 말씀 들어보겠습니다.
3215.572	3232.344	speaker#B	네/ 말씀드린 대로 우리 단양은 아름다운 이/ 경관 내에는 자랑할 것이 하나도 없는 지역입니다. 때문에 우리 지역은 이/ n/ 체류형 관광 사업을 절박한 심정으로 지금 군민이 함께 힘을 n/ 합쳐서 추진해 나가고 있습니다.
3233.013	3249.745	speaker#B	아/ 이/ 열심히 이/ 체류형 관광 사업을 추진하면서 활성화되도록 노력해 갈 것이고 또 지금의 n/ (10000000)/(천만) 관광 시대를 넘어서서 (20000000)/(이천만) (30000000)/(삼천만) 관광객 시대로 향하는 이런 노력을 경주해 나가도록 노력을 할 계획입니다.
3250.013	3260.964	speaker#A	네/ n/ 뭔가 군수님의 결연한 n/ 의지가 느껴지는 말씀이네요. 오늘 류한우 단양군수님 모시고 이야기 나눠봤는데요. 군수님 시청자분들께 마무리 인사 부탁드립니다.
3261.489	3272.789	speaker#B	네. 에/ 앞서서 말씀드린 대로 우리 단양은 내륙에서 유일하게 이/ (2개)/(두 개)의 국립공원을 가지고 있는 공기 맑고 산수 아름다운 고장입니다.
3273.289	3281.605	speaker#B	아/ 우리 단양군은 이러한 자연 n/ 경관을 기반으로 n/ 열정적으로 어/ 체험시설 등을 유치하면서 체류형 관광사업을
3282.043	3291.843	speaker#B	주된 산업으로 어/ 추진을 하고 있는데 우리들의 노력이 하나하나 가시화되어 가면서 많은 관광객들이 이/ 증가되고 있고
3292.403	3303.027	speaker#B	지금 어려운 경기 상황 속에서도 우리 단양은 지역 경제가 활성화되고 관광객이 증가하면서 (10000000)/(천만) 관광 시대로 발전을 해 나가고 있습니다.
3303.550	3314.215	speaker#B	에/ 여러분들 어/ 시간을 내셔서 우리 단양에 오셔서 힐링도 하고 또 관광도 하고 휴식을 하는 기회 가져보시기 바랍니다. 감사합니다.
3315.691	3320.896	speaker#A	네/ 앞으로도 류한우 군수님의 행보를 n/ 기대하겠습니다. 오늘 귀한 n/ 시간 내주셔서 고맙습니다.
3320.938	3321.655	speaker#B	n/ 감사합니다.
3323.385	3332.614	speaker#A	n/ 네/ 지방자치 행정대상을 수상하신 충청북도 단양군의 류한우 군수님 만나봤습니다. 앞으로도 군수님의 활발한 군정 활동을 응원하면서
3332.794	3338.625	speaker#A	n/ 오늘 (The interview)/(더 인터뷰)는 여기서 마무리하도록 하겠습니다. 지금까지 진행에 백일홍이었습니다. 고맙습니다.
