27.180	29.600	speaker#A	n/ 안녕하십니까, (the interview)/(더 인터뷰)의 권지영입니다.
29.985	35.923	speaker#A	n/ (the interview)/(더 인터뷰)는 각계각층의 명사를 초대해서 사회 문화 전반에 대한 견해를 들어보는 시간이죠.
36.220	40.738	speaker#A	n/ 오늘은 완주군 의회의 정종윤 의원님을 모셨습니다. 의원님, /os2 안녕하세요. /oe
40.240	41.340	speaker#B	n/ /os2 예. /oe 안녕하세요.
41.393	45.048	speaker#A	n/ 네. 반갑습니다. /os2 아/ 먼 길 /oe 오시느라 정말 고생많으셨어요.
42.433	43.253	speaker#B	/os2 네. 반갑습니다. /oe
45.069	45.991	speaker#B	n/ 아닙니다.
46.029	49.306	speaker#A	네. 일단은 시청자 분들께 인사 한 말씀부터 부탁드릴게요.
49.900	60.580	speaker#B	예. 지방자치 (tv)/(티브이)를 시청하는 시청자 여러분 안녕하십니까 반갑습니다. 이웃사촌보다 더 가까운 군의원 완주군의회 정종윤입니다. 반갑습니다.
68.109	72.494	speaker#A	n/ 네. 의원님. 정말 어/ 인사가 너무 간결하셔서 제가 깜짝 놀랬어요.
72.646	78.861	speaker#A	n/ 뭔가 더 나올 줄 알고 제가 이렇게 한 (tempo)/(템포) 기다리고 있었는데, 저를 이렇게 빤히 쳐다보셔서 제가 당황스러웠습니다.
78.902	79.699	speaker#B	n/ 그렇습니까?
79.730	90.098	speaker#A	네. 이번에 의원님께서 (2019)/(이천 십 구) 지방 의회 의정 대상을 수상을 /os2 하셨습니다. /oe 네. 지방 의회 의정 대상은 평소 활발하고 적극적인 의정 활동으로
84.610	85.350	speaker#B	/os2 [네.(BC/continuer)] /oe
90.322	98.317	speaker#A	지역사회 발전에 헌신하고 또 기여한 바가 큰 의원 분들께 시상을 하는데요. 그렇다면 수상 소감부터 한 말씀 부탁드릴게요.
99.153	114.751	speaker#B	네. 매 순간마다 순간순간 최선을 다해서 살아왔습니다. 의정 활동 역시 주어진 대로 하루하루 순간순간 최선을 다하다 보니까 이런 큰 영광을 받게 됐습니다. 큰 격려로 어/ 받아들이겠습니다.
114.961	123.294	speaker#C	n/ (2019)/(이천 십 구) 대한민국 지방 의회 의정 대상 완주군의회 의원 정종윤. 이하 내용은 전과 같습니다. 축하드립니다.
142.841	151.836	speaker#B	더 열심히 하라는 의미로 받아들이고 앞으로 어/ 의원으로써 최선을 다하는 모습 보여드리겠습니다.
152.688	161.528	speaker#A	네. 수상 정말 진심으로 축하드립니다. 이번에 전국 지방의원 (3500)/(삼천 오백)분 중에서 단 열 두 분만 수상을 하셨거든요.
161.948	171.822	speaker#A	그렇다면 의원님의 어떤 활동들 덕분에 수상을 하시게 되셨는지 궁금해지는데요. 의원님의 활동을 개략적으로 설명을 해주실 수 n/ 있을까요?
172.341	190.578	speaker#B	초선의원이 활동하기에는 (1년)/(일 년)이라는 기간이 너무 짧은 기간인데요. 제가 그럼에도 불구하고 음/ 군정 질문과 그리고 (5분)/(오 분)발언도 하고 또 조례안을 (2건)/(두 건)을 제정을 했어요. /os1 그리고 /oe 현재 또 (2건)/(두 건) 조례안을 준비 중에 있습니다.
185.966	186.541	speaker#A	/os1 [음.(BC/continuer)] /oe
190.974	195.841	speaker#B	그리고 행정사무조사 특별위원회 위원장도 하고
195.918	196.413	speaker#A	[네.(BC/continuer)]
196.445	203.825	speaker#B	또 예산결산위원회 간사도 맡으면서 젊고 새로운 시각으로 활동하다 보니까
204.244	217.988	speaker#B	그거를 인정해 준 것 같아요. /os1 그리고 /oe 무엇보다 현장에서 직접 발로 뛰면서 주민들하고 부대끼면서 어떻게 해서든지 민원을 해결할 수 있도록 노력하는 부분을 높게 점수를 받은 것 같습니다.
206.669	207.079	speaker#A	/os1 [네.(BC/continuer)] /oe
218.059	226.820	speaker#A	네. 의원님께서 말씀하신 것처럼 초선의원 임에도 이렇게 쫌/ 짧은 기간이지만 제가 듣기에는 많은 일을 해 오신 것 같은데요.
227.218	240.707	speaker#A	말씀하셨던 것처럼 (2건)/(두 건)의 조례를 제정하셨고 또 앞으로도 (2건)/(두 건) 제정하려고 준비를 하고 계시다고 하셨는데 그렇다면 그게 어떤 조례를 제정을 하신건지, 또 앞으로 준비하고 계신 건 어떤 건지 궁금합니다.
241.085	248.947	speaker#B	에/ 제가 제정한 조례는 지금 남북관계에 그/ 평화의 기운이 깃들고 있어서
248.985	249.410	speaker#A	[네.(BC/continuer)]
249.748	256.566	speaker#B	민간 차원에서부터 교류를 좀 해야되지 않나 이런 생각에 남북 교류 협력에 관한 조례를 제정을 했구요.
256.578	257.093	speaker#A	[네.(BC/continuer)]
257.358	274.515	speaker#B	또, 고령 운전자들이 교통사고에 많이 노출되어 /os1 있어요. /oe 특히, 연세드신 분들께서 운전하다가 사고 내는 부분들이 많이 또 접하면서 /os1 고령운전자의 /oe 교통사고 예방을 위한 /os1 조례안을 /oe (2건)/(두 건)을 /os2 제정했습니다. /oe
262.323	262.813	speaker#A	/os1 [음.(BC/continuer)] /oe
268.353	269.043	speaker#A	/os1 [네.(BC/continuer)] /oe
271.663	272.218	speaker#A	/os1 [음.(BC/continuer)] /oe
273.893	274.478	speaker#A	/os2 [네.(BC/continuer)] /oe
274.917	278.242	speaker#A	네. 그리고 앞으로 또 준비하시는 (2건)/(두 건)은 어떤 건가요?
278.578	285.222	speaker#B	예. 그리고 관광 약자들을 위한 관광 환경 조성을 위한 /os2 조례하구요. /oe 또 하나는
283.558	284.413	speaker#A	/os2 [음.(BC/continuer)] /oe
286.378	289.674	speaker#B	일본 전범 기업들이 생산하는 제품을
289.919	290.754	speaker#A	[음(BC/continuer)]
290.927	299.437	speaker#B	어/ 공공구매를, 지자체에서 공공구매를 제한하는 그런 /os1 조례를 /oe 제정할려고 준비하고 있습니다.
296.857	297.607	speaker#A	/os1 [아.(BC/continuer)] /oe
299.845	307.050	speaker#A	오! 방금 말씀하셨던 그 전범 기업 제품에 대한 공공구매를 제한한다, 이 조례는 정확하게 어떤 내용을 담고 있나요?
307.578	316.467	speaker#B	네, 이번에 일본 정부에서 경제 보복을 하면서 우리 지방 의원 차원에서 무슨 일을 할 수 있을까? /os1 고민하던 /oe 중에
315.523	316.053	speaker#A	/os1 [음.(BC/continuer)] /oe
317.276	324.347	speaker#B	아/ 대일항정 n/ 기간에 우리 대한민국 국민들을 강제 동원 시켜고, 시키고
324.407	324.959	speaker#A	n/ [네.(BC/continuer)]
325.105	326.135	speaker#B	n/ 아, 그리고
326.161	327.260	speaker#A	n/ 많은 피해를 줬죠.
327.321	332.657	speaker#B	그렇죠. 공식적인 사과도 하지 /os2 않고, /oe 배상도 하지 않고, 그래서
329.801	330.386	speaker#A	/os2 [네.(BC/continuer)] /oe
333.278	343.600	speaker#B	전범 기업들이 생산한 제품을 지자체에서 공공구매 할, 하지 않도록 /os1 제안하는 /oe 그런 조례안을 준비 중에 /os2 있습니다. /oe
339.594	340.104	speaker#A	/os1 [음.(BC/continuer)] /oe
343.308	343.588	speaker#A	/os2 [네.(BC/continuer)] /oe
344.001	362.030	speaker#A	아/ 근데 이 조례안은 사실 완주군 의회 뿐만 아니라 전국에 있는 모든 의회에서도 좀 조례를 제정하는게 어떤가, 제가 조심스럽게 좀/ 제 바램을 한 번 얘기를 해 봅니다. 그렇다면 의원님께서 해 오신 활동들에 자세한 내용은 좀 더 뒤에서 얘기를 해 보도록 하고요.
362.475	371.575	speaker#A	일단 의원님께서 속해 계시는 완주군에 대해서 먼저 얘기를 해 보겠습니다. 네 완주군이 어떤 곳인지 이렇게 뭔가 자랑을 좀 해주실 수 있을까요?
371.827	378.772	speaker#B	네, 자랑보다는 먼저 완주군에 대해서 타 지방 지역 사람들에게 물어보면
378.803	379.213	speaker#A	[네.(BC/continuer)]
379.324	388.618	speaker#B	완주군에 대, 완주군의 존재 자체를 잘 /os2 몰랐었습니다. 몇 /oe 년 전만 해도. 그리고 혹시 권지영 아나운서는 완주군에 대해서 /os2 아시는 게 있을까요? /oe
382.074	383.479	speaker#A	/os2 [아. 네.(BC/continuer)] /oe
387.749	388.324	speaker#A	/os2 [아.(BC/continuer)] /oe
388.997	403.397	speaker#A	사실 제가 외가가 전북 전주에 /os2 있거든요. 네. 그래서 /oe 이렇게 뭐 명절에 내려갈 때마다 완주가 항상 눈에 띕니다. 그래서 아/ 전북에 완주라는 곳이 있구나 정도까지만 알고 있습니다. 사실.
392.825	393.729	speaker#B	/os2 아, 그러세요. /oe
403.507	407.153	speaker#B	그래요. 방금 말씀하신 것처럼 전라북도에 있습니다.
407.191	407.769	speaker#A	[네.(BC/continuer)]
407.967	414.019	speaker#B	그/ 면적은 서울보다 더 크거든요. /os1 (1. 4배)/(일 쩜 사 배)정도 /oe
412.347	413.147	speaker#A	/os1 [어/(BC/understanding)] /oe
414.076	414.436	speaker#A	[네.(BC/continuer)]
414.489	419.394	speaker#B	더 큰 지역에 있구요. 전주를 중심해서 빙 둘러싸여 /os2 있습니다. /oe
419.191	421.588	speaker#A	/os2 아/ /oe 둘레를 이렇게 치고 /os2 있군요. /oe
421.036	421.576	speaker#B	/os2 [네.(BC/continuer)] /oe
421.588	428.009	speaker#B	그래서 전주 땅을 밟, 전주를 가기 위해서는 완주를 밟지 않고는 들어 /os1 갈 수 없는 /oe
427.352	428.980	speaker#A	/os1 음. /oe 그렇네요.
429.084	439.053	speaker#B	예. 그래서 사람들은 완, 전주의 위성도시라고 /os1 말씀하는 /oe 사람들이 있어요. 그런데 전주는 도시형이고, 소비 도시고
433.079	433.944	speaker#A	/os1 [음.(BC/continuer)] /oe
439.110	445.890	speaker#B	/os1 그 /oe 둘러싸고 있는 완주에서 농산품도 생산하고 /os1 또, /oe 가공 공장이나 그런 것들이 있어서
439.127	439.702	speaker#A	/os1 [음.(BC/continuer)] /oe
442.846	443.901	speaker#A	/os1 [음.(BC/continuer)] /oe
445.934	446.457	speaker#A	[네.(BC/continuer)]
446.506	450.045	speaker#B	어떤 지원하고 /os1 공급하는 /oe
448.765	453.127	speaker#A	/os1 음. 네. 생산형 /oe 도시네요. /os1 하하 네. /oe
451.032	464.165	speaker#B	/os1 그런 그렇죠. /oe 그렇다고 볼 수가 있습니다. 그리고 그리고 완주는 그러다보니까 좀 넉넉하고 풍요롭고 /os1 좀 (slow city)/(슬로우 시티)처럼 /oe 그런 넉넉한 곳입니다.
459.590	460.510	speaker#A	/os1 [음.(BC/continuer)] /oe
464.183	466.313	speaker#A	여유로움을 가질 수 있는 /os2 곳인가요? /oe
465.943	466.293	speaker#B	/os2 네. /oe
466.312	474.385	speaker#B	그래서 주변에 많은 사람들이 완주로 전원주택을 짓고 /os1 많이 /oe 살기도 합니다. /os1 그래서 /oe 그러다 보니까
471.407	472.262	speaker#A	/os1 [음.(BC/continuer)] /oe
473.162	473.572	speaker#A	/os1 [네.(BC/continuer)] /oe
474.829	485.147	speaker#B	계속해서 단지도, 전원주택 단지도 생기고 사람들이 이사 오다 보니까 완주군에 지금 인구가 많이 늘어나고 /os2 있어요. 아마 /oe 전국에서
483.309	484.289	speaker#A	/os2 [오/(BC/understanding)] /oe
485.860	491.269	speaker#B	늘어나는 지방이 많지 않을텐데 완주가 늘어나고 있는 지방, 인구가 늘어나고 있습니다.
491.294	494.842	speaker#A	네. 앞으로의 전망이 좀 굉장히 좋은 그런 곳이네요.
495.045	501.858	speaker#B	네. 그래서, 그래서 앞으로 인구도 계속 늘어날 전망이구요. 현재 인구는 (95000명)/(구만 오천 명)정도 되는데
501.893	502.488	speaker#A	[음(BC/continuer)]
502.613	509.377	speaker#B	앞으로 (15만)/(십 오 만) /os2 자족도시라는 /oe (slogan)/(슬로건)을 내 걸고 /os1 군정을, /oe 군정 목표로 삼고 /os1 있습니다. /oe
504.773	505.488	speaker#A	/os2 [어.(BC/continuer)] /oe
506.628	506.943	speaker#A	/os1 [네.(BC/continuer)] /oe
508.798	509.093	speaker#A	/os1 [네.(BC/continuer)] /oe
509.548	515.748	speaker#A	아우/ 제가 꼭 완주군이 (15만)/(십 오 만) 군민이 살게 되는 그 날이 오는지 지켜 보도록 하겠습니다.
516.256	526.626	speaker#A	그렇다면 완주가 좀/ 전원 생활에 어울리는 그런 여유로움의 도시인 것 같은데, 만약에 제가 이제 완주로 놀러 간다라고 했을 때 특별히 가볼 만한 곳이 있을까요?
527.218	535.538	speaker#B	완주는 가 볼 만한 곳이 되게 /os2 많습니다. /oe 빙 둘러싸여 있다고 /os2 그랬잖아요 /oe. 각각 각각 /os1 마을마다 다 있어요. /oe
529.898	530.437	speaker#A	/os2 [오.(BC/assessment)] /oe
531.708	531.913	speaker#A	/os2 [네.(BC/continuer)] /oe
533.697	535.507	speaker#A	/os1 [아/ 네.(BC/understanding)] /oe
535.716	542.367	speaker#B	그래서 완주에 한 번도 안 와본 안 와본 사람은 있어도 한 번만 /os1 와 본 사람은 없다. 라는 이런 /oe 얘기가 있는데요.
540.056	541.701	speaker#A	/os1 음. 흐흐흐 네. /oe
542.921	561.408	speaker#B	술을, 하고 관련된 유품을 (5만)/(오 만)점 정도 보유하고 있는 대한민국 술 테마 박물관이 /os2 있구요. /oe 그리고, 어/ 일제 강점기 때에 호남 평야의 쌀을 수탈해 간, /os2 일제가, /oe 수탈, 수탈해 가기 위해서 만들어진 양곡 창고가 /os2 있어요. /oe
549.886	550.556	speaker#A	/os2 [네.(BC/continuer)] /oe
556.941	557.651	speaker#A	/os2 [음.(BC/continuer)] /oe
560.921	561.551	speaker#A	/os2 [음.(BC/continuer)] /oe
561.577	570.895	speaker#B	그 양곡 창고를 완주군에서 매입을 해서 /os1 문화 /oe 공간으로 만들었습니다. /os1 그래서 /oe 거기 그곳이 삼례문화예술촌, /os1 어/ /oe 지금 핫하게 뜨고 있구요.
563.847	564.227	speaker#A	/os1 [네.(BC/continuer)] /oe
565.587	566.472	speaker#A	/os1 [아/(BC/understanding)] /oe
568.707	569.477	speaker#A	/os1 [음.(BC/continuer)] /oe
570.937	571.494	speaker#A	[아/ 네.(BC/continuer)]
571.500	576.479	speaker#B	조금 더 핫하게 뜨고 있는 곳은 오성한옥마을이라는 곳이 있습니다.
576.494	577.135	speaker#A	[네.(BC/continuer)]
577.205	581.299	speaker#B	어/ 최근에 며칠 전에, 얼마 전에, 방탄소년단
581.367	583.098	speaker#A	아, 핫한 /os2 아이돌이죠. /oe
582.572	582.857	speaker#B	/os2 [네.(BC/continuer)] /oe
583.624	589.395	speaker#B	(BTS)/(비티에스)가 와서 뮤직비디오를 찍을 /os2 정도로 /oe 아주 매력적인 /os1 한옥 마을이 /oe 있습니다.
586.149	587.199	speaker#A	/os2 [음/(BC/understanding)] /oe
588.154	588.589	speaker#A	/os1 [네.(BC/continuer)] /oe
589.650	600.911	speaker#A	어/ 사실 요새 좀/ 한옥 마을이 의외로 젊은 층에게 굉장히 인기가 /os2 많잖아요. /oe 정말 앞으로 좀/ 유망한 곳이 아닌가 라고 제가 생각을 해 봅니다.
596.170	596.465	speaker#B	/os2 [네.(BC/continuer)] /oe
600.999	616.330	speaker#A	사실 저도 주위에서 전주 한옥마을이 유명하잖아요. 전북에서는. 저도 한 번도 안 가봤어요. 외가가 전주에 있는데도. 그래서 저는 전주한옥마을보다 의원님이 추천을 해 주시는 그 오성 한옥마을에 먼저 가 보도록 하겠습니다.
617.227	623.271	speaker#B	네. 오성한옥마을에는 어/ 다른 전주나 서울의 한옥 마을과는 다르게
623.299	623.684	speaker#A	[네.(BC/continuer)]
623.749	625.385	speaker#B	굉장히 (slow)/(슬로우), (slow)/(슬로우)
625.406	626.151	speaker#A	[음(BC/continuer)]
626.151	628.322	speaker#B	굉장히 여유롭고 평화로, 평화로와서
628.353	628.961	speaker#A	[네.(BC/continuer)]
628.992	632.781	speaker#B	되게 힐링하기에 되게 /os2 좋습니다. 젊은이. /oe 예
631.262	632.297	speaker#A	/os2 음. 힐링 /oe
632.781	635.718	speaker#B	그리고 (photo zone)/(포토 존)이 아주 좋아요.
635.789	637.484	speaker#A	아/ 요새 그거 중요합니다.
637.507	640.293	speaker#B	그렇죠. 그래서 젊은이들이 와서 (insta)/(인스타)에 많이 올리고
640.317	640.684	speaker#A	[네.(BC/continuer)]
640.703	646.692	speaker#B	그게 또 돌아다니다 보니까 지금 핫하게 뜨고 있습니다. /os1 꼭 /oe 한 번 와 주시기를 강력 추천합니다.
644.193	644.408	speaker#A	/os1 [네.(BC/continuer)] /oe
646.742	656.702	speaker#A	네, 알겠습니다. 제가 꼭 한 번 놀러가보도록 하겠습니다. 근데 제가 듣기로는 완주군에서 뭔가 축제를 항상 한다고 들었는데 그 축제는 /os2 어떤건가요? /oe
656.091	660.966	speaker#B	/os2 아. /oe 네, 완주군에 (wild food)/(와일드 푸드) 축제라고 있습니다.
661.025	662.010	speaker#A	/os1 [어.(BC/continuer)] /oe
661.851	665.465	speaker#B	/os1 (wild food)/(와일드 푸드)라고 /oe 하면 떠오르는 게 있을까요?
665.554	674.041	speaker#A	그게 뭘까요? 약간 야생적인, 아! 야생 뭐/ 동물을 직접 잡아서 뭔가를 해 먹는 그런 축제인가요?
674.158	684.327	speaker#B	그렇게, 글쎄요 n/ 정확하게 이미지를 /os2 만드셨네요. /oe 옛날에 할아버지들 그리고 아버지 세대들이 야생에서 야생 물고기를 잡아서
677.553	677.913	speaker#A	/os2 [네.(BC/continuer)] /oe
684.885	695.565	speaker#B	아/ 구워 먹고, /os1 만 먹었던 /oe 그런 것들을 축제로 만들어서 그/ (wild)/(와일드) 완주 (wild food)/(와일드 푸드)축제를 가을마다 하고 있어요.
686.780	687.750	speaker#A	/os1 [음.(BC/continuer)] /oe
695.632	702.645	speaker#B	/os1 그래서 /oe 실제로 축제장에 가면 벼가 있고 /os1 거기 /oe 메뚜기를 풀어놔서
695.638	696.723	speaker#A	/os1 [아.(BC/understanding)] /oe
700.242	700.557	speaker#A	/os1 [네.(BC/continuer)] /oe
702.672	703.146	speaker#A	[네.(BC/continuer)]
703.182	713.106	speaker#B	메뚜기를 잡아서 그걸 직접 구워 먹습니다. /os1 그리고 /oe 개구리도 튀겨 먹고요, 그리고 물고기도 냇가에서 직접 손으로 잡아서 /os1 그 자리에서 /oe 손질해서
705.546	706.481	speaker#A	/os1 [네.(BC/continuer)] /oe
711.927	712.342	speaker#A	/os1 [네.(BC/continuer)] /oe
713.583	724.106	speaker#B	불에다 구워서 /os1 그렇게 /oe 먹기도 하고요. 또 닭을 잡아서 황토로 바른 /os1 다음에 /oe 장작불에 넣어서 /os1 구워, /oe 구워 먹기도 하고
714.718	715.528	speaker#A	/os1 [오.(BC/continuer)] /oe
720.728	721.528	speaker#A	/os1 [음.(BC/continuer)] /oe
722.668	723.063	speaker#A	/os1 [네.(BC/continuer)] /oe
724.458	736.479	speaker#B	감자도 구워 먹고 이렇게 어/ 재밌는 축제입니다. /os1 올 가을, /oe 매년 가을마다 하니까 예/ 꼭 한 번 와 주시길 역시 n/ 강력 /os2 추천드립니다. /oe
729.643	730.218	speaker#A	/os1 네. 어우 /oe
736.208	736.478	speaker#A	/os2 [네.(BC/continuer)] /oe
736.857	747.137	speaker#A	어/ 제가 듣기로는 그 메뚜기나 사실 개구리는 제가 약간 무서워서 못 먹을 것 같고요. 그리고 뭔가 생선이랑 이렇게 잡는 거를 들으니까 진짜 뭔가 생생하게
747.337	758.000	speaker#A	체험을 할 수 있는 그런 시간이 되지 않을까 싶습니다. 시청자 여러분들도 매년 가을에 한다고 하니까요, 완주군에서 열리는 (wild food)/(와일드 푸드)축제 꼭 한 번 가보시길 바랍니다.
758.658	774.877	speaker#A	자, 이제는 의원님께서 계시는 완주군 의회에 대한 얘기를 좀 해 보도록 하겠습니다. /os1 평소에 /oe 지방의회가 어떤 곳인지 궁금했어요. 저는 이제 수도권에 살다 보니까 국회가 조금 더 익숙하잖아요? 그렇다면 완주군의회는 지금 현재는 어떻게 구성이 돼 있나요?
763.473	763.843	speaker#B	/os1 [네.(BC/continuer)] /oe
775.549	785.159	speaker#B	저희 완주군의회는 총 열한 분의 의원님들로 구성되어 있습니다. 초선 의원님들이 여섯 분, 재선 의원님들이 다섯 분 이렇게 /os1 계십니다. /oe
784.348	787.903	speaker#A	/os1 아/ 초선 /oe 의원님 분들이 더 많이 계시네요?
788.414	796.677	speaker#B	네. 그렇습니다. 근데 거기에다가 (30대)/(삼십 대)의원이 한 분, (40대)/(사십 대)의원이 세 분, (50대)/(오십 대)의원이 여섯 분
796.700	797.135	speaker#A	[네.(BC/continuer)]
797.155	800.057	speaker#B	(60대)/(육십 대)의원, (60대)/(육십 대)초반 의원 한 분 계십니다.
800.085	804.896	speaker#A	오? 제가 예상했던 것보다 약간 연령층이 좀 낮아서 놀라운데요.
804.916	806.112	speaker#B	네 저도 놀랐습니다. n/
807.584	820.807	speaker#B	저희 (8대)/(팔 대)완주군의회는 초선 의원도 많고 또 젊은 의원들이 많습니다. 지금 현재 지방의회에 초선 의원 비율이 (50%)/(오십 퍼센트)가, /os1 전국 /oe 평균이 (50%)/(오십 퍼센트)가 넘는다고 /os2 해요. /oe
817.057	817.802	speaker#A	/os1 [음.(BC/continuer)] /oe
820.097	820.767	speaker#A	/os2 [네.(BC/continuer)] /oe
821.081	829.343	speaker#B	구체적으로 (68. 1%)/(육십 팔 점 일 퍼센트)로 알고 /os2 있습니다. /oe 초선 의원들은, 근데 초선 의원들은
824.496	825.141	speaker#A	/os2 [네.(BC/continuer)] /oe
830.104	839.343	speaker#B	당선을 위해서 준비했는데 당선되고 나서, 의회에 들어와서, /os1 의정 활동을 /oe 하는데는 준비가 조금 부족한게 /os1 좀 사실이예요. /oe
835.138	835.989	speaker#A	/os1 [아.(BC/continuer)] /oe
838.239	839.299	speaker#A	/os1 [네.(BC/continuer)] /oe
839.949	844.663	speaker#B	그래서 저희 완주군의회는 초선 의원들이 많잖아요, 젊고 많아서
844.692	847.320	speaker#A	네, 실무에 약간 약할 수 있겠네요.
847.393	852.846	speaker#B	그렇죠. 그래서 의회에 들어오자마자 교육을 그렇게 많이 했습니다.
852.931	853.921	speaker#A	[아/(BC/continuer)]
854.505	863.460	speaker#B	매달 한 번에 한 번씩 전문가를 불러다가 /os1 예산안, /oe 예산 전문가를 불러서 예산 /os1 교육을 받고 /oe
859.285	859.715	speaker#A	/os1 [음.(BC/continuer)] /oe
862.620	864.025	speaker#A	/os1 [아. 네.(BC/continuer)] /oe
864.004	871.824	speaker#B	조례 전문가를 불러서 또 조례 교육을 받고, 또 행정감사 하는 방법 같은 거를 행정감사
872.352	873.776	speaker#B	/os1 전문가를 불러서 /oe
872.417	873.747	speaker#A	/os1 전문가를 불러서 /oe
873.807	876.262	speaker#B	또 교육을 받고, 또 (2박 3일)/(이 박 삼 일)교육 받으러 가고
876.348	878.851	speaker#A	아/ (workshop)/(워크샵)처럼 떠나기도 /os2 하는군요. /oe
878.057	890.640	speaker#B	/os2 네. 한 (6)/(육) /oe 개월 동안에 (6번)/(여섯 번)정도의 교육을 받아서 n/ (20년)/(이십 년), (30년)/(삼십 년)된 행정 전문가, 공무원들을 /os1 저희 /oe 의원들이 견제하고 감시하는 게 역할인데
887.042	887.642	speaker#A	/os1 [네.(BC/continuer)] /oe
890.775	891.864	speaker#A	/os1[아.(BC/understanding)] /oe
891.171	895.776	speaker#B	/os1 그렇게 하지 않고서는 /oe 할 수가 /os1 없습니다. /oe 그래서 공부에 열심히 전념을 했구요.
892.981	893.661	speaker#A	/os1 [네.(BC/continuer)] /oe
895.809	896.374	speaker#A	[네.(BC/continuer)]
896.588	901.112	speaker#B	또 심지어는 개인 교수를 받는 의원님들도 계실 /os2 정도로 /oe
900.153	901.078	speaker#A	/os2 [아, 그래요?(BC/request confirmation)] /oe
901.111	903.742	speaker#B	공부하는 의회, /os2 우리 완주군 /oe 의회입니다.
902.526	902.941	speaker#A	/os2 [음.(BC/continuer)] /oe
903.780	904.435	speaker#A	[네.(BC/continuer)]
904.931	909.565	speaker#B	교육만 받아서는 안 돼서 저희들끼리 아침에, 새벽에 조찬 모임을 해서
909.619	910.429	speaker#A	/os1 [음(BC/continuer)] /oe
910.286	914.124	speaker#B	/os1 저희들끼리 /oe (study)/(스터디)를 아침에 (7시)/(일곱 시) 반에 모여서 (study)/(스터디)를 하구요.
914.208	915.738	speaker#A	정말 이른 시간이네요.
915.945	921.075	speaker#B	그리고 집에는 또 자정 늦게까지 공부하고, 자정을 넘겨서 간 적이 되게 많습니다.
921.276	923.718	speaker#A	어머나, n/ 사모님한테 안 혼나시나요?
924.676	935.283	speaker#B	그래 그렇게 하다 보니까 완주군의회가 (91년)/(구십 일 년)에 최초 개원했는데 아/ 처음으로 저희 때, 저희 연구단체, 정책연구회를 만들어서
935.273	936.254	speaker#A	[어.(BC/understanding)]
936.721	940.958	speaker#B	정식으로 등록해서 지금 활동을 그렇게 하고 /os2 있습니다. 그래서 /oe
939.671	940.916	speaker#A	/os2 네. 어우 /oe
941.536	958.637	speaker#B	그래서 지금도 정기적으로 아주 계속 강연자들이 준비되어 /os2 있고요. /oe 계획 돼 있고 그리고 그런 의미에서 이번에 지난 의정대상은 어/ 제가 개인적으로 받은 /os2 것보다는 /oe 완주군의회에다 /os1 어/ /oe 준 걸로 /os1 그런 /oe 상이라고 이렇게 생각합니다.
946.376	946.941	speaker#A	/os2 [네.(BC/continuer)] /oe
953.361	954.236	speaker#A	/os2 [음.(BC/continuer)] /oe
955.586	956.211	speaker#A	/os1 [네.(BC/continuer)] /oe
956.961	957.421	speaker#A	/os1 [네.(BC/continuer)] /oe
958.893	971.119	speaker#A	어/ 정말 듣기만 해도 의원님 뿐만이 아니라 정말 완주군 의회에 있으신 모든 의원님분들이 얼마나 열심히 의정활동을 해 오셨나. 제가 딱/ 들으니까 느낌이 오네요.
971.166	978.875	speaker#B	한 말씀만 더 /os2 드릴게요. /oe 행정사무조사 특별위원회를 만들어서 /os1 전국 /oe 지자체마다 지금 다
972.311	972.631	speaker#A	/os2 [네네.(BC/continuer)] /oe
976.251	976.961	speaker#A	/os1 [음.(BC/continuer)] /oe
979.513	988.038	speaker#B	위탁 사부를 주거든요. 그래서 민간 위탁 기관이 저희 완주군에 (39개)/(서른 아홉 개)기관이 /os2 있어서 /oe 아/
986.663	987.203	speaker#A	/os2 [네.(BC/continuer)] /oe
988.395	1007.471	speaker#B	아마 최초로 조사권을 발동해서 행정사무조사 특별위원회를 만들어서 /os1 민간 /oe 위탁 기관을 전체 조사를 하고 /os1 어/ /oe 운영을 알차게 할 수 있도록 하고, 그리고 또 특별히 조사를 해서 개선방안을 도출해서 네/ 집행부에다 제안하기도 했습니다.
993.631	994.346	speaker#A	/os1 [음.(BC/continuer)] /oe
996.531	996.961	speaker#A	/os1 [네.(BC/continuer)] /oe
1007.697	1016.637	speaker#A	아/ 정말 활발하게 의정 활동을 하고 계신 것 같습니다. 그럼 지방 의회 자체에 대해서 좀 더 구체적으로 얘기를 나눠볼까 하는데요.
1017.077	1030.261	speaker#A	지방 의회가 이제 근대 이후로 들어서면서부터 이제 생겼다라고 제가 들었는데 어떻게 그 이후로 진행되어 왔는지 좀 궁금합니다. 의원님께서 뭐 아시는대로 간략하게라도 설명을 부탁드릴게요.
1031.041	1044.826	speaker#B	네, 우리나라 지방 의회는 해방 이후로 쭉 올라갈 수가 있는데요.(1945년)/(천 구백 사십 오 년) 해방 이후에 (1949년)/(천 구백 사십 구 년)도에 지방자치 법이 /os2 재정됐습니다. /oe
1043.901	1044.806	speaker#A	/os2 [음.(BC/continuer)] /oe
1044.973	1060.026	speaker#B	그리고 (1952년)/(천 구백 오십 이 년)도에 지방 의회가 /os1 설립이 /oe 됐구요. 그리고 (1961년)/(천 구백 육십 일 년)에 (5. 16)/(오일육) 쿠데타 /os1 군사 /oe 정권이 들어서면서 그 때 국회가, /os1 국회를 /oe 해산 시키면서
1048.464	1048.919	speaker#A	/os1 [어.(BC/continuer)] /oe
1054.993	1055.298	speaker#A	/os1 [네.(BC/continuer)] /oe
1058.658	1059.083	speaker#A	/os1 [음.(BC/continuer)] /oe
1060.067	1060.462	speaker#A	[네.(BC/continuer)]
1060.540	1063.170	speaker#B	그 때 지방의회도 같이 /os2 해산됐어요. /oe
1062.195	1063.145	speaker#A	/os2 해산됐군요. /oe
1063.472	1076.659	speaker#B	그래서 (1990년)/(천 구백 구십 년) 당시 평민당 총재였던 김대중 대통령께서 /os1 단식을 /oe 하면서 지방 자치를 /os1 관철을 시켰습니다. /oe (1991년)/(천 구백 구십 일 년)도에 최초의 지방 선거를 했죠.
1068.902	1069.302	speaker#A	/os1 [음.(BC/continuer)] /oe
1071.621	1073.591	speaker#A	/os1 [음/ 네.(BC/understanding)] /oe
1076.687	1077.459	speaker#A	[음(BC/continuer)]
1077.531	1083.911	speaker#B	그리고, 그때 근데 그때는 지방 자치 단체장 선거는 없었고 지방의회, /os1 의원 선거만 /oe 했었어요.
1082.621	1083.516	speaker#A	/os1 [음.(BC/continuer)] /oe
1083.951	1084.473	speaker#A	[네.(BC/continuer)]
1084.534	1094.937	speaker#B	그러다가 (1995년)/(천 구백 구십 오 년)도에 우리나라 인제 본격적으로 지방자치단체장 선거와 그리고 지방 의회 선거를 전국 동시 지방 선거를 하면서
1094.968	1095.508	speaker#A	[네.(BC/continuer)]
1095.505	1098.587	speaker#B	인제 우리나라 지방 자치의 시대가 시작되었죠.
1098.645	1104.088	speaker#A	아/ 이게 의원들이 먼저 꾸려지고 그 다음에 단체장이 생겨나기 시작한 거네요.
1104.223	1106.019	speaker#B	그렇다고 볼 수가 /os2 있겠습니다. /oe
1105.545	1116.671	speaker#A	/os2 아/ /oe 근데 말씀하셨던 게 (1952년)/(천 구백 오십 이 년)에 지방 의회가 처음으로 생겼다고 /os2 말씀하셨잖아요. /oe 그러면 벌써 한 (70년)/(칠십 년) 가까이는 된 거네요.
1112.615	1112.835	speaker#B	/os2 네. /oe
1117.257	1131.853	speaker#A	그렇다면 의원님께서 지방 의회의 역사를 아주 상세하게 짚어 주셨는데, 제가 아까 저는 국회가 조금 더 저희한테 더 익숙하다라고 말씀을 드렸잖아요. 그럼 국회의원하고 지방의원 이렇게 실상이 좀 어떤가요?
1132.755	1143.855	speaker#B	국회의원은 인턴을 포함해서 (9명)/(아홉 명)의 유급 보좌 직원을 둘 수가 있겠구요. 입법조사처, 예산정책처, 그리고 법제실 같은 전문 기관에
1144.254	1154.390	speaker#B	좀/ 도움을 받을 수가 /os2 있겠습니다. /oe 그리고 반면에 지방의원들은 유급 보좌 직원 (1명)/(한 명)도 없이 혼자서 모든 것을 다 처리해야 돼요.
1146.496	1147.151	speaker#A	/os2 [음.(BC/continuer)] /oe
1154.541	1156.401	speaker#A	/os2 아우/ 외롭네요. /oe
1154.776	1155.421	speaker#B	/os2 그리고 저 /oe
1156.451	1169.942	speaker#B	정책 지원을 하는 전문 위원들이 있긴 한데 /os1 너무나 /oe 좀 숫자가 부족하고 /os1 많이 /oe 지원받는 데 한계가 있습니다. /os1 그리고 /oe 무엇보다도 그 의회 사무처 직원들이
1161.181	1161.571	speaker#A	/os1 [네.(BC/continuer)] /oe
1163.166	1164.161	speaker#A	/os1 [음.(BC/continuer)] /oe
1165.636	1165.896	speaker#A	/os1 [네.(BC/continuer)] /oe
1170.906	1172.828	speaker#B	아/ 직원들의 인사권이
1172.895	1173.254	speaker#A	[네.(BC/continuer)]
1173.286	1174.602	speaker#B	단체장에 있다보니까
1174.637	1175.053	speaker#A	[네.(BC/continuer)]
1175.119	1176.584	speaker#B	한계를 많이 느낍니다.
1176.624	1177.433	speaker#A	[아.(BC/understanding)]
1177.437	1181.713	speaker#B	그리고 지방의원들의 (60%)/(육십 퍼센트) 이상이 좀 초선 의원들이잖아요?
1181.713	1182.859	speaker#A	/os2 아/ 그렇죠. /oe
1181.947	1186.667	speaker#B	/os2 결국은 이 분들은 /oe 아까 말씀드렸듯이 당선에만 /os2 준비하고 /oe
1186.482	1186.942	speaker#A	/os2 [그렇죠.(BC/affirmative)] /oe
1186.988	1189.920	speaker#B	의정활동은 준비가 좀 안돼 있어서 /os1 근데 /oe 이건
1189.143	1189.328	speaker#A	/os1 [네.(BC/continuer)] /oe
1190.501	1196.551	speaker#B	교육, 교육이나 이런 것도 스스로 하든지 /os1 경험으로 /oe 체득하는 그런 좀 어려움이 있습니다.
1193.261	1193.506	speaker#A	/os1 [네.(BC/continuer)] /oe
1196.605	1200.828	speaker#A	아/ 지방의원님분들은 좀 애로사항이 굉장히 많겠네요.
1201.010	1210.150	speaker#B	네. 지방의원들 중에서도 또 도시에 지방의원들도 있고 /os1 농산어촌 /oe 에/ 시골에도 지방의원들이 있는데요.
1206.255	1207.280	speaker#A	/os1 [아. 그렇죠.(BC/affirmative)] /oe
1210.157	1210.637	speaker#A	[네.(BC/continuer)]
1210.676	1219.176	speaker#B	시골에 있는 지방의원들은 한 사람, 한 사람 일일이 다 대민 /os1 접촉을 해서 /oe 피부로 부대끼면서 같이 생활해서
1214.845	1216.570	speaker#A	/os1 [아. 네.(BC/continuer)] /oe
1219.576	1231.796	speaker#B	그 한 분, 한 분이 어디가 아픈지, /os1 집안에 /oe 문제가 있는지, 숟가락이 몇 n/ 개인지, 자녀가 결혼을 했는지, 얘가 언제 가는지 /os1 이런 /oe 것들까지 집에 강아지가 몇 마리가 n/ 있는지까지 알 정도로
1221.776	1222.241	speaker#A	/os1 [음.(BC/continuer)] /oe
1227.501	1228.041	speaker#A	/os1 [네.(BC/continuer)] /oe
1231.838	1232.284	speaker#A	[네.(BC/continuer)]
1232.327	1237.915	speaker#B	예. 그렇게 피부로 대민을, 직접 /os2 부대끼면서 /oe 이렇게 생활을 합니다.
1236.102	1236.647	speaker#A	/os2 [네.(BC/continuer)] /oe
1237.931	1241.447	speaker#A	음/ 정말 일거수일투족을 다 알 만큼
1241.541	1256.341	speaker#B	그래서 그/ 뭐/ 그래서 민원들도 직접 가서 몸으로 부대끼면서 해야죠. 또 예산, 조례, 행정감사 이런 것들에 한꺼번에 하느라고 /os1 몸에 /oe 하나라, 하나여서 많이 부족하죠.
1252.696	1253.271	speaker#A	/os1 [네.(BC/continuer)] /oe
1256.386	1257.275	speaker#A	하하하, 네.
1257.541	1273.040	speaker#B	그래서 봉사 정신이나 보람을 갖고, 소명의식을 갖고 /os1 하는데 /oe 좀 어려움이 많은데 그래도 어떤, 주민들이 손 꼭 잡아주면서 /os1 애쓴다. /oe 그렇게 알아주시면 그 힘으로 /os1 하고 /oe 있는 것 /os2 같습니다. /oe
1262.142	1262.877	speaker#A	/os1 [네.(BC/continuer)] /oe
1267.041	1267.561	speaker#A	/os1 [네.(BC/continuer)] /oe
1271.466	1272.071	speaker#A	/os1 [아.(BC/continuer)] /oe
1272.864	1278.494	speaker#A	/os2 뭔가 /oe 그래도 내 노력을 그래도 알아주시는구나 하는 마음이 좀 생기나 보네요. /os2 어/ 듣는데 /oe
1277.284	1278.489	speaker#B	/os1 네. 그렇습니다. /oe
1278.494	1279.807	speaker#A	뭔가 좀 짠합니다. n/
1280.785	1286.025	speaker#A	그렇다면 의원님이 평소에 하루의 일과가 어떻게 되시나 좀 약간 궁금한데요.
1286.979	1296.421	speaker#B	하/ 뭐 내일매일 /os2 다르겠지만 /oe 기본적으로 어/ 보통 아침 일찍 회의하는 게 많아요.
1289.599	1290.074	speaker#A	/os2 [네.(BC/continuer)] /oe
1296.437	1299.218	speaker#A	아/ 아까 말씀하셨던 조찬 모임도 /os2 있으시고, /oe
1298.832	1306.838	speaker#B	/os2 네. /oe 보통 조찬 모임을 (7시 반)/(일곱 시 반)정도에 조찬 모임에 /os1 참석을 /oe 해서 같이 식사하면서 회의도 하고
1303.067	1303.347	speaker#A	/os1 [네.(BC/continuer)] /oe
1307.069	1307.781	speaker#A	[음(BC/continuer)]
1307.821	1312.062	speaker#B	음/ 그리고 인제 (9시)/(아홉 시)정도에 의회에 들어가서
1312.088	1312.657	speaker#A	[네.(BC/continuer)]
1312.682	1319.838	speaker#B	어/ 업무를 보다 보면 (10시)/(열 시) 넘으면 또 약속된 민원들이 /os1 민원인들께서 /oe 의회에 방문하세요.
1317.157	1317.602	speaker#A	/os1 [네.(BC/continuer)] /oe
1319.865	1320.385	speaker#A	[네.(BC/continuer)]
1320.453	1327.984	speaker#B	그러면 또 민원 해결을 위해서 집행부 공무원과 같이 /os1 삼자대면해서 /oe 같이 민원처리고 하구요, /os1 그러다 /oe 보면
1324.063	1324.383	speaker#A	/os1 [네.(BC/continuer)] /oe
1327.078	1327.418	speaker#A	/os1 [네.(BC/continuer)] /oe
1328.691	1336.229	speaker#B	뭐 (11시)/(열 한 시)에 또 (12시)/(열 두 시)정도 되면 점심 약속이 있어서 /os1 대부분 /oe 점심 약속들이 있으니까요.
1333.886	1334.431	speaker#A	/os1 [아.(BC/continuer)] /oe
1336.286	1336.840	speaker#A	/os1 [아(BC/continuer)] /oe
1336.775	1355.854	speaker#B	/os1 점심 /oe 약속 하고 또 완, 군에서 행사가 있으면 행사에도 참석하고 오후에는 지역구 가서 민원인들 만나다보면 뭐 서너시간 그냥 훌쩍 /os2 지나가고 /oe 그/ 저녁에도 역시 뭐/ 저녁 약속들이 거의 다 매일 있습니다. 한 /os2 (2주)/(이 주)정도는 /oe 꽉 차 있어서
1347.873	1348.523	speaker#A	/os2 [네.(BC/continuer)] /oe
1354.380	1354.675	speaker#A	/os2 [아.(BC/continuer)] /oe
1355.895	1359.270	speaker#A	어우/ /os2 정말요? /oe 식사를 n/ 항상 나가서 /os2 하시겠네요. /oe
1356.790	1357.175	speaker#B	/os2 [네.(BC/continuer)] /oe
1358.835	1359.010	speaker#B	/os2 [네.(BC/continuer)] /oe
1359.780	1366.355	speaker#B	그리고 또 저녁 식사 하고 나서는 또 밤에 또 미팅 약속이 거의 대부분 있어요.
1366.375	1366.949	speaker#A	[네.(BC/continuer)]
1367.055	1375.260	speaker#B	그리고 그냥 (9시)/(아홉 시) 넘어가면 장례식장, /os1 지역구 주민들의 /oe 장례식장이 하루에 한 (2,3군데)/(두 세 군데)씩 있어서
1370.595	1371.460	speaker#A	/os1 [아.(BC/continuer)] /oe
1374.915	1375.964	speaker#A	하/ 아 /os2 정말요? /oe
1375.792	1386.878	speaker#B	/os2 밤마다 /oe 장례식장에 출근하는 것 /os1 같습니다. 그래서 /oe 그 분들 다 손 잡아드리고 위로해 드리고 집에 뭐 (11시)/(열 한 시)이전에 가면 빨리 /os1 가는거죠. 네. /oe
1377.489	1379.044	speaker#A	/os1 아이코 어떡해 /oe
1384.900	1386.317	speaker#A	빨리 간 /os1 거군요, 오히려. /oe
1387.092	1394.536	speaker#A	n/ 전 정말 궁금합니다. n/ 사모님이 안녕하신지. 그럼 주말에는 또 일과가 어떻게 되시나요?
1395.318	1400.488	speaker#B	아/ 주말에는 또 더 일찍 시작해요.
1400.520	1402.300	speaker#A	어? 늦잠 안 주무시나요?
1402.352	1405.177	speaker#B	네. n/ 그래, 그래 봤으면 좋겠습니다.
1405.223	1405.925	speaker#A	[네.(BC/continuer)]
1406.223	1414.813	speaker#B	새벽에 지역구 주민들이 이제 특히 단풍철이나 행락철 되면 놀러를 많이 /os2 가세요. 관광차 /oe 타고 출발하면
1412.799	1413.659	speaker#A	/os2 [아. 그렇죠.(BC/affirmative)] /oe
1414.802	1415.301	speaker#A	[네.(BC/continuer)]
1415.328	1419.645	speaker#B	(6시 반)/(여섯 시 반), 또는 /os1 (7시)/(일곱 시), /oe (7시 반)/(일곱 시 반) 대부분 요 때 출발하세요.
1416.468	1416.893	speaker#A	/os1 [음.(BC/continuer)] /oe
1419.662	1420.129	speaker#A	[네.(BC/continuer)]
1420.163	1426.562	speaker#B	가서 일일이 또 손 잡아드리고 안녕히 잘 다녀오시라고 버스에서 마이크 잡고 /os1 인사하고 /oe
1425.378	1425.863	speaker#A	/os1 [네.(BC/continuer)] /oe
1427.166	1430.816	speaker#B	또 내려와서 가시, 잘 가시라고 (bye bye)/(빠이 빠이) 안녕해드리고
1430.839	1433.531	speaker#A	의원님 손이 항상 닳겠어요. n/
1434.061	1438.446	speaker#B	네. 그리고 전 (8시 8시 반)/(여덟 시 여덟 시 반)되면 축구장에 갑니다.
1438.557	1440.631	speaker#A	아/ 축구는 직접 하시는 건가요?
1440.644	1444.911	speaker#B	아니 축구 동호인들이 /os1 주말에는 /oe 항상 축구를 하세요.
1442.454	1442.964	speaker#A	/os1 [네.(BC/continuer)] /oe
1444.941	1446.546	speaker#A	아/ /os2 격려 차. /oe
1445.640	1450.415	speaker#B	/os2 그래서 /oe 거기 가서 격려 차 또 거기 손 잡아 /os1 드리고 네. /oe
1449.195	1450.420	speaker#A	/os1 또 손 잡아드리는군요. /oe
1450.864	1454.924	speaker#B	그리고 또 축구 행사 같은 거 있으면 또 축구 행사에 참석도 하고
1454.939	1455.630	speaker#A	[네.(BC/continuer)]
1455.697	1461.003	speaker#B	그렇습니다. 그리고 인제 또 주말에는 행사가 또 특히 많아요.
1461.031	1461.991	speaker#A	/os1 [아/(BC/understanding)] /oe
1461.894	1470.937	speaker#B	/os1 대충 /oe 뭐 (3건 4건)/(세 건 네 건) 막 이렇게 있는 경우도 /os2 많고 /oe (10시)/(열 시)에 행사, (12시)/(열 두 시)에 행사, /os1 (1시)/(한 시)에 행사 /oe
1466.204	1466.974	speaker#A	/os2 [오.(BC/continuer)] /oe
1469.889	1470.589	speaker#A	/os1 [네.(BC/continuer)] /oe
1471.541	1476.823	speaker#B	그래서 행사 오전에 (10시)/(열 시)에 생, 참석하면 /os1 또 /oe (12시)/(열 두 시)되면 예식장에 갑니다.
1474.881	1475.206	speaker#A	/os1 [네.(BC/continuer)] /oe
1476.973	1477.869	speaker#A	아 n/
1477.975	1487.170	speaker#B	지역구 주민들 예식장, 자녀들 결혼하는 데 예식장에 /os2 참석해서 /oe 축하해 드리고 그리고 또 점심 때는 예식장에서 이렇게 해결하구요.
1481.240	1481.810	speaker#A	/os2 [네.(BC/continuer)] /oe
1487.196	1487.588	speaker#A	[네.(BC/continuer)]
1487.626	1492.932	speaker#B	오후에 또 행사장 다니고, 민원인 만나고, 또 저녁에 약속 있고
1492.958	1493.734	speaker#A	[네.(BC/continuer)]
1494.031	1496.760	speaker#B	밤에는 또 /os2 장례식장 가고 /oe n/
1495.681	1498.720	speaker#A	/os2 또 장례식장이요? /oe n/ 아이고
1498.770	1505.435	speaker#B	이게 뭐 거의 저를, 저 뿐만 아니라 대한민국의 모든 지방의원들이 /os1 비슷한 /oe 생활을 하실 겁니다.
1503.655	1504.185	speaker#A	/os1 [네.(BC/continuer)] /oe
1505.509	1513.734	speaker#A	집에는 정말 잠만 자러 들어가는 거네요. 평일이랑 주말 할 것 없이 정말 바쁜 스케쥴을 소화하고 계십니다.
1514.281	1519.906	speaker#A	그렇다면 제가 의원님의 이력을 이렇게 쭉 봤습니다. 아주 화려하시던데요.
1519.906	1521.114	speaker#B	아/ n/ /os2 그렇습니까? /oe
1520.781	1532.802	speaker#A	/os2 네. /oe 뭐 대학교 겸임교수도 /os2 하셨고, /oe 또 국회의원 보좌관까지 지내셨더라고요. 그럼 의원님께서 어쩌다가 이 정치를 시작하시게 된 건지 궁금해집니다.
1523.566	1523.941	speaker#B	/os2 [네.(BC/continuer)] /oe
1533.490	1544.336	speaker#B	제가 정치를 시작한 건 저의 부친의 영향을 많이 받은 /os1 것 같습니다. /oe 저희 아버지께서 어려서 이장을 (37년)/(삼십 칠 년)간을 /os2 하셨어요. /oe 네.
1538.221	1539.076	speaker#A	/os1 [어.(BC/continuer)] /oe
1542.760	1544.390	speaker#A	/os2 하/ 되게 오래하셨네요. /oe
1544.796	1553.432	speaker#B	마을 사람들을 위해서 솔선수범 하는 거를 아주 어렸을 때, 초등학교 저학년 /os1 때부터 /oe 쭉 봐왔던 것 같애요.
1550.951	1551.871	speaker#A	/os1 [음.(BC/continuer)] /oe
1553.461	1554.078	speaker#A	[네.(BC/continuer)]
1554.228	1560.643	speaker#B	그래서 어/ 어느 날은 초등학교 고학년 때인 것 같애요.
1560.656	1561.083	speaker#A	[네.(BC/continuer)]
1561.585	1567.557	speaker#B	눈이 많이 오는 날인데 삽과 괭이를 들고, 아버지께서 같이 가자고 하더라구요. 그래서
1567.568	1568.385	speaker#A	어디를 가는 거죠?
1568.415	1576.680	speaker#B	n/ 그래서 무조건 따라 /os2 갔죠. /oe 가다 보니까 저희 마을이 고개를 하나 /os2 넘어야 /oe 저희 마을이 있어요.
1570.140	1570.635	speaker#A	/os2 [네.(BC/continuer)] /oe
1574.695	1575.485	speaker#A	/os2 [음.(BC/continuer)] /oe
1576.729	1577.774	speaker#A	/os1 [아/(BC/understanding)] /oe
1577.541	1580.526	speaker#B	/os1 이 /oe 고개로 가셔, 가서 이 비탈길에
1580.600	1581.119	speaker#A	[네.(BC/continuer)]
1581.145	1593.255	speaker#B	그 꽁꽁 언 흙을 /os1 괭이하고 /oe 삽하고 파서 이 도로에다 뿌리는 /os2 거에요. /oe 뿌리고 나서 버스회사에다 전화를 했습니다. 눈 땜에 차가 못 /os1 들어와서 /oe
1582.945	1583.240	speaker#A	/os1 [네.(BC/continuer)] /oe
1587.115	1587.615	speaker#A	/os2 [네.(BC/continuer)] /oe
1591.838	1593.251	speaker#A	/os1 아/ 못 올라오니까. /oe
1593.250	1596.324	speaker#B	주민들이 다 걸어가서 버스 타고 /os2 나가거든요. /oe
1596.085	1596.770	speaker#A	/os2 [네.(BC/continuer)] /oe
1596.927	1607.546	speaker#B	그니까 여기다가 흙을 뿌린 다음에 버스에다 전화해서, /os1 버스회사에서 /oe 버스 여기 눈 다 흙으로 다 깔아놔서 안 미끄럽게 했으니까 /os1 버스 좀 이렇게 /oe 보내주세요.
1600.552	1601.147	speaker#A	/os1 [음.(BC/continuer)] /oe
1606.027	1606.787	speaker#A	/os1 [아/(BC/understanding)] /oe
1607.572	1609.042	speaker#A	이제 안전하다. n/
1609.593	1614.573	speaker#B	그렇게 해서 저하고 아버지하고 둘이 그렇게 흙으로 /os2 푸고 네. /oe
1613.677	1616.412	speaker#A	/os2 단 둘이서 /oe 그 힘든 일을!
1616.733	1624.792	speaker#B	글쎄, 저야 뭐 그 땐 어려서 그냥 했는데 /os1 그. 그 /oe. 뭐/ 그런 일들이 겨울마다 계속 반복해서 /os2 있었구요. /oe
1619.463	1619.953	speaker#A	/os1 [네.(BC/continuer)] /oe
1624.077	1625.807	speaker#A	/os2 아/ /oe 매년 /os2 겨울마다. /oe
1625.416	1634.982	speaker#B	/os2 네. /oe 그런 걸 보면서 아버지의 봉사하는 마음, /os1 그런 마음들을 /oe 눈으로 보고, 가슴으로, 저도 모르게 그냥 자연스럽게 본 것 같애요.
1629.216	1629.721	speaker#A	/os1 [네.(BC/continuer)] /oe
1634.982	1635.482	speaker#A	/os2 [그쵸.(BC/affirmative)] /oe
1635.395	1641.817	speaker#B	/os2 그 /oe 영향을 받아서 조금 더 큰 봉사를 /os1 해야겠다라고 /oe 생각을 한 것 같습니다.
1638.865	1639.520	speaker#A	/os1 [음.(BC/continuer)] /oe
1642.125	1656.614	speaker#A	어/ 근데 아버님께서 정말 멋있는 분이시네요. 뭐 누가 말하지도 않았는데, 정말 솔선수범해서 삽을 딱 /os2 들고, /oe 길을 나서신 모습이 뭔가 상상이 되니까 뭔가 박수 쳐 드리고 싶은 그런 모습이 딱 연상이 /os2 되네요. /oe
1648.876	1649.311	speaker#B	/os2 [네.(BC/continuer)] /oe
1656.260	1658.201	speaker#B	/os2 고맙습니다. /oe 또 하나 생각나네요.
1658.223	1658.767	speaker#A	[어/ 네.(BC/continuer)]
1659.572	1672.746	speaker#B	어/ 저희 어렸을 때는 도로가 비포장도로였어요. /os1 시골에. /oe 차가 다 달리면 /os1 출렁출렁 하거든요. /oe 버스 안에 있으면 출렁 출렁 해서 /os2 힘들거든요. 멀미도 /oe 많이 나고,
1663.812	1664.667	speaker#A	/os1 [음.(BC/continuer)] /oe
1666.712	1668.162	speaker#A	/os1 [아. 네.(BC/continuer)] /oe
1670.557	1672.032	speaker#A	/os2 아/ 멀미 나겠네요. 네. /oe
1673.275	1681.286	speaker#B	그 역시 또 n/ 아들아 가자. 예. n/ 어디 가시는데요. 묻지도 /os2 않습니다. /oe 하두 같이 /os2 가서 /oe 이
1678.110	1678.465	speaker#A	/os2 [네.(BC/continuer)] /oe
1680.095	1680.635	speaker#A	/os2 [네.(BC/continuer)] /oe
1681.952	1692.651	speaker#B	울퉁불퉁한 도로를 높은데를 깎아서 /os1 낮은데에다 뿌려서 /oe 평탄작업을 해서 /os1 버스가 /oe 좀 덜 뜨게, 요 오래 못 가요. 비 몇 번 오면 /os1 다시 또 패이거든요. /oe
1684.438	1685.958	speaker#A	/os1 아/ 다 평평하게 /oe
1687.072	1687.637	speaker#A	/os1 [네.(BC/continuer)] /oe
1691.282	1692.632	speaker#A	/os1 또 울퉁불퉁해지죠. /oe
1692.758	1697.551	speaker#B	또 파서 그런 모습들을 제가 봤던 게 지금 생각이 납니다.
1697.598	1707.968	speaker#A	네. 아/ 그래도 아버님 일화를 들으면은 좀 뭉클합니다. 뭔가. 또 정말 아버지를 보면서 아 너무 존경스럽다라고 생각을 많이 하셨을 것 같애요.
1708.505	1715.937	speaker#B	특히 어렸을 때는 존경하는 사람이 누구냐? 물어보면 /os1 세종대왕 /oe /os2 이순신 장군 /oe 대부부 다 /os2 이렇잖아요. /oe
1712.200	1712.525	speaker#A	/os1 [네.(BC/continuer)] /oe
1713.240	1714.205	speaker#A	/os2 아/ 뭐 그렇죠. /oe
1715.385	1716.585	speaker#A	/os2 유명하신분들 뭐. /oe
1716.463	1725.135	speaker#B	근데 전 그때 초등학생인데도 불구하고 우리 아버지가, 아버지를 n/ 제일 존경한다라고 /os1 제가 선생님께 /oe 말씀드린 적이 /os1 있었습니다. /oe n/
1722.328	1722.933	speaker#A	/os1 [아.(BC/continuer)] /oe
1724.163	1724.688	speaker#A	/os1 [네.(BC/continuer)] /oe
1725.269	1728.902	speaker#A	어/ 되게 찡해요. n/ 눈물이 차오를 것 같애요.
1729.046	1738.881	speaker#A	n/ 뭔가 존경하는 인물로 아버지라고 말씀하시니까 아버지께서도 되게 뿌듯해하지 않으셨을까요? 내 자식에게 뭔가 인정을 받았다 이렇게
1739.059	1743.364	speaker#B	네. 맞습니다. 그리고 요즘에는 제가 의원이 된 뒤로는
1743.395	1743.739	speaker#A	/os1 [네.(BC/continuer)] /oe
1743.595	1745.805	speaker#B	/os1 되게 /oe 자랑스럽게 또 생각 /os1 해주시더라고요. /oe
1745.040	1759.405	speaker#A	/os1 아휴 그럼요. /oe 뭔가 자식이 잘 되는 모습을 부모님들은 항상 좋아하시잖아요. 그렇다면 이제 의원님이 아버님 때문에 정치의 길로 들어서게 되셨는데, 의원님이 생각하시는 정치란 그럼 무엇일까요?
1760.239	1761.494	speaker#B	되게 어려운 질문을 /os2 하셔서 /oe
1761.494	1762.714	speaker#A	/os2 아/ /oe 철학적이었나요? n/
1762.816	1769.171	speaker#B	n/ 그러니까요. 아 글쎄요. 젊었을 때는 정치에 되 전혀 관심이 없었어요.
1769.218	1771.223	speaker#A	아휴 그렇죠. 어렸을 /os1 땐 뭐. /oe 허허허.
1770.123	1782.734	speaker#B	/os1 대학교 /oe 대학교 때까지만 해도 뭐 학생회 활동도 안 해보고 데모하는데도 그냥 남의 /os2 일이였고, /oe 그냥 제 삶 살기 바쁘고 /os2 이렇게 살아왔는데 /oe
1777.828	1778.468	speaker#A	/os2 [음.(BC/continuer)] /oe
1781.638	1782.173	speaker#A	/os2 [네.(BC/continuer)] /oe
1783.725	1789.253	speaker#B	그리고 정치나 국가 제도나 이런 것들이 제 삶에 아무런 영향을
1789.390	1790.994	speaker#A	음/ /os2 그렇죠. /oe
1790.415	1796.461	speaker#B	/os2 주지 않는다고 /oe 생각했었어요. 그런데 마흔 살이 넘어가고 나이를 먹다 보니까
1796.524	1797.095	speaker#A	[네.(BC/continuer)]
1797.180	1800.837	speaker#B	이 정치가 내 생활하고 밀접한 연관이 있더라구요.
1800.921	1802.068	speaker#A	[아/ 그런가요?(BC/request confirmation)]
1802.103	1806.083	speaker#B	n/ (300명)/(삼백 명)의 국회의원들이 입법, /os1 법을 /oe 만들잖아요?
1804.933	1805.178	speaker#A	/os1 [음.(BC/continuer)] /oe
1806.116	1806.468	speaker#A	[네.(BC/continuer)]
1806.501	1809.510	speaker#B	그 법에 의해서 제가 움직여야 하더라구요.
1809.628	1810.303	speaker#A	/os1 [아/(BC/understanding)] /oe
1810.253	1816.477	speaker#B	/os1 세금을 /oe 높게 만드는 법을 만들면 제가 /os2 세금을 많이 내야 되고 /oe, 세금을 깎 깎아주는 법을
1812.548	1813.338	speaker#A	/os2 [아/ 그렇죠.(BC/affirmative)] /oe
1817.027	1825.906	speaker#B	/os1 개정을 /oe 하면 또 세금을 덜 내게 되고, 저의 삶하고 생활하고 정말 /os2 밀접한 /oe 관계를 갖게 되는 것을 느꼈습니다.
1817.043	1817.488	speaker#A	/os1 [네.(BC/continuer)] /oe
1822.307	1822.992	speaker#A	/os2 [음.(BC/continuer)] /oe
1825.948	1826.531	speaker#A	[네.(BC/continuer)]
1826.589	1831.505	speaker#B	그리고 거기서 만든 법을 따르지 않으면 범법자 되고 /os1 범죄자 되고. /oe
1830.719	1831.839	speaker#A	/os1 [아/ 그렇죠.(BC/affirmative)] /oe
1832.129	1845.557	speaker#B	예. 그래서 정치인들은 국민들을 설득하거나 가르치려고 하지 말고 국민들이 하는 뜻을 하늘의 뜻으로 알고 /os1 무조건 거기에 /oe 맞추고 /os1 따라야된다고 /oe 생각합니다.
1841.519	1842.274	speaker#A	/os1 [음.(BC/continuer)] /oe
1843.049	1843.384	speaker#A	/os1 [네.(BC/continuer)] /oe
1845.968	1855.393	speaker#A	아/ 저도 그 말을 많이는 들어봤었는데, 또 이 자리에서 들으니까 뭔가 좀 새롭게 다가오는 느낌이 /os2 있습니다. /oe 네.
1853.978	1854.853	speaker#B	/os2 아/ 그렇습니까? /oe
1856.128	1868.998	speaker#B	예. 실제로 일화를 하나 말씀드리겠습니다.(7 80대)/(칠 팔십 대)할머니들 행사, 어르신들 행사였었어요. /os1 그 때 /oe 저희가 행사에 참석해서 참석 다 끝나고 기념촬영을 /os2 하는데, /oe
1862.573	1862.913	speaker#A	/os1 [네.(BC/continuer)] /oe
1868.783	1869.498	speaker#A	/os2 [음.(BC/continuer)] /oe
1870.056	1887.192	speaker#B	또 그 높으신 분들께서 /os1 가운 /oe 의자를 놓고 앉 앉 가운데 앞에 앉으시고 /os1 할머니들이 /oe 또 이렇게 /os1 자연스럽게 /oe 당연히 /os1 자연스럽게 /oe 그동안 해 왔던 것처럼 와서 뒤에 딱 서는데, 아닙니다. 어머니, 앞에 와서 앉으세요.
1872.196	1872.536	speaker#A	/os1 [네.(BC/continuer)] /oe
1876.196	1876.801	speaker#A	/os1 [아.(BC/continuer)] /oe
1877.946	1878.826	speaker#A	/os1 [그쵸.(BC/affirmative)] /oe
1879.641	1880.311	speaker#A	/os1 [네.(BC/continuer)] /oe
1887.234	1887.944	speaker#A	[아.(BC/understanding)]
1887.968	1907.651	speaker#B	하고 제가 양보해 하 하면서 제가 옆에 있는 동료 의원에게 /os1 양보를 /oe n/ /os2 시켰죠. /oe 그래서 두분이 둘이서 양보 하니까 자연스럽게 다른 분들도 쭉 일어나고 어머니들 다 앞에 앉으시고 /os1 우리 /oe 같이 갔던 내빈들이 뒤에 서서 그렇게 사진 찍은 적이 /os2 있습니다. /oe
1892.943	1893.423	speaker#A	/os1 [예.(BC/continuer)] /oe
1894.158	1894.403	speaker#A	/os2 [네.(BC/continuer)] /oe
1901.143	1901.788	speaker#A	/os1 [네.(BC/continuer)] /oe
1907.243	1907.638	speaker#A	/os2 [어.(BC/continuer)] /oe
1907.729	1917.429	speaker#A	너무 훈훈한 일화인데요. n/ 저는 정말 그런 거 좀 생각을 못 해봤던 것 같애요. 당연히 뭐/ 어떤 행사에서나 기념 촬영을 할 때는
1917.868	1928.264	speaker#A	중요하신 분들은 뭔가 그런 높으신 분들인 것 같고, 항상 앞에 이렇게 딱 근엄하게 앉아서 촬영을 하셔야 된다고 저도 그렇게 생각을 했던 것 같애요.
1928.602	1941.362	speaker#B	그니까 오랫동안 아무 생각 없이 쭉 /os2 해왔던 /oe 뭐 풍습이고, 문화고, 이렇게 그냥 받아들여진 것 같은데 /os1 이제 /oe 좀 바꿔야 될 것 같애요. /os1 주민이 /oe 주인이고 정치인은
1932.277	1933.007	speaker#A	/os2 [네.(BC/continuer)] /oe
1936.452	1936.982	speaker#A	/os1 [네.(BC/continuer)] /oe
1938.522	1939.087	speaker#A	/os1 [음.(BC/continuer)] /oe
1941.887	1954.562	speaker#B	머슴이고 심부름꾼이고 n/ 대변인이고 뭐 이렇게 생각을, 주민들이 바꾸지 않으면 주민들이 주인이라, 주인이라는 생각을 하지 않으면 /os2 정치인들이 /oe 주인인지 알아요.
1952.512	1953.232	speaker#A	/os2 [음.(BC/continuer)] /oe
1954.634	1955.046	speaker#A	[네.(BC/continuer)]
1955.093	1968.233	speaker#B	바꿔야 될 것 같구요. /os1 또 /oe 한가지 일화를 더 말씀드리면 제가 n/ 한 (10년)/(십 년)도 더 된 이야기인데요. /os1 저희 /oe 아버지께서 이장을 오랫동안 하셨다고 /os2 했잖아요. /oe 아/ 제가 의원을 하기 훨씬 전이잖아요.
1956.378	1956.908	speaker#A	/os1 [네.(BC/continuer)] /oe
1961.148	1961.478	speaker#A	/os1 [네.(BC/continuer)] /oe
1964.698	1965.263	speaker#A	/os2 [네.(BC/continuer)] /oe
1968.244	1968.635	speaker#A	[네.(BC/continuer)]
1968.962	1977.234	speaker#B	음/ 저희 마을에, 마을 회관에 준공식이 있었어요. /os1 그 준공식을 /oe 이장인 저희 아버지께서 하셔야 되는 /os2 거예요. /oe
1973.382	1974.152	speaker#A	/os1 [음.(BC/continuer)] /oe
1977.002	1978.026	speaker#A	/os2 [아 그렇죠.(BC/affirmative)] /oe
1978.220	1983.984	speaker#B	그래서 저한테 상의를 하더라구요. /os1 준공식 /oe 좀 어떻게 해야 되겠냐. 니가 좀 맡아서 잘 좀 해 봐라.
1979.740	1980.440	speaker#A	/os1 [음.(BC/continuer)] /oe
1984.030	1984.536	speaker#A	[네.(BC/continuer)]
1984.578	1992.433	speaker#B	네. 알겠습니다. 해서 뭘 했냐면 보통 준공식, 마을회관 준공식 가면 어/ 주민들이 앉아 있고
1992.447	1992.920	speaker#A	[네.(BC/continuer)]
1993.133	2000.322	speaker#B	마을회관 앞에 (tape)/(테이프)를 설치를 해서 /os1 가위로 (tape cutting)/(테이프 컷팅)을 해요. /oe 이게 일반적이잖아요?
1996.078	1998.057	speaker#A	/os1 [아. 네. n/ 네.(BC/continuer)] /oe
2000.562	2002.057	speaker#A	아, 그렇죠. /os1 또 /oe
2001.458	2003.650	speaker#B	/os1 근데 /oe 제 제 생각은 다릅니다.
2003.677	2004.292	speaker#A	[네.(BC/continuer)]
2004.661	2013.909	speaker#B	이 마을회관의 주인공인 /os1 주민이 /oe (tape cutting)/(테이프 컷팅)을 하고 /os1 축하해주러 /oe 오신 내빈들이 와서 n/ 박수를 쳐 줘야 된다고 생각을 해요.
2007.037	2008.027	speaker#A	/os1 주민들이 /oe
2009.391	2009.881	speaker#A	/os1 [아.(BC/continuer)] /oe
2013.939	2014.855	speaker#A	[네.(BC/continuer)]
2015.079	2021.579	speaker#B	그래서 어떻게 했냐면, 이 마을 회관을 (4면)/(사 면)을 다 (tape)/(테이프)를 설치를 했어요.
2021.607	2023.212	speaker#A	아/ 아예 /os2 길게. /oe
2022.666	2028.421	speaker#B	/os2 네. /oe 그리고 주민들 전체에게 하얀 장갑하고 /os1 그/ /oe 내빈들이나 끼는
2026.066	2026.801	speaker#A	/os1 [음.(BC/continuer)] /oe
2028.441	2028.900	speaker#A	[네.(BC/continuer)]
2029.275	2044.593	speaker#B	예. 하얀 장갑을 주민들에게 다 드리고, 가위도 다 /os2 드렸어요. /oe (4면)/(사 면)에서 다 같이 (tape cutting)/(테이프 컷팅)을 하는데, n/ 그리고 박수는 내빈들이 쳐야 되는데, /os1 그것은 /oe 또 실상 하지는 /os1 못했구요. /oe n/ 대신에 다 같이
2032.690	2033.220	speaker#A	/os2 [네.(BC/continuer)] /oe
2040.345	2040.845	speaker#A	/os1 [네.(BC/continuer)] /oe
2042.865	2043.450	speaker#A	/os1 [아.(BC/continuer)] /oe
2044.651	2045.141	speaker#A	[네.(BC/continuer)]
2045.203	2052.354	speaker#B	다 같이 (1,2,3)/(하나 둘 셋) /os1 (tape cutting)/(테이프 컷팅)을 /oe 하는데, 주민들이 태어나서 이런 일도 한 번 /os2 해보네 그러시더라구요. /oe
2046.898	2047.413	speaker#A	/os1 [음.(BC/continuer)] /oe
2051.353	2053.592	speaker#A	/os2 어/ 그렇죠. 어리둥절 /oe 하죠. /os2 사실. /oe
2053.241	2062.666	speaker#B	/os2 네. /oe 그래서 아마 전에도 없었고 후에도 이런 기회가 있을까 싶습니다. /os1 저도 이제 /oe 그 광경을 보면서 저도 좀 감동을 n/ 받았습니다.
2057.757	2058.257	speaker#A	/os1 [네.(BC/continuer)] /oe
2062.676	2064.541	speaker#A	본인 스스로가 /os2 감동을 /oe 받으셨군요.
2063.541	2063.811	speaker#B	/os2 [네.(BC/continuer)] /oe
2064.569	2080.508	speaker#B	그리고 주변에서도 어떻게, 아/ 이건 되게 새로운 /os1 시각이다. /oe 라고 해서 /os1 너무 /oe 제가 좋아서 주민들에게 끼었던 장갑과 /os1 가위는 /oe 기념품으로 n/ 가져가세요. 라고 하고, 빌려온 거거든요.
2068.399	2068.884	speaker#A	/os1 [흐음.(BC/continuer)] /oe
2071.089	2071.654	speaker#A	/os1 [네.(BC/continuer)] /oe
2076.209	2076.539	speaker#A	/os1 [네.(BC/continuer)] /oe
2080.518	2082.283	speaker#A	아/ 오/ 그럼 그 비용은?
2082.320	2083.041	speaker#B	다 물어줬습니다.
2083.041	2087.883	speaker#A	아이고 n/ 어/ 갑자기 예상치 못한 지출이 생기셨을 /os1 것 /oe 같은데요.
2087.281	2087.496	speaker#B	/os1 [예.(BC/continuer)] /oe
2088.068	2089.187	speaker#B	n/ 뿌듯합니다. 그래도.
2089.187	2097.210	speaker#A	어우, 그래도 저도 들으면서 정말 감동받았어요. 뭔가 주민분들도 딱 자르면서 어리둥절했지만, 되게 좀 뿌듯하셨을 것 같애요.
2097.593	2106.896	speaker#A	의원님께 좀 이렇게 들어보니까 어떤 행사나 이런 데에서 주인공이 진짜 누구여야 하는지를 정확하게 인식을 좀 시켜주시는 게 아닌가 /os2 싶습니다. /oe
2106.368	2106.818	speaker#B	/os2 [네.(BC/continuer)] /oe
2107.521	2113.096	speaker#A	네. 그렇다면 의원님께서 최근에는 뭐 새로운 일이나 뭐 따로 계획하시는 게 없으신가요?
2113.659	2117.495	speaker#B	음/ 역시 계속 아버지 얘기만 하시, 하는 /os1 것 같은데요. /oe
2116.279	2118.819	speaker#A	/os1 아/ 아버지야 그 /oe 주요 등장 인물이시네요.
2118.854	2129.950	speaker#B	예. 제가 제일 존경하는 /os2 인물시라 네. /oe 그래서 저희 아버지 올해 연세가 /os2 (79세)/(칠십 구 세)세요. /oe 그래서 저희 자녀에게 미션을 줬습니다.
2120.779	2121.874	speaker#A	/os2 [아/ 그렇죠.(BC/affirmative)] /oe
2125.774	2126.799	speaker#A	/os2 [음. 네.(BC/continuer)] /oe
2130.153	2131.258	speaker#A	오? 어떤 미션이죠?
2131.851	2137.663	speaker#B	할아버지의 이야기를 듣고 /os1 그거를 /oe 글로 써서 자서전을 좀 만들자.
2134.211	2134.806	speaker#A	/os1 [네.(BC/continuer)] /oe
2137.762	2139.769	speaker#A	오? 뭔가 뜻 깊네요.
2139.937	2145.041	speaker#B	예. 그래서 손주들이 쓴 할아버지의 자서전. /os1 이것을 /oe 좀 펴 낼려고 하구요.
2143.667	2144.222	speaker#A	/os1 [음.(BC/continuer)] /oe
2145.069	2145.416	speaker#A	[네.(BC/continuer)]
2145.447	2150.747	speaker#B	이걸 펴내서 좀 제가 자랑을 할려고 해요. n/ 제 자랑을 하는 이유는
2150.792	2151.206	speaker#A	[네.(BC/continuer)]
2151.241	2153.974	speaker#B	저처럼 다른 모든 가정들도
2154.052	2154.572	speaker#A	[네.(BC/continuer)]
2154.981	2161.917	speaker#B	모든 가정들도, 자녀들이, 손주들이, 그 어머니, 아버지, 할아버지, 할머니들의 자서전을
2161.947	2162.392	speaker#A	/os1 [네.(BC/continuer)] /oe
2162.291	2164.985	speaker#B	/os1 다 /oe 출간하면 좋을 것 같다. 이런 생각이 들구요.
2165.023	2165.539	speaker#A	[네.(BC/continuer)]
2165.861	2171.808	speaker#B	예. 아프리카 속담에 노인 한 분이 사라지면, 도서관 하나가 사라진다는 속담이 있어요.
2171.873	2173.023	speaker#A	/os1 [아.(BC/understanding)] /oe
2172.466	2176.768	speaker#B	/os1 그래서 우리는 /oe 좀 그, 그런 것들 남겨야 되고 /os1 그걸 /oe 문화로 이렇게 만들어서
2174.966	2175.461	speaker#A	/os1 [네.(BC/continuer)] /oe
2176.849	2177.449	speaker#A	/os1 [네.(BC/continuer)] /oe
2177.312	2179.770	speaker#B	/os1 네. /oe 해야 된다고 그런 생각이 듭니다.
2180.013	2192.582	speaker#A	아/ 그 아버지께서 정말 예전에는 솔선수범으로 아주 봉사활동을 다니시더니 이제는 손주들한테 내 자서전을 쓰게 해 다오. 이렇게 말씀하시는 거 보니까 상당히 뭔가 좀 비상하신 것 같습니다.
2192.641	2200.145	speaker#B	그래서 (37년)/(삼십 칠 년)동안 이장님, 이장 일을 보셔서 /os1 음/ /oe 자서전 쓸 내용은 좀 많이 있을 것 /os2 같애요. /oe
2197.101	2197.606	speaker#A	/os1 [네.(BC/continuer)] /oe
2199.756	2200.131	speaker#A	/os1[네.(BC/continuer)] /oe
2200.173	2211.718	speaker#A	제가 지금 이 짧은 시간동안 들은 일화만 해도 굉장히 많기 때문에, 꼭 책이 혹시 출간이 될 예정이라면 저한테도 n/ 알려주시면 저도 꼭 한 번 읽어보도록 하겠습니다.
2211.739	2214.906	speaker#B	혹시 출간되면 /os1 꼭 한 권 /oe /os2 보내드리도록 하겠습니다. /oe
2212.849	2216.564	speaker#A	/os1 네. 아/ 어우 감사합니다. /oe 또 선물까지 받네요 제가.
2217.053	2223.053	speaker#A	그럼 의원님의 자녀분들에게 미션을 줬다고 /os1 하셨는데 /oe 자녀분은 어떻게 되시나요?
2220.203	2220.513	speaker#B	/os1 [네.(BC/continuer)] /oe
2223.647	2228.186	speaker#B	네. 큰 애가 지금 대학교 (2학년)/(이 학년)이고요, 작은 애가 중학교 (3학년)/(삼 학년)이고
2228.216	2228.633	speaker#A	[네.(BC/continuer)]
2228.687	2230.242	speaker#B	그 사이에 (2명)/(두 명)이 있습니다.
2230.870	2232.280	speaker#A	그 사이에 (2명)/(두 명)이요?
2232.343	2234.511	speaker#A	아/ /os1 자녀 /oe 그럼 (4명)/(네 명)이신 n/ 거에요?
2232.423	2232.803	speaker#B	/os1 [네.(BC/continuer)] /oe
2234.590	2235.549	speaker#B	예. 그렇습니다.
2235.586	2241.460	speaker#A	아/ 요즘 보기 드물게 정말 다자녀 가정 이시네요. 이 정도면 국가에서 상을 줘야 되는 거 아닌가요?
2241.677	2242.489	speaker#B	그러게요.
2243.447	2254.974	speaker#A	네. 정말 화목한 가정도 함께 이렇게 이루고 계시고, 훌륭하게 활동을 하고 계셔서, n/ 제가 이렇게 인터뷰를 하면서도 흐뭇한 눈길로 자꾸 보게 n/ /os2 됩니다. /oe
2254.726	2255.688	speaker#B	/os2 아/ /oe 고맙습니다.
2256.271	2265.231	speaker#A	그렇다면 이제 슬슬 마무리를 해 볼 텐데요. 나는 완주군이 이렇게 되도록 하고 싶다. 하는 뭐 의원님의 활동의 목표가 있을까요?
2266.799	2271.719	speaker#B	에/ 제가 태어난 곳이 시골 산골입니다.
2271.736	2272.306	speaker#A	[음(BC/continuer)]
2272.367	2279.790	speaker#B	거기는 저희 조상들이 (560년)/(오백 육십 년)전에 터를 잡고 /os1 지금까지 /oe 살고 있는 집성촌이예요.
2276.847	2277.337	speaker#A	/os1 [네.(BC/continuer)] /oe
2279.814	2280.669	speaker#A	[아.(BC/understanding)]
2280.885	2292.360	speaker#B	그래서 저희 조상들이 살아오셨고, 저희 부모님이 /os2 살아계시고 /oe 제가 살고 있고 저는 또 제 자녀들도 여기에 /os2 살아야된다고 /oe 생각합니다. /os1 그럴려면 /oe
2285.139	2285.589	speaker#A	/os2 [네.(BC/continuer)] /oe
2290.065	2290.620	speaker#A	/os2 [음.(BC/continuer)] /oe
2291.200	2291.640	speaker#A	/os1 [네.(BC/continuer)] /oe
2292.715	2297.743	speaker#B	살 수 있게, 살 만 하게 만들어야 우리 자녀들이 살 수 있거든요.
2297.768	2298.268	speaker#A	/os1 [네.(BC/continuer)] /oe
2298.163	2310.842	speaker#B	/os1 그걸 /oe 이제 확대해보면 완주군이, 완주군에서 사람이 살 수 있는 곳, 더 확대해보면 전국의 모든 지방들이 각각 살 수 있는 /os1 살 만한 /oe 곳으로 만들어야 된다.
2308.593	2309.258	speaker#A	/os1 [음.(BC/continuer)] /oe
2310.852	2311.257	speaker#A	/os1 [네.(BC/continuer)] /oe
2311.204	2312.529	speaker#B	/os1 이런 /oe 소망을 갖고 있습니다.
2312.575	2328.884	speaker#A	네. 아/ 완주, 그래도 아까 목표로 말씀하셨던 것도 뭐 (15만)/(십오 만) 주민들이 사는 곳 /os1 이렇게 /oe (slogan)/(슬로건)도 만들어 놓으셨고, 점점 더 살기 좋은, 의원님의 자녀분들도 계속 대대손손 살 수 있는 곳이 되지 않을까 생각을 합니다.
2319.300	2319.675	speaker#B	/os1 [네.(BC/continuer)] /oe
2329.520	2335.795	speaker#A	네. 오늘 이렇게 정종윤 의원님 모시고 얘기를 나눠봤는데요. 그렇다면 이제 시청자 분들께 마무리 인사 한 번 부탁드릴게요.
2337.304	2344.344	speaker#B	주민이 정치에 깊은 관심을 가져야 정치인들이 주민을 의식하고, 주민을 위해서 일을 하게 됩니다.
2345.136	2358.376	speaker#B	주민이 주인이 되는 세상, 지방자치 (tv)/(티브이)가 함께 하기를 바라겠습니다. 저도 지방에서 제가 있는 처소에서 최선을 다하고 노력하는 군의원이 되겠습니다. 감사합니다.
2361.826	2374.326	speaker#A	n/ (2019)/(이천 십 구) 지방 의회 의정 대상을 수상하신 완주군의회의 정종윤의원님을 모셔봤습니다. 앞으로도 활발한 의정 활동을 펼쳐주시길 기대하면서 오늘의 (the interview)/(더 인터뷰)는 여기서 마무리하겠습니다.
2374.625	2382.662	speaker#A	n/ (the interview)/(더 인터뷰)는 (naver tv channel)/(네이버 티비 채널)과 유튜브를 통해서도 다시 보실 수 있습니다. 지금까지 진행에 권지영이었습니다. 고맙습니다.
