38.689	51.283	speaker#A	n/ 안녕하세요.(The interview)/(더 인터뷰)의 김도희입니다.(The interview)/(더 인터뷰)는 각계 각층 명사를 초대해 사회 전반에 대한 이야기를 들어보는 시간입니다. 오늘은 더불어민주당 김승원 의원 모셨습니다. 의원님 안녕하세요?
51.401	53.411	speaker#B	n/ 네/ 안녕하세요. 반갑습니다.
53.505	57.543	speaker#A	n/ 네/ 안녕하세요. 먼저 이제 시청자분들께 /os1 인사 /oe 한 말씀 /os2 부탁드립니다. /oe
55.970	56.115	speaker#B	/os1 [네.(BC/continuer)] /oe
57.155	57.390	speaker#B	/os2 [네.(BC/continuer)] /oe
58.263	76.838	speaker#B	어/ 지방자치 시청자 여러분 안녕하세요. 어/ 더불어민주당 수원시 갑 국회의원 김승원입니다. 아/ 이렇게 지방자치 (TV)/(티비)를 통해서 여러분들을 만나 뵙게 돼서 너무 반갑고요. 어/ 좋은 시간이 될 수 있도록 예. 아/ 차분하게 솔직하게 말씀 올리도록 하겠습니다.
82.980	91.044	speaker#A	올해 (2월)/(이 월) 자로 /os1 벌써 /oe 의정 활동 (8개월)/(팔 개월) 차에 /os2 접어드시는데요, /oe 그동안 의정활동 하시면서의 소감 한 말씀 부탁드립니다.
84.465	84.690	speaker#B	/os1 [네.(BC/continuer)] /oe
87.355	87.725	speaker#B	/os2 [네.(BC/continuer)] /oe
91.047	101.617	speaker#B	네, 벌써 당선되고 (8개월)/(팔 개월)이 지났는데요, n/ 그동안 국민에게 필요한 (20여)/(이십 여) 가지 법안을 발의를 했습니다. 그 중에 몇 개는 벌써 통과 시킨 것도 있구요.
102.108	108.343	speaker#B	그다음에 국정감사를 통해서 어/ 여러분들의 소중한 세금이 어/ 낭비되지 않도록,
108.623	127.106	speaker#B	그런 낭비 사례를 많이 지적을 해서 어/ 고치 음/ 고치도록 했고요. 그 다음에 어/ 예산 심사를 통해서 예산이 필요한 곳에 꼼꼼히 쓰여질 수 있도록 그렇게 바로잡는 일을 했습니다. n/ (8개월)/(팔 개월)이 어떻게 지나갔는지 모를 정도로 굉장히 열심히 소중하게 일했던 시간이었던 것 같습니다.
127.569	141.231	speaker#A	네/ 또 작년에는 /os1 이/ 문화체육관광위원회 /oe 국정감사에서 /os1 직접 /oe 영상까지 찍어서 /os1 이제 생활 /oe 체육 지도자분들의 처우 개선을 위해 /os2 앞장서셨어요. /oe 그때 이야기를 좀 들려주실 수 /os2 있나요? /oe
129.449	129.679	speaker#B	/os1 [네.(BC/continuer)] /oe
132.209	132.784	speaker#B	/os1 [네네.(BC/continuer)] /oe
134.694	135.339	speaker#B	/os1 [네네.(BC/continuer)] /oe
138.449	139.159	speaker#B	/os2 [네네.(BC/continuer)] /oe
141.004	145.136	speaker#B	/os2 네. /oe 전국의 생활 체육 지도자분들이 (2800분)/(이천 팔백 분)이 계시는데,
145.555	164.966	speaker#B	어/ 이분들이 본연의 업무인 그런 생활 체육을 지도하는 일뿐만 아니라 그/ 관리 감독 기관의 그/ 사람한테 가서 그/ 뭐/ 포도를 딴다든가 또 술자리에 불려가서 술을 따른다든가 그런 인권 침해 사례를 많이 예. 저희가 그런 사례를 들었습니다. 그래서 관할 감독
165.494	169.924	speaker#B	관할 감독 기관인 그/ 문체부에다가 그런 사실을 얘기를 했구요.
169.925	187.428	speaker#B	이분들이 아마 그 지위가 불안해서 그런 인권 침해를 수용하시는 면도 있는 것 같아서 무기한 그/ 저기 무기한 기간제로 그 직을 정규직화하는 그런 법안 그런 정책을 내서 지금 여러 곳에서 지금 정규직화로 돼가고 있고.
187.429	191.910	speaker#B	네. 지금 그분들이 그래서 굉장히 기뻐하고 있다는 그런 소식을 듣고도 있습니다.
192.037	209.901	speaker#A	아/ 정말 그런 소식을 들으니까 저도 함께 /os2 기뻐지는데요. /oe 이제 이렇게 의원님께서는 /os1 아직은 /oe 그래도 새내기 정치인 신입 /os2 정치인이라고 불리곤 하는데요. /oe 그럼에도 불구하고 정말 바삐 활동을 /os2 해오셨어요. /oe 그중에서 좀 가장 주력했던 활동이 n/ 있다면 n/ 어떤 게 있을까요?
195.518	196.338	speaker#B	/os2 [네네.(BC/continuer)] /oe
197.773	197.948	speaker#B	/os1 [네.(BC/continuer)] /oe
200.323	202.507	speaker#B	/os2 [예. 맞습니다. 네네.(BC/affirmative)] /oe
205.617	206.207	speaker#B	/os2 [네네.(BC/continuer)] /oe
209.919	222.059	speaker#B	네. 어/ 여기가 지방자치(TV)/(티비)인데요, 어/ 저희 문재인 정부는 사실 자치분권을 추구하고 있습니다. 지역에 일은 지역 주민들이 선택 선택에 의해서 이루어질 수 있도록,
222.484	234.533	speaker#B	어/ 그래서 그래서 그런 법안의 내용을 담은 지방자치법을 (20대)/(이십 대) 국회에서는 폐기가 됐었는데 이번에 (12월)/(십 이 월)에 통과를 시켰습니다. 그래서 자치분권이 이루어질 수 있는 토대를 마련했고요.
234.809	242.484	speaker#B	(2번째)/(두 번째)는 일하는 국회법을 통과를 시켜서 저희가 국민들로부터 국회가 일하지 않는다는 그런 질타를 많이 받았는데,
242.874	257.286	speaker#B	무조건 (1달)/(한 달)에 상임위는 (2번)/(두 번) 또 법안을 심사하는 소위는 (3번)/(세 번) 이상 열리도록 의무적으로 열리도록 해서 일하는 국회가 될 수 있도록 어/ 그런 법안도 통과시키고 굉장히 좀 그런 일에 힘을 좀 집중했던 것 n/ 같습니다.
257.385	274.894	speaker#A	네/ 정말 말씀 들으니까 얼마나 바삐 활동을 n/ 하셨는지 느껴지는데요. 또 보니까 /os1 저희가 /oe (2019년도)/(이천 십 구 년도)에는 /os1 책을 /oe /os2 발간하셨더라고요. /oe 착한 사람이 이기는 세상 /os1 약한 사람이 /oe 행복한 세상이라는 책을 /os2 발간하셨는데 어떤 /oe 내용을 담고 있나요?
263.455	263.630	speaker#B	/os1 [네.(BC/continuer)] /oe
265.380	265.590	speaker#B	/os1 [예.(BC/continuer)] /oe
266.850	267.710	speaker#B	/os2 [아. 네네.(BC/continuer)] /oe
269.695	270.184	speaker#B	/os1 [네네.(BC/continuer)] /oe
273.090	273.435	speaker#B	/os2 [네네.(BC/continuer)] /oe
275.080	287.700	speaker#B	어/ 사실은 그 제 자서전 같은 느낌의 책입니다.(50)/(오십) 인생을 돌아보면서 제가 어릴 때 시골에서 태어나서 어/ 아픈 어머니 돌보면서 공부했던 기억이라든가,
288.219	302.760	speaker#B	또 판사가 되어서 또 재판을 했던 그런 기억들, 또 청와대에서 문재인 대통령님 모시면서 국가 정책을 그/ 열심히 살폈던 그런 부분들 을 돌아보면서 저는 결론이 어떤 법이라든가 이런 규제.
302.940	312.480	speaker#B	에/ 아니면 힘 이런 것보다는 선한 영향력이 세상을 따뜻하게 바꾸는 그런 그/ 가장 기본적인 n/ 토대가 아닌가 싶어서 제목을 그렇게 정했고요.
312.914	329.209	speaker#B	사회에 살다 보면 아무래도 약한 분들도 있는데 그런 분들도 행복할 수 있도록 인간의 기본적인 권리를 누릴 수 있도록 하는 기본적인 토대는 갖고 있어야겠다. 라는 생각에서 약한 분들도 행복해질 수 있는 그런 사회를 만들겠다는 그런 n/ 희망으로 그런 책을 내 내게 되었습니다.
329.984	342.804	speaker#A	n/ 네/ 정말 따뜻해지는 n/ 말씀을 해 /os2 주셨는데요. 응. /oe 네. 저희 의원님께서는 또 /os1 경기남부경찰청 /oe /os1 인권위원회 /oe 활동도 하셨고 /os1 또 /oe 경기도
333.844	334.784	speaker#B	/os2 예. 고맙습니다. /oe
336.904	337.294	speaker#B	/os1 [네네.(BC/continuer)] /oe
338.884	339.439	speaker#B	/os1 [네네.(BC/continuer)] /oe
341.354	341.849	speaker#B	/os1 [네네.(BC/continuer)] /oe
343.083	350.704	speaker#A	소청 심사위원회 활동도 /os2 하셨어요. 정말 /oe 다양한 이력들이 있는데, /os1 어/ 이러한 /oe 활동들을 하게 되신 계기는 어떻게 n/ 될까요?
345.129	345.619	speaker#B	/os2 [네네.(BC/continuer)] /oe
347.449	347.949	speaker#B	/os1 [네네.(BC/continuer)] /oe
350.929	361.239	speaker#B	어/ 사실은 수원은 제가 태어나고 자란 고향이고요, 저희 어머니 아버지도 수원이 고향이신데 n/ 어/ 제가 그 판사직 그리고 n/ 변호사 일을 하다 보니
361.644	378.064	speaker#B	그 사람의 기본권에 대해서 인권에 대해서 굉장히 많은 관심을 갖게 됐고, 인권이 가장 쉽게 또 중대하게 침해될 수 있는 곳이 수사 받는 사람들 경찰청에 오시는 분들의 그런 인권부터 먼저 살펴야겠다는 생각에서,
378.263	392.709	speaker#B	경기경찰청 지금은 경기남부경찰청에 그/ 인권위원 또 인권위원장을 맡아서 거의 (40)/(사십) 몇 개의 경찰서를 다니면서 n/ 인권 침해를 미리 예 예방할 수 있고 또 고칠 수 있는 그런 일들을 한 (10여)/(십 여) 년 해온 것 같습니다.
392.988	406.658	speaker#B	그리고 또 공직에 있던 경험을 살려서 소청심사위원 하면서 공무원들의 잘못에 대해서 징계를 하거나 혹은 뭐/ 딱한 사정이 있으면 선처도 할 수 있는 그런 일들도 함께 병행해서 해 해 왔습니다.
407.268	417.625	speaker#A	네/ 지금까지 이런 활동들이 지금의 김승원 의원님이 있기까지의 자양분이 된 것 같은데요. 그럼 이러한 활동들 중에 좀 특별히 기억에 남는 활동이 있다면 어떤 게 있을까요?
417.638	430.463	speaker#B	네/ n/ 어/ 제가 그/ 직접적으로 한 활동인데요. 어/ 우리나라에는 그/ 한국 남자분만을 보고 어/ 외국에서 오신 그/ 결혼 이주민 여성분들이 계십니다.
430.803	438.398	speaker#B	예전에는 이제 동남아시아에서도 많이 왔지만 제가 활동할 때는 그 중앙아시아 우즈베키스탄이라든가 이런 곳에서 오신 분들이 있는데,
438.783	458.596	speaker#B	이분들이 사실은 잘 사시는 분들도 있지만 한국 남편으로부터 좀 폭행을 당하는 그래서 이혼을 할 수 밖에 없는 그런 사정이 있습니다. 근데 이런 분들에 대해서 많이 지원해 주시는 단체가 있는데 저도 거기서 법률 구조 이혼 소송을 대리해서 한국 남자와 원활히 이혼할 수 있도록
458.927	475.332	speaker#B	또 이혼 후에도 서로 감정이 없도록 잘 조정하는 역할을 했던 것이 기억에 남고요, n/ 여러분들이 경찰서 가시면 (book cafe)/(북 카페)라든가 그것이 새로 생겼습니다. 에/ 그런 그런 것들을 갖다가 저희가 건의를 해서 경찰서에 조사를 받으시러 오시는 뭐,
475.773	487.002	speaker#B	피의자도 좋고 아니면 고소인도 조사를 받으러 오실 텐데 거기서 편안하게 일단 마음을 진정시키고 거기서 대기할 수 있도록 하는 그런 공간도 마련한 그런 기억도 나고요.
487.261	502.316	speaker#A	네/ 정말 이 약자들을 위한 의원님의 따뜻한 마음이 n/ 아까부터 계속 전해지는데 n/ 이쯤에서 한번 질문을 드려보고 /os2 싶어요. /oe 어/ n/ 의원님께서 생각하시는 정치란 무엇인가에 대한 답변을 한번 들어보고 /os2 싶습니다. /oe
495.741	496.311	speaker#B	/os2 [네네.(BC/continuer)] /oe
501.966	515.224	speaker#B	/os2 아. /oe 그/ 정치라는 그/ 한자에 나온 한자 자체에 거기에 뜻이 있다고 봅니다. n/ 어/ 바른 마음을 가지고 국민의 민생을 섬기는 것이 정치다라고 저는 말씀드릴 수가 있겠는데요.
515.434	532.659	speaker#B	정자에는 바를 정자가 들어 있어요. 국민 n/ 앞에서 몸과 마음을 바르게 하고 어떤 개인의 이익이라든가 개인의 그런 사리사욕 때문에 권력을 써서는 안 된다는 거겠죠.(2번째)/(두 번째)는 치에는 그/ 호를 상징하는 입을 상징하는 민생입니다.
532.783	551.163	speaker#B	국민들이 하루하루 따뜻하고 편안한 곳에서 어/ 어떻게 보면 배부르게 n/ 경제적인 걱정 없이 본인의 그/ 개인의 개성을 살릴 수 있는 경제적 토대를 마련해 드리는 것, 그래서 저는 바른 몸가짐으로 국민의 민생을 위해서 섬기는 것이 정치라고 생각을 합니다.
551.971	570.468	speaker#A	네/ 정말 감명 깊게 와 닿는 /os1 것 같은데요. 아하하하하 /oe 네. 그렇다면 이제 우리 의원님께서는 /os1 원래는 /oe 수원지방법원에서 판사로 근무를 /os2 하셨어요. /oe 그리고는 이제 법복을 벗고 /os1 국회에 /oe 입문을 하게 /os2 되셨는데 /oe 국회 입문의 결정적인 계기가 있다면 어떤 게 있을까요?
554.456	556.591	speaker#B	/os1 아/ 그래요? 고맙습니다. /oe
558.941	559.096	speaker#B	/os1 [네.(BC/continuer)] /oe
562.421	562.571	speaker#B	/os2 [네.(BC/continuer)] /oe
564.816	565.001	speaker#B	/os1 [네.(BC/continuer)] /oe
566.481	566.861	speaker#B	/os2 [네.(BC/continuer)] /oe
570.658	589.601	speaker#B	어/ 사실은 굉장히 우연한 기회에 n/ 정치에 입문하게 됐습니다. 제가 어/ 판사 등 공직 생활을 (10년)/(십 년)을 했고요, 변호사 생활을 (10년)/(십 년)을 했는데 n/ 채워지지 않는 뭔가 공허함이 있었습니다. 아/ 이렇게 n/ 인생을 살다가 죽을 죽으면 좀 그렇다라는 생각을 했었는데,
589.913	605.313	speaker#B	그때 마침 문재인 대통령께서 국민께 드리는 헌법 개정안 (30년)/(삼십 년) 만에 개정안을 준비를 하고 계셨는데, 어/ 한병도 정무수석이 저를 추천해 주셨고 대통령께서 저를 불러주셨습니다. 판사 출신 실무자가 와서
605.572	612.192	speaker#B	개헌안에 어/ 거기다 좀 힘을 보태달라 그래서 제가 (2018년)/(이천 십 팔 년) (1월)/(일 월)부터 청와대에 합류를 하게 됐구요.
612.549	617.029	speaker#B	거기서 사실은 이제 문재인 대통령님의 그 노력이라든가 눈물을 보게 됐고.
617.383	633.169	speaker#B	아/ 저도 이/ 저분과 함께 국민을 위한 그런 개혁의 법안을 꼭 n/ 국회에서 한번 만들고 통과를 시키고 싶다. 라는 생각이 들기 시작했습니다. 그래서 과감하게 정치에 도전을 하고 지금 이 자리에 서게 된 것 같습니다.
633.494	640.841	speaker#A	네, 그러면 여기서 /os1 이/ /oe 청와대 행정관 시절의 이야기도 좀 /os2 궁금해지거든요. 어떠셨나요? /oe
635.605	635.815	speaker#B	/os1 [네.(BC/continuer)] /oe
639.514	639.994	speaker#B	/os2 [네네.(BC/continuer)] /oe
641.528	658.185	speaker#B	아/ 정말 하하 원 없이 일했던 n/ 시간이었던 것 같습니다. n/ 어/ (6시)/(여섯 시) 반쯤 출근을 해서 아/ 아침을 먹고 오전부터 이제 회의하고 또 올라온 보고서 검토하고 또 회의하고 어/ 밤 (10시)/(열 시) (11시)/(열 한 시)까지 예, 일을 거의 해왔고요.
658.348	677.461	speaker#B	어/ n/ 뭐/ 유일한 낙이라면 청와대 그 안에 경내 산책하는 데가 있는데 가장 높은 곳에 올라가면 저기 남한산성 뭐/ 관악산 n/ 삼성산 멀리까지 다 보입니다. 탁 트인 그런 곳인데 그/ 어/ n/ 유일한 그런 산책으로 어/ 건강 관리를 하면서 보냈던 (1년)/(일 년)이었던 것 같습니다.
677.536	686.408	speaker#A	아/ 정말 좋았던 시절일 것 /os2 같기도 한데요. /oe 그렇다면 n/ 지금부터는 이제 /os1 지역 /oe 정책에 관한 이야기를 조금 나눠볼까 /os2 해요. /oe
680.211	681.436	speaker#B	/os2 [아. 네네.(BC/continuer)] /oe
683.366	683.671	speaker#B	/os1 [네.(BC/continuer)] /oe
685.731	686.291	speaker#B	/os2 [네.(BC/continuer)] /oe
686.942	703.955	speaker#A	어/ 요즘 이제 코로나 n/ (19)/(일 구)가 연일 기승을 부리면서 소상공인 자영업자분들이나 아니면 문화예술계에 종사하시는 분들이 어려움을 많이 겪고 /os2 계세요. /oe 의원님께서는 이러한 어려움을 해결하기 n/ 위해서는 /os2 어떻게 /oe 하면 좋을까 이렇게 생각하시는 부분이 있는지 /os2 궁금합니다. /oe
696.612	697.197	speaker#B	/os2 [네네.(BC/continuer)] /oe
700.302	700.447	speaker#B	/os2 [네.(BC/continuer)] /oe
703.642	712.740	speaker#B	/os2 네. /oe 코로나 발병이 벌써 (1년)/(일 년)이 지났습니다. 처음에는 저도 이렇게까지 길어질 줄이라고는 크게 생각을 못 했어요.
712.741	728.994	speaker#B	근데, 지금 코로나 발병이 장기화되면서 영업 제한이라든가 여러 가지 n/ 국민들의 활 이동 제한 때문에 그 피해가 고통이 지금은 이루 말할 수 없이 커졌고 어/ 더 이상 국민들께서 인내하시기가 힘든 때가 n/ 아닌가 싶습니다.
729.348	739.448	speaker#B	다행히 우리나라는 그 우수한 과학 기술력으로 신속하게 진단할 수 있는 (kit)/(키트)를 여러 n/ 가지로 침을 이용하든 소량의 혈액을 이용하든,
739.707	754.254	speaker#B	n/ 아니면 요기 비강에 있는 그거 검체를 채취하든 그런 방법으로 바로바로 진단할 수 있는 (kit)/(키트)가 마련되어 있고, 또 정부와 국민이 이것을 잘 활용할 수 있는 토대가 잘 갖춰져 있는데 저는 정말 빨리 신속하게 진단해서
754.442	766.897	speaker#B	어/ 코로나가 없는 분들은 (QR)/(큐알) 코드 같은 곳에 그걸 넣어서 한 (1주일)/(일 주일) 동안은 자유롭게 그런 분들끼리는 만나고 영화관에 들어가고 또 체육경기를 할 수 있고 또 학생들,
766.898	777.265	speaker#B	학생들은 빨리 진단을 받아서 그/ 코로나가 없으면 바로 학교에도 등교할 수 있고 또 증상이 없는 코로나가 있는 분들은 지금 치료제가 나오지 않았습니까?
777.530	788.591	speaker#B	빨리 치료해서 다시 생활로 n/ 회복시키는 그런 전국민적인 신속한 진단 그리고 활동의 자유 보장 그게 가장 지금 필요하다고 생각이 듭니다.
789.366	806.625	speaker#A	네/ 지금 이렇게 어려움을 겪고 있는 /os2 분들을 위해서 /oe 많이 고심한 흔적이 보이는 것 같습니다. /os1 n/ 네, /oe 직접 이제 발로 /os1 현장을 /oe 많이 /os2 가시잖아요. 현장에서 /oe 이제 그/ 소상공인 자영업자분들이나 n/ 여러분들을 만나보셨을 때는 좀 어떠셨나요?
792.281	792.751	speaker#B	/os2 [네네.(BC/continuer)] /oe
795.381	796.166	speaker#B	/os1 [네네.(BC/continuer)] /oe
798.336	798.746	speaker#B	/os1 [음.(BC/continuer)] /oe
799.851	800.436	speaker#B	/os2 [네네.(BC/continuer)] /oe
807.252	821.112	speaker#B	n/ 어/ 지금 이제 소상공인 자영업자분들의 호소는 그런 것 같습니다. 너무 전국적인 또 일괄적인 기준으로 재단을 하지 말고 본인들에게 어떤 재량 자유를 좀 허용해 달라는 n/ 것이고,
821.301	830.564	speaker#B	그것을 뒷받침할 수 있는 n/ 아까 말한 신속한 진단 키트라든가 또 그/ 국가에 대한 그런 협조 같은 거를 해달 해 응 아/ 할 테니
830.918	844.477	speaker#B	어/ n/ 그런 거에 대한 재량을 달라는 것인데요. 저희는 우리 국민의 n/ 그 성숙함이 특히 소상공인 자영업자분들은 본인이 절박하기 때문에 잘 지키실 거라 생각하고, 다만 일부 지금 문제가 되고 있는 뭐/ 종교시설이라든가,
844.861	861.572	speaker#B	그런 데 대해서는 국가가 직접 나서서 거기서 관리하고 진단하면 되니까 그런 면에서 현장에서는 좀 재량을 달라. 어/ 우리가 국가를 위해서, 이웃을 위해서 협조할 테니 이동의 자유. 어떤 시간 영업의 자유 같은 거를 좀 더 완화시켜 달라 이런 목소리가 제일 크셨습니다.
862.049	872.639	speaker#A	또 의원님께서는 수원시 장안의 아들로도 /os1 유명하시잖아요. /oe 그럼 여기서는 잠깐 수원과 장안의 자랑거리를 한번 말씀해 주실 수 있으신가요?
866.064	867.309	speaker#B	/os1 [네네네네.(BC/continuer)] /oe
872.629	888.705	speaker#B	사실 수원은 n/ 정조대왕이 n/ 아버지 사도세자를 기리는 마음에서 그 수원 수원 남쪽에 융건릉 융릉을 만드시고 또 거기에 화성 행궁을 만들어서 개혁 정치를 펼쳤던 곳입니다.
889.010	895.085	speaker#B	그래서 수원성 수원성을 정약용 선생에게 (2년)/(이 년) 만에 쌓을 쌓도록 했고,
895.330	911.750	speaker#B	그 주위에는 이제 둔전이라고 해서 백성들이 농사 지으면서 먹고 살 수 있는 그런 토대를 마련한 어떻게 보면 어/ 효. 효와 애민 사상이 깃든 그런 도시인데요. 수원의 첫 관문 관문이 장안문인데 이게 서울의 남대문보다 더 크다고 합니다.
911.750	921.072	speaker#B	그만큼 정조대왕께서 확실한 의지를 가지시고 어/ 백성을 사랑하는 마음으로 조성한 정말 개혁 도시라고 보실 수 n/ 있겠습니다.
921.494	932.684	speaker#A	네/ 이 수원과 /os1 장안의 /oe 사랑과 애정이 n/ 듬뿍 담긴 말씀을 해주셨는데요. /os1 그렇다면 /oe 이 지역구 활동 중에 좀 기억에 남는 의정 활동이 있다면 어떤 게 /os2 있을까요? /oe
923.065	923.215	speaker#B	/os1 [네.(BC/continuer)] /oe
926.869	928.059	speaker#B	/os1 [네네네.(BC/continuer)] /oe
931.904	941.882	speaker#B	/os2 많죠. 그/ /oe n/ 수원이 또 요새는 통닭거리로 또 /os2 유명한데 극한 /oe 직업에서 에/ 수원 통닭이 좀 유명해져서 관광객들도 많이 오시고 어/ 그런데요.
935.254	935.954	speaker#A	/os2 [네.(BC/continuer)] /oe
942.252	959.710	speaker#B	어/ 좀 지역을 다니면서는 저희 장안은 그/ 아이들의 행복한 곳이 되기를 저는 n/ 꿈꾸고 있어서 사실은 이제 이재정 교육감님이라든가 많은 분들을 만나고 호소를 n/ 해서 이번에 (7개)/(일곱 개) 학교에 아/ 급식소와 실내 체육관이 이번에 생기게 되었습니다.
959.817	967.397	speaker#B	아/ 많은 예산을 확보했고요. 그리고 수원에 유일하게 전국에서 고등학교 옆으로 고속도로가 지나가는 곳이 n/ 있습니다.
967.397	985.632	speaker#B	아/ 그것이 몇 년 동안 방치된 채로 학생들이 그/ 소음 속에서 공부를 하고 있었는데요. 이번에 그것을 좀 방음 터널화 시켜서 학생들이 마음 놓고 공부하고 뛰어놀 수 있는 그런 곳으로 어/ 바꿀려고 지금 주민들과 함께 노력을 하고 n/ 있구요. 예/ n/ 그렇습니다.
985.898	1005.090	speaker#A	의원님께서는 아이들을 위해서도 굉장히 힘써 주신다고 /os2 들었습니다. 특히 /oe 이/ 수원 장안구에 있는 초등학교 횡단보도 문제를 해결하기 위해서 /os1 직접 /oe 학부모님들과 상담도 하시곤 /os2 했는데요. /oe 그렇게 좀/ 직접 현장에서 소통하시면서 /os1 어떤 /oe 부분을 좀 느끼시는지도 /os2 궁금합니다. /oe
990.978	991.928	speaker#B	/os2 [네네네.(BC/continuer)] /oe
996.113	996.423	speaker#B	/os1 [네.(BC/continuer)] /oe
999.308	999.763	speaker#B	/os2 [네.(BC/continuer)] /oe
1002.528	1002.893	speaker#B	/os1 [네.(BC/continuer)] /oe
1004.862	1009.710	speaker#B	/os2 네. /oe 아까 아나운서님도 말씀하셨던 것 같은데 현장에 답이 정말 있는 것 같습니다.
1009.924	1019.649	speaker#B	현장에서 뛰어다니면 그곳에서 계신 분들이 그런 어떤 정책이라든가 민원을 얘기하시는데, 그 정책과 민원 속에 정말 정책이 들어 있고,
1019.914	1033.299	speaker#B	어/ 그걸 통해서 그/ 마을의 분쟁이라든가 또 민원을 해결할 수 있는 답도 들어있고 그래서 저는 어/ 정말 장안 수원 장안구가 걸어서 다 한 (20분)/(이십 분) 이내에 에 다 있습니다.
1033.578	1048.921	speaker#B	그서 걸어 다니면서 민원을 청취하고 그렇게 해결하려고 학부모님 또 주민자치위원장님 또 시장 상인분들 또 골목상권 분들 또 학원가분들 많이 많이 만나고 인사드리러 인사드리고 하고 있습니다.
1049.711	1064.035	speaker#A	네, 정말 얼마나 현장에서 열심히 하시는지가 느껴집니다. 그리고 n/ 또 얼마 전에는 더불어민주당 의원님들과 /os2 함께 /oe 중대범죄수사청 설립을 주제로 한 법안도발의하셨어요. /os1 이 법안은 /oe 어떤 내용인가요?
1057.596	1058.126	speaker#B	/os2 [네네.(BC/continuer)] /oe
1062.141	1062.591	speaker#B	/os1 [네네.(BC/continuer)] /oe
1064.343	1078.738	speaker#B	네. 사실은 그/ 정말 우리나라 검찰은 세계에서도 유래를 찾아볼 수 없을 정도의 막강한 권한을 갖고 있습니다. 어/ 수사를 할 것이냐, 말 것이냐 또 수사를 했으면 기소를 할 것이냐, 말 것이냐.
1079.284	1097.034	speaker#B	또 형 집행을 어떻게 할 것이냐 또 수사 안에는 압수수색 과연 그 회사라든가 가정을 막 그/ 정말 그/ 가장 힘들게 하는 게 압수수색이거든요. 압수수색을 할 것이냐, 말 것이냐 그런데 그것에 대해서 무죄가 나와도 누구도 책임을 지지 않는,
1097.392	1104.617	speaker#B	또 수사 중에 고통 속에서 자살하는 분이 있어도 거기에 대해서 책임을 지지 않는 그런 불합리한 면이 있었습니다.
1104.796	1124.062	speaker#B	n/ 그래서 다시 검찰은 원래 그/ 기소 여부 그 다음에 공소 유지만 재판에만 집중해라 수사는 다른 기관이 할 수 있도록 그렇게 독립적으로 설치를 해야겠다. 라는 뜻에서 어/ 중대수사청을 갖다가 설립하는 법안을 발의를 했고요.
1124.149	1139.014	speaker#B	아무래도 수사를 하다 보면 예단이 생깁니다. 그러면은 기소를 무리하게라도 기소를 하고 또 수사를 하다가 그것이 잘못되었어도 다른 걸 또 트집 잡아서 또 수 그/ 수사를 하고 기소를 하는 그런 사례가 많은데,
1139.014	1147.199	speaker#B	수사와 기소를 분리하게 되면 그런 과잉 수사라든가 별건 수사가 네/ 그/ 기소하는 사람들에 의해서 통제가 되고,
1147.419	1159.625	speaker#B	또 법원에 의해서도 통제가 되고 이중 통제가 되기 때문에 국민들이 좀 더 그런 n/ 수사에 떨지 않고 편안하게 편안하게 사실 수 있는 그런 토대가 어/ 곧 마련될 수 있을 거라 생각합니다.
1160.374	1167.847	speaker#A	그러면 /os2 의원님께서 /oe 생각하시는 이/ 중대범죄수사청이 설립이 /os2 된다면 /oe n/ 어떤 효과를 기대할 수 있을까요?
1161.099	1161.384	speaker#B	/os2 [네.(BC/continuer)] /oe
1165.324	1165.759	speaker#B	/os2 [네.(BC/continuer)] /oe
1168.024	1174.449	speaker#B	어/ 일단은 국민들께서 이제 수사기관에 통보를 와라 라 하면 막 걱정이 되시잖아요?
1174.761	1188.203	speaker#B	그런 걱정이 안 되게끔 그렇게 될 것이고 n/ 또 어/ 아까 말씀드렸지만 무리한 수사는 영장을 청구하는 이런 기소청 사람들이 통제를 할 수 있기 때문에 무리한 수사가 벌어지지 않을 것이고,
1188.292	1201.687	speaker#B	또 사실은 검찰이 어/ 우리 민족의 우리 국가의 명운을 바꾸는 그런 일들을 많이 했었습니다. 예컨대 이명박 대통령 때는 다스 (bbk)/(비비케이)가 이명박 대통령 게 아니다라고 했는데,
1201.993	1213.941	speaker#B	사실은 제대로 조사를 해보니 다스가 다 이명박 전 대통령 거고 (bbk)/(비비케이)도 다 관여가 됐다는 것이 다 드러나지 않았습니까? 그리고 검찰은 자기 식구에 대해서만은 유독 관대합니다.
1214.363	1228.083	speaker#B	예컨대 그 김모 김학의 전 차관의 그 동영상까지 있는 그걸 갖고도 다 무혐의로 봐주지 않습니까? 그 검사들이 술 접대 받는 검 것 것도 일반 공무원이면 반드시 처벌을 받았을 텐데,
1228.333	1247.541	speaker#B	자기 식구인 검사에 대해서는 계산을 좀 이렇게 이상하게 해 갔고 (96만)/(구십 육 만) 원으로 이렇게 응/ 처벌을 안 받게끔 빼준다든가 n/ 이런 일들이 어/ 없어지기 때문에 우리 n/ 국민이 원하는 또 정의로운 사회가 어/ 될 더 될 것으로 그렇게 어/ 생각을 하고 있습니다.
1247.796	1257.192	speaker#A	네/ /os2 그리고 또 /oe 얼마 전에는 /os1 김종인 /oe 위원장의 한일 해저터널 사업에 적극적으로 반대를 /os2 표명하셨어요. /oe 어떤 이유에서 하셨나요?
1248.416	1248.601	speaker#B	/os2 [음.(BC/continuer)] /oe
1249.936	1250.201	speaker#B	/os1 [네.(BC/continuer)] /oe
1255.156	1255.556	speaker#B	/os2 [네.(BC/continuer)] /oe
1257.588	1277.413	speaker#B	어/ 사실은 제가 청와대에서 근무할 때 n/ 그/ 저희 문재인 정부가 구상하는 신경제지도라는 것이 있습니다. 아/ 이쪽 그/ 부산과 목포에서 출발을 해서 중국과 시베리아를 거쳐 유럽까지 네/ 뚫리는 그런 철도 어/ 그/ 예전에는 실크로드라고 했는데 지금은,
1277.414	1289.866	speaker#B	철의 로드라고 하 볼 수 있죠. 그것을 갖다가 이제 통과를 시키면 어/ 물류 비용이 거의 한 (1/ 3)/(삼 분의 일) 정도가 줄어들어서 우리나라가 수출에 정말로 큰 이점을 갖고 있는 또,
1290.340	1307.543	speaker#B	저/ 태평양에서 들어오는 물류의 기착지도 부산 혹은 목포가 될 수 있도록 그렇게 설계를 한 것이 있는데 만약 김종인 그/ 대표 주장대로 한일 해저터널이 뚫리면 그 기착지는 큐슈가 될 것이고 태평양에서 오는 물류도 다 그쪽으로 올 것이고요.
1307.544	1324.217	speaker#B	굳이 부산까지 올 필요 없이 그러면은 부산은 정말 지나가는 정거장 정도만 되고 저희가 우리 국민을 위해서 생각한 신경제지도가 오로지 거의 일본을 위해서 다 그 이득이 일본에 귀속되는 그런 현상이기 때문에 어/ 그것에 대해서 제가 너무 깜짝 놀랬고,
1324.607	1334.717	speaker#B	또 그/ 터널 공사 비용이라든가 경제성에 대해서는 이미 (2003년)/(이천 삼 년) (2008년)/(이천 팔 년) 또 (2019년)/(이천 십 구 년)도에 이/ 타당성이 없다는 것이 결론이 나왔는데도,
1335.001	1348.381	speaker#B	그런 얘기를 하는 걸 봐서 n/ 어/ 저도 좀 깜짝 놀랐습니다. 예/ 너무 섣부르게 에/ 국민의 이익에도 부합하지 않는 말씀하셨구나 그래서 제가 즉각적으로 반대 의견을 어/ 국민들께 말씀을 드렸습니다.
1349.067	1362.775	speaker#A	네/ 국민의 이익을 생각하는 의원님의 마음이 느껴지는데요. 어/ 지난 (1월)/(일 월)에는 이 민주당 검찰개혁 (2차)/(이 차) (task force)/(태스크포스) n/ 위원으로도 /os2 선정되셨어요. /oe 이건 어떤 업무를 하게 되는 건가요?
1360.487	1360.827	speaker#B	/os2 [네.(BC/continuer)] /oe
1363.064	1368.579	speaker#B	네, 아까 그/ 그 중대범죄수사청 법안과 같은 맥락인데요.
1368.968	1387.191	speaker#B	어/ 지금 이제 국민들의 기본권이 인권이 침해되는 만 그 많은 이유가 수사하는 사람들이 기소까지 하기 때문에 아까도 말했지만 수 마음대로 n/ 압수수색을 하고 또 자기 수사가 설령 잘못됐다 하더라도 다른 걸로 또 수사를 해서 어쨌건 기소를 시키는
1387.655	1398.020	speaker#B	기소가 안 되면 본인들이 굉장히 그/ 평점에 에/ 지금 약간 그/ 손해를 봤기 때문에 그런 토대에서 무리한 과잉 수사가 있었던 건데요.
1398.320	1417.468	speaker#B	그런 국민의 인권을 보호하기 위해서는 수사와 아/ 기소를 분리를 해야 된다. 다른 기관에 맡겨야 된다. 그래서 그거에 n/ 대한 (task force)/(태스크포스) 그 팀에 실무자로서 합류를 하게 돼서 굉장히 디테일한 면까지 지금 어/ 같이 계속 논의하면서, 유치를 함을 논의하면서 어/ 지금 진행을 계속하고 있습니다.
1417.692	1429.483	speaker#A	이렇게 다방면에서 너무 활동을 열심히 하시다 보니까 작년에는 의원님께서 국정감사 /os2 우수의원 (3관)/(삼 관)왕을 달성을 하셨어요. 정말 축하드립니다. 아하하. /oe
1425.338	1429.483	speaker#B	/os2 아. 네네네네. 네. 고맙습니다. /oe
1429.484	1443.697	speaker#A	네. 정말 보면은 (NGO)/(엔지오) 국정감사 우수의원 또 더불어민주당 국정감사 /os2 우수의원 /oe 그리고 대한민국 공공정책 대상까지 /os2 수상하셨는데요. /oe 이 상은 어떤 상인지 또 수상 소감도 한말씀 부탁드립니다.
1435.083	1435.428	speaker#B	/os2 [네.(BC/continuer)] /oe
1439.523	1439.728	speaker#B	/os2 [네.(BC/continuer)] /oe
1443.845	1457.320	speaker#B	네/ 일단은 그/ 정말 수고해 준 우리 보좌진들에게 어/ 깊은 감사를 드리고요. 또 그 상의 의미는 하나는 저희 민주당에서 당에서 그/ 우수의원 선발을 한 것이고,
1457.749	1465.454	speaker#B	또 한 상은 이제 공공단체에서 (NGO)/(엔지오) 시민단체에서 주신 거고 또 한 상은 이제 그 공공정책학회라고 있습니다.
1465.781	1482.791	speaker#B	학회에서 어/ 학문적인 접근을 통해서 정책을 만드시는 분들이 주신 상이라 어/ 많은 면에서 이렇게 평가를 좋은 평가를 받았다라고 생각을 생각이 들고요, n/ 어/ 앞으로 더 열심히 하라는 그런 또 채찍의 의미로도 받아들이겠습니다. n/ 네.
1482.994	1497.312	speaker#A	네, 그리고 또 특별한 이력이 있던데 /os1 보니까 /oe 제가 어/ (21대)/(이십 일 대) n/ 총선에서 선거 활동을 하시다가 /os1 거리에서 /oe 쓰러진 행인을 구하신 이력이 /os2 있더라고요. /oe 그 당시 상황을 조금 설명해 주실 수 있나요?
1486.305	1486.585	speaker#B	/os1 [네.(BC/continuer)] /oe
1491.184	1491.489	speaker#B	/os1 [네.(BC/continuer)] /oe
1494.499	1495.069	speaker#B	/os2 [네네.(BC/continuer)] /oe
1497.458	1511.863	speaker#B	네. 사실은/ 그때 코로나가 막 시작된 때라서 사실은/ 그 많은 분들을 모아놓고 유세를 할 수는 없었고, 제가 찾아가면서 조심스럽게 제 에/ 정책이라든가 얼굴을 알리는 일을 하고 있었는데,
1512.176	1523.846	speaker#B	어/ 아침에 어르신께서 신호 대기를 하고 계시다가 갑자기 도로 안쪽으로 쓰러지시는 거예요. 그래서 제가 빨리 가서 어/ 차들의 통행을 갖다가 일단 좀/ 정지를 시키고,
1524.175	1538.305	speaker#B	n/ 어/ 선거 유세에 그/ 따뜻한 옷을 좀/ 덮어드리고 에/ (119)/(일 일 구)에 신고를 했었습니다. 그런데 그 어르신께서는 고 한 (30분)/(삼십 분) 전에도 기운이 없어 갖고 한 번 또 쓰러져서 신고가 들어왔던 어/ 그런 적이 있었다고 그러더라고요.
1538.531	1551.266	speaker#B	그래서 인제 구급차가 올 때까지 저희가 좀 인공 긴급 조치를 해드리고 어/ 구급차로 이송시켜드린 다음에 어/ 무사히 무사히 이제 퇴원하셨다는 한 (6시간)/(여섯 시간) 후에 퇴원하셨다는 말을 들었는데,
1551.660	1562.985	speaker#B	어/ 정말 그/ 환절기 또 요즘같이 강추위가 있고 그럴 때에는 어르신들을 우리가 한 번 더, 한 번 더 전화를 드리거나 꼼꼼하게 체크를 해야 되지 않을까 싶습니다. n/
1563.739	1582.937	speaker#A	네/ 정말 제가 아까부터 말씀드렸지만 /os2 정말 따뜻함이 /oe 느껴지는 것 /os2 같은데요. /oe 어/ 이쯤 되니까 저는 이/ 국회의원 김승원 의원님이 아닌 사람 김승원은 n/ 어떤 분일까 조금 궁금해져요. n/ 어/ 의 의원님께서는 보통 하루 일과가 어떻게 되시나요?
1566.429	1566.664	speaker#B	/os2 [예.(BC/continuer)] /oe
1568.469	1569.074	speaker#B	/os2 [네네.(BC/continuer)] /oe
1584.073	1589.104	speaker#B	어/ 그/ 저는 일단 그/ 세 아이의 아빠입니다. 에/ 세 아이 아빠고,
1589.855	1600.610	speaker#B	그다음에 하루 일과는 어/ (7시)/(일곱 시) 반쯤에 어/ 회의라든가 간담회 토론회가 있습니다. 아/ 그러려면 (6시)/(여섯 시) 반쯤 집에서는 나와야 되고요.
1601.038	1619.588	speaker#B	그다음에 주로 회의를 많이 하고 그다음에 아까 말씀드린 현장에서 시민분들과 또 어/ 좋은 정책을 원하는 단체분들이 계십니다. 단체를 만나서 어/ 일단은 그/ 좋은 정책을 위한 그런 기초 자료 수집도 하고요. 어/ 가장 그래도,
1620.147	1631.587	speaker#B	저 저에게 편안한 시간은 국회를 (1바퀴)/(한 바퀴) 산책하는 게 저에게는 가장 편안한 시간인데요. 한 (40분)/(사십 분) (50분)/(오십 분) 정도 이런저런 생각을 하면서 걷기도 하고,
1631.932	1648.757	speaker#B	아/ 청와대에 있을 때는 이렇게 주로 산인데 n/ 거의 북악산 보이고 인왕산 보이는데 국회는 주로 물이더라고요. n/ 한강이 보이고 여의도가 보이고 그래서 n/ 아/ 이게 지금 행정과 입법부가 서로 느낌이 다른 곳에서 위치해 있구나 뭐/ 그런 생각도 하게 되고 네/ 뭐/ 그렇습니다. n/
1649.609	1656.479	speaker#A	그럼 하루 일과가 /os1 정말 /oe 바쁘게 이제 운영이 되는 것 /os2 같은데 /oe 주로 쉬실 때는 그럼 어떻게 쉬세요?
1651.054	1651.314	speaker#B	/os1 [네.(BC/continuer)] /oe
1653.909	1654.249	speaker#B	/os2 [네.(BC/continuer)] /oe
1656.951	1664.026	speaker#B	어/ 지금 저희 국회의원회 회관에는 국민들께서 정말 마련해 주신 사실 그/ 목욕시설이 있습니다.
1664.480	1681.175	speaker#B	그래서 거기에 운동시설도 있고 해서 어/ 쉴 때는 대부분 거기서 이제 운동을 하거나 운동하고 나서 이제 에/ 사우나, 샤워를 하고 나오면 그게 제일 편안하고 개운하게 에/ 그/ 하루 스트레스를 풀 수 있는 그런 계기가 되기도 합니다.
1681.741	1689.536	speaker#A	네/ 그렇다면 저희가 이제 슬슬 마무리를 해볼 텐데요. 의원님의 새해 /os2 의정 활동 /oe 계획에 대해서 말씀 부탁드립니다.
1686.836	1687.061	speaker#B	/os2 [네.(BC/continuer)] /oe
1690.025	1701.315	speaker#B	우선 이 장기화된 코로나를 그로 이 그로 인해서 점점 깊어져 가는 국민들의 고통을 어/ 조금이라도 덜어드릴 수 있는 방안을 또 정책을 빨리,
1701.529	1717.549	speaker#B	에/ 신속하게 마련해서 해 드릴 수 있도록 아까 말씀하신 전국민적인 신속한 진단으로 어/ 코로나 균이 없는 분들은 이동의 자유 또 영업의 자유를 조금이라도 더 넓혀드리고 보장할 수 있도록 하는 민생을 살리는 일에 주목을 할 것이고요.
1717.549	1735.744	speaker#B	(2번째)/(두 번째)는 그/ 잘못된 수사 관행이라든가 또 법원에서의 어떤 편향된 판결로 인해서 고통받는 국민들이 계십니다. 인권 침해 받는 국민들이 계시는데 이런 분들이 인권을 침해받지 않을 수 있는 법적인 토대를 토대를 마련하는 일에 더 집중을 할 것이고
1736.142	1749.077	speaker#B	지역은 저희 수원 장안이 지금 사실은 교통이 조금 불편한 면이 있습니다. 아직 지하철이 다니지 않고 있는데요. 다행히 어/ 잇 올 가을부터 가을부터 지하철이 착공을 하게 됩니다.
1749.427	1759.462	speaker#B	그래서 어/ 수원 장안 주민들도 지하철을 통해서 이동의 자유 교통권을 다 충분히 보장받을 수 있는 그런 지역으로 어/ 꼭 만들고 싶고,
1759.746	1772.426	speaker#B	또 수원 장안 분들이 장안에서 태어나서 공부하고 거기서 직장을 다닐 수 있는 여러 가지 그/ (Techno Valley)/(테크노밸리) 같은 그런 산업단지 조성이라든가 그런 일에도 주민들과 함께 하고 n/ 싶습니다.
1772.958	1779.767	speaker#A	n/ 네/ 이렇게 마음이 따뜻한 의원님을 뵈니까 유년 시절이 궁금해집니다. n/ 어떤 어린 시절을 보내셨나요?
1779.800	1793.440	speaker#B	어/ 저가 어렸을 때는 어머니가 류마티스 관절염으로 그/ 병치레를 많이 하셨습니다. 걷지 못해서 제가 어머니 그 똥오줌을 수발하면서 아/ 그렇게 자랐는데요.
1793.718	1807.018	speaker#B	그/ 제가 이제 공부를 잘하게 된 것도 어머니가 유일하게 기뻐하시는 게 제가 이제 (100점)/(백 점) 맞은 시험지 들고 왔을 때 그 기뻐하는 모습 때문에 사실 제가 좀 공부를 좀 더 열심히 하게 됐고,
1807.697	1818.832	speaker#B	또 저는 좀 공감 능력이 있다. 라고 생각을 하는데 어/ 그것도 사실 어머님이 말씀 안 하셔도 뭐가 필요한지를 옆에서 이렇게 아들 입장에서 계속 찾아보고 있으면,
1819.087	1828.232	speaker#B	어/ 그러면 이제 제가 어머니가 필요한 것들을 이제 드리고 그런 것이 어릴 때부터 습관화가 돼서 좀 공감 능력이 있다는 말도 많이 듣는 것 같고요.
1828.755	1845.340	speaker#B	또 어린 시절은 또 어머니 병 나으라고 교회에 열심히 다니면서 기도도 하고, 예전에 이제 기도원 가서 그 나무를 잡고 기도하면 소원이 이루어진다 그래 갖고 어/ 나무를 잡고 기도하다가 그 작은 나무를 뭐/ 저기 뭐야 뿌리를 뽑아야 된다고. 그래서,
1845.789	1858.635	speaker#B	그런 기억도 나고 어/ 그렇지만 외할머니가 저를 키워주셨는데요. 이모 이모들 외할머니가 참 따뜻하게 저 뭐 부족함 없이 어/ 참 잘 따뜻하게 키워주셨던 것 같습니다.
1859.213	1870.609	speaker#A	가족의 n/ 사랑이 있었기 n/ 때문에 지금의 /os1 의원님도 이렇게 따뜻한 /oe 마음으로 /os1 국민들을 좀 /oe 보살필 수 있지 않을까라는 생각이 드는데요. 의원님께서는 법학을 어떻게 전공하게 되셨나요?
1861.699	1862.969	speaker#B	/os1 [네네네네.(BC/continuer)] /oe
1864.078	1864.873	speaker#B	/os1 [네네.(BC/continuer)] /oe
1871.359	1884.204	speaker#B	어/ 그/ 법학은 사실 어머니의 소원이었고요. 어머니는 판사가 되는 게 꿈이셨다고 합니다. 그래서 저에게 예/ 판사라는 직업에 대해서 어릴 때부터 많은 얘기를 해주셨어요.
1884.673	1893.880	speaker#B	어/ 그리고 성경에 나오는 그 판관들 이야기도 저에게도 많이 해주셨고 그래서 자연스럽게 법대에 갈 생각을 했던 것 같습니다.
1893.973	1910.148	speaker#B	근데 이제 사실은 제가 이제 교회를 열심히 다니면서 진정한 제 꿈은 사실 뭐/ 목사님이 되는 게 꿈이었습니다. 그게 왜냐하면 어머니가 아프시니까 약간 삶에 대한 삶이 뭘까? 왜 착하신 분이 저렇게 아파서 고통 속에 있을까?
1910.501	1921.946	speaker#B	그래서 이제 그/ 종교인이 되고 싶은 게 꿈이었는데 어/ 사실은 이제 저희 처도 저희 처도 저희 처는 이제 그때 성당을 다니는 아/ 아가씨였는데 수녀가 되고 싶어 했답니다.
1922.340	1941.473	speaker#B	그서 목사가 되고 싶어 했던 남자랑 수녀가 되고 싶어 했던 여자가 봉사활동 하면서 만나 갖고 거기서 그/ n/ 눈이 눈이 맞았다고 그래야 되나 거기서 이제 서로 사랑이 키워가면서 부부가 되었고 어느덧 세 자녀의 에/ 엄마 아빠가 되고 그렇습니다. 네.
1941.760	1947.290	speaker#A	/os2 의원님께서는 /oe 가정에서는 어떤 아빠이신지도 좀 궁금해요.
1942.930	1943.150	speaker#B	/os2 [네.(BC/continuer)] /oe
1947.890	1964.514	speaker#B	글쎄요, 아이들이 n/ 저를 어떻게 생각하는지는 모르지만 저희 아내의 말에 의하면 꼭 아들을 하나 더 키우는 것 같다라고 얘기를 하고요. 에/ 그/ 제가 판사도 했다가 옷을 벗을 때 또 변호사 했다가 청와대에 들어갈 때,
1964.989	1977.994	speaker#B	그런 많은 변화를 아내가 깜짝깜짝 놀랄 정도로 좀 전격적으로 결정도 하고 그런 면이 있어서 아내는 아들을 하나 더 키우는 것 같더라고 하고요.
1978.411	1992.376	speaker#B	어/ 아이들은 아빠를 좀 친구처럼 생각해 주셨으면 하는 그런 바램으로 아이들하고는 스스럼 없이 편하게 에/ 그리고 판사 시절에는 아무리 바빠도 주말에는 제가 이제 아이들 음식도 해주고,
1992.688	2009.765	speaker#B	n/ 어/ 같이 데리고 다니면서 체험도 할 수 있는 그런 시간은 꼭 가졌었는데, n/ 아/ 이 국회의원이라는 정치인으로 온 순간은 아이들과 시간을 그렇게 가질 수, 많이 갈 수 n/ 거의 못 갔는데 그거는 좀 많이 아쉽더라고요. 네.
2010.942	2020.881	speaker#A	네/ 가정에서도 정말 따뜻하실 것 같은데요. 어/ 의원님께서 아까 말씀해 /os2 주신 것처럼 /oe 굉장히 다양한 이력 변경? 이 활동들을 /os2 하셨어요. n/ /oe
2015.942	2016.177	speaker#B	/os2 [네.(BC/continuer)] /oe
2020.312	2020.482	speaker#B	/os2 [네.(BC/continuer)] /oe
2020.882	2033.695	speaker#A	근데 사실 한 가지 일을 하다가 다른 직종으로 변환을 하는 게 사실 요즘 친구들한테는 쉽지 않은 /os2 일이에요. /oe 네, 그럼 판사와 변호사 시절에 /os1 좀 기억에 /oe 남는 활동이 있다면 어떤 게 있을까요?
2027.771	2028.196	speaker#B	/os2 [네네.(BC/continuer)] /oe
2031.250	2031.500	speaker#B	/os1 [네.(BC/continuer)] /oe
2034.633	2047.163	speaker#B	어/ 제가 판사였을 때는 그런 생각으로 재판을 했었는데요. 특히 형사 재판을 했었는데요. 어/ 경제 가벼운 죄는 관용을 베풀고 그 경제에는 이제 생계형 범죄도 포함이 됩니다.
2047.567	2066.135	speaker#B	중죄 무거운 죄에 대해서는 엄벌을 처하고 어/ 그 중죄에는 부정부패가 들어가게 됩니다. 그/ 지방자치단체장 그/ 군수라든가 시장이 뇌물을 먹은 사건에 대해서는 법원에서 정한 형량보다 저의 저는 더 높게 선고를 했던 기억이 나고요.
2066.413	2080.913	speaker#B	가장 기억에 남는 것은 그/ 고등학생 남자 고등학생이 그/ 술에 쩌든 아버지를 그/ 때려서 돌아가시게 한 사건이 있었습니다. 어떻게 보면 정말 패륜이라고 볼 수도 있는데,
2081.232	2098.052	speaker#B	네. 그 속사정을 보니까 아버지가 어머니 돌아가시고 난 후에 그 곧 슬픔 속에서 거의 술로 계속 생활을 하셨고, 거의 경제활동도 포기하고 아이들 그/ 가르치는 거 키우는 거에도 소홀히 했던 것 같습니다.
2098.052	2117.147	speaker#B	그만큼 부부 간의 사랑이 깊었는지는 모르겠는데 그래서 그 아버지가 거의 돌아가시기 직 직전으로 몸무게도 한 제 기억에 (48kg)/(사십 팔 킬로) 정도 성인 남자가 그렇게 몸이 약한 상태에서 그날도 술을 먹고 아/ 남자 고등학생인 아/ 자기 아이들을 때린 겁니다.
2117.147	2136.927	speaker#B	그래서 아들이 n/ 순간적으로 그/ 참지를 못하고 아버지를 폭행을 해서 돌아가시게 한 사건인데, 어/ 정말 저희 재판부가 고민을 많이 했었구요. 어/ 그 아이의 성향이라든가 급우 관계 그다음에 그 친척들에 대해서 면밀하게 그/ 모든 상황을 조사해봐서,
2137.407	2149.312	speaker#B	어/ 이 학생은 아 비록 아버지를 때려서 돌아가기는 했지만 그것은 아버지로부터의 그런 받은 학대라든가 고통 때문에 우발적으로 한 것이고,
2149.737	2162.527	speaker#B	어/ 이 학생을 용서를 해주면 정말 다시 우리 사회의 건강한 구성원으로 돌아올 수 있다. 라고 저희 재판부가 어/ 확 확신을 해서 그 아이를 집행유예를 풀어줬습니다.
2163.101	2180.671	speaker#B	어/ 일반 그/ 형사에서는 상상할 수 없는 거죠. 그때 이제 집행유예 선고했을 때 그때 그 아이의 할머니 또 친척들 또 급우들 동 그 친구들이 그 법정에서 펑펑 울면서 그렇게 했던 그 생각이 나네요.
2181.180	2194.177	speaker#B	그래서 그 아이도 나중에 들어보니까 학교 잘 다니고 있고 졸업도 하고 그런 얘기를 그 선생님을 통해서 들었고요. 그래서 그생 그때 그 재판 광경이 좀 많이 기억이 납니다. /os1 아마 잘 /oe 살고 있을 것 /os2 같습니다. n/ /oe
2192.378	2192.743	speaker#A	/os1 [네.(BC/continuer)] /oe
2193.770	2210.038	speaker#A	/os2 네. /oe n/ 정말 이렇게 다양한 이력을 가지고 /os2 계신데, /oe 의원님께서는 판사 변호사 또 국회의원까지 /os1 정말 /oe 많은 변화를 겪고 /os2 오셨잖아요. /oe 이렇게 도전할 수 있었던 원동력이 있다면 어떤 걸까요?
2198.427	2198.777	speaker#B	/os2 [네.(BC/continuer)] /oe
2202.870	2203.140	speaker#B	/os1 [네.(BC/continuer)] /oe
2205.525	2205.890	speaker#B	/os2 [네.(BC/continuer)] /oe
2210.908	2216.453	speaker#B	어/ 글쎄요, 그 욕심이 없 없어서 그런 건가요?
2216.997	2218.001	speaker#A	음.
2218.750	2236.960	speaker#B	그니까 판사를 하면 대법관 하고 싶은 생각에, 요즘도 무리하게 재판하는 그런 경우가 있지 않습니까? 얼마 전에 사법 농단이라고 해서 어/ 정말 해서는 안 될 재판의 독립을 간섭하는 그걸 왜 했을까 대법관 되고 싶어서 그런 거거든요. 말을 잘 들어야 되니까.
2237.989	2246.959	speaker#B	어/ 예컨대 변호사 할 때도 욕심이 있으면 돈을 많이 벌고 싶으니까 형사 사건을 무리하게 막 몇천만 원씩 수임료를 받고,
2247.542	2262.477	speaker#B	어/ 막 이러는 분들 계시거든요. 근데 저는 그냥 욕심 없이 판사는 판사로서 만족하고 재판 받으러 오는 국민들 당사자만 보겠다라는 생각으로 생활을 n/ 해왔고 변호사도 그/
2263.541	2273.406	speaker#B	주 재판 받는 사람의 그런 궁박한 상태를 이용해서 돈을 버는 건 옳지 않다 라고 해서 어/ 비교적 적정한 규모의 수임료만 받고 그렇게 일을 해왔었고.
2273.926	2288.850	speaker#B	그 욕심 없이 했기 때문에 n/ 그/ 아까 말한 판사 하다 변호사 하다가 또 청와대도 어/ 욕심없이 가서 갈 수 있었고 그런 일들 내가 옳다고 생각하는 거를 그냥 꾸준하게 실천을 해왔던 거 같습니다.
2289.976	2308.901	speaker#A	네, 옳다고 생각하는 신념을 바탕으로 열심히 활동을 하셨기 /os2 때문에 이제 /oe 많은 분들께서 알아봐 주시고 또 (3관)/(삼 관)왕도 /os2 달성하시지 않았나 /oe n/ 이런 생각이 드는데요. /os1 그렇다면 /oe 우리 의원님께서의 최종 목표가 있다면 n/ 어/ 나는 국민들에게 이런 n/ 사람으로 기억되고 싶다. 이런 게 있을까요?
2294.336	2294.771	speaker#B	/os2 [네.(BC/continuer)] /oe
2299.136	2299.491	speaker#B	/os2 [네.(BC/continuer)] /oe
2300.886	2301.406	speaker#B	/os1 [네.(BC/continuer)] /oe
2309.822	2327.145	speaker#B	어/ n/ 저는 그/ 지금 김대중 대통령께서 우리나라의 이제 민주화의 씨를 또 싹을 또 틔워주셨고, n/ 노무현 대통령께서는 동서 화합의 그런 기초를 놓으셨잖아요. 지역 n/ 감정 지역 차별을
2327.856	2341.448	speaker#B	문재인 대통령께서는 아마 임기 내에 남북한의 평화 평화의 또 다리를 놓지 않으실까 싶습니다. 어/ 저는 마지막으로 진짜 우리 민족이 그/ 서로 공존하고 번영하는,
2341.962	2356.954	speaker#B	n/ 그래서 뭐/ 연합체든 아니면 또 단일된 국가든 간에 서로 정말 평화가 보장된 속에서 어/ 서로 번영할 수 n/ 있는 어/ 그래서 다시 제 (2)/(이)의 정말 한반도가 세계의 중심이 n/ 되는 그런 나라가 되는 꿈을 꾸고 n/ 있습니다.
2357.359	2373.405	speaker#B	그래서 이제 제가 지금 문화체육관광위원회에 온 것도 어/ 문화 예술 체육이 또 관광을 통해서 남북한의 교류에 얼마나 큰 힘을 갖고 있는가 저희가 뭐/ 평창올림픽이라든가 여러 가지 그/ 그/ 얼마 전에 경험들이 있지 않습니까?
2373.699	2389.235	speaker#B	거기에 쪼그마한 기여라도 하기 위해서 문체에 왔는데요. 저희가 빨리 남북한이 서로 소통하고 또 그 힘을 만주와 시베리아로 펄 펼쳐서 유럽까지 n/ 갈 수 있는 n/ 그런 토대에 기여를 n/ 하는 정치인이 되고 싶습니다.
2390.004	2397.564	speaker#A	네. 오늘 이렇게 김승원 의원님 만나서 이야기 나눠봤는데요. 김승원 의원님 시청자분들께 마지막으로 인사 부탁드립니다.
2397.822	2408.997	speaker#B	네. n/ 아/ 시청자 여러분 그/ 제가 최대한 솔직하게 말씀을 드릴려고 했는데요. 어떠셨는지 모르겠습니다. 아/ 여기는 이제 지방자치 (TV)/(티비)인데요.
2409.477	2429.333	speaker#B	n/ 어/ 제가 아까 말한 남북 공존 번영도 중요하고 또 지방에서 사시는 그/ 주민 여러분 또 시민 여러분이 우리 사회의 주역이 되고 또 핵심적인 이슈라든가 (agenda)/(아젠다)를 만들어낼 수 있는 집단 지성이 있으시고, 또 그거를 실행할 수 있는 힘을 드릴 수 있는,
2429.864	2440.889	speaker#B	n/ 지역 주민들 또 시민들이 주체가 되는 그런 사회 꼭 만들도록 하겠습니다. 어/ 오늘 좀 짧은 시간이었지만 정말 만나 뵐 수 있게 되어서 너무 감사드리고요.
2441.197	2453.322	speaker#B	n/ 어/ 제가 여러분들께 들려드리는 희망적인 정책 어/ 그런 법안들이 꼭 실현될 수 있도록 저도 최선을 다해서 노력을 하겠습니다. 네. 정말 고맙습니다.
2455.525	2459.065	speaker#A	네/ 오늘 /os2 귀한 시간 /oe 내주셔서 정말 감사합니다.
2456.690	2456.945	speaker#B	/os2 [네.(BC/continuer)] /oe
2459.185	2460.445	speaker#B	네. 고맙습니다.
2461.940	2477.310	speaker#A	지금까지 더불어민주당 김승원 의원 만나봤습니다. 앞으로도 다양한 활동 펼치시길 바라면서 인터뷰 여기서 n/ 마치겠습니다. n/ 저희 방송은 네이버 (TV)/(티비)와 유튜브에서 다시 시청 가능합니다. 지금까지 (The interview)/(더 인터뷰) 진행에 김도희였습니다. 고맙습니다.
